{
"type": "FeatureCollection",
"name": "parcel_candidates_wgs84",
"crs": { "type": "name", "properties": { "name": "urn:ogc:def:crs:OGC:1.3:CRS84" } },
"features": [
{ "type": "Feature", "properties": { "id": 0, "area_m2": 7.318718538316582, "status": "candidate - needs field verification" }, "geometry": { "type": "Polygon", "coordinates": [ [ [ 39.21088284236135, -6.803390175146498 ], [ 39.210883281745318, -6.803394547781179 ], [ 39.210954152556972, -6.803393642323572 ], [ 39.210900774319477, -6.803379672548208 ], [ 39.210888963598798, -6.803382301391571 ], [ 39.21088284236135, -6.803390175146498 ] ] ] } },
{ "type": "Feature", "properties": { "id": 1, "area_m2": 7.6669661801977416, "status": "candidate - needs field verification" }, "geometry": { "type": "Polygon", "coordinates": [ [ [ 39.210355677082582, -6.803376411565645 ], [ 39.210346929835694, -6.803381662759853 ], [ 39.210341549370824, -6.803381749340037 ], [ 39.210329956228428, -6.803391238848872 ], [ 39.21032985851803, -6.803393838935495 ], [ 39.210379849641647, -6.803395715917256 ], [ 39.210380002842626, -6.803391639207573 ], [ 39.210369084313612, -6.803380215772446 ], [ 39.210363552230433, -6.803377719989884 ], [ 39.210355677082582, -6.803376411565645 ] ] ] } },
{ "type": "Feature", "properties": { "id": 2, "area_m2": 11.02481292134973, "status": "candidate - needs field verification" }, "geometry": { "type": "Polygon", "coordinates": [ [ [ 39.212602126827427, -6.803393795614769 ], [ 39.212648061854949, -6.80339377542984 ], [ 39.212650685367237, -6.803390713298898 ], [ 39.212650681712674, -6.803382404931697 ], [ 39.212631864455822, -6.803369294723967 ], [ 39.212621801344014, -6.803366675450541 ], [ 39.212609120296818, -6.803379799499727 ], [ 39.212602126827427, -6.803393795614769 ] ] ] } },
{ "type": "Feature", "properties": { "id": 3, "area_m2": 6.9343222450193958, "status": "candidate - needs field verification" }, "geometry": { "type": "Polygon", "coordinates": [ [ [ 39.210214804704847, -6.803365103438361 ], [ 39.210210868176951, -6.803366854279069 ], [ 39.210210435263761, -6.803377349250404 ], [ 39.210205186686487, -6.803379975226355 ], [ 39.210203876918811, -6.803386097752246 ], [ 39.21019906486729, -6.803386537125307 ], [ 39.210195561632915, -6.803378667559675 ], [ 39.210191186677719, -6.803378232177504 ], [ 39.210175443226639, -6.803391357495198 ], [ 39.210175444747499, -6.803394855755632 ], [ 39.210222692211907, -6.803394835230871 ], [ 39.210219629305811, -6.803393524713656 ], [ 39.210220940024044, -6.803389588600491 ], [ 39.210213065066455, -6.803388717456462 ], [ 39.21021306164392, -6.803380846370518 ], [ 39.210210436404587, -6.803379972945738 ], [ 39.210219182321985, -6.803371660776064 ], [ 39.210214804704847, -6.803365103438361 ] ] ] } },
{ "type": "Feature", "properties": { "id": 4, "area_m2": 28.239691422387939, "status": "candidate - needs field verification" }, "geometry": { "type": "Polygon", "coordinates": [ [ [ 39.211043824358342, -6.80336867811209 ], [ 39.211043398144476, -6.803394477972157 ], [ 39.211168516040424, -6.803393548820004 ], [ 39.21116763860438, -6.803387864529012 ], [ 39.21115013648901, -6.803380875645035 ], [ 39.211127388666725, -6.803383071984132 ], [ 39.211098946394067, -6.803368654067259 ], [ 39.211083199914007, -6.80337478289325 ], [ 39.211056509457983, -6.803364737035748 ], [ 39.211043824358342, -6.80336867811209 ] ] ] } },
{ "type": "Feature", "properties": { "id": 5, "area_m2": 15.331453493295186, "status": "candidate - needs field verification" }, "geometry": { "type": "Polygon", "coordinates": [ [ [ 39.210137382389227, -6.803390499460553 ], [ 39.210124686067104, -6.803368640842254 ], [ 39.210110246681914, -6.803362525155448 ], [ 39.210096688711246, -6.803371276695248 ], [ 39.210077885582372, -6.803390525295287 ], [ 39.210077012529503, -6.803394898500727 ], [ 39.210134321954278, -6.803394873616018 ], [ 39.210137382389227, -6.803390499460553 ] ] ] } },
{ "type": "Feature", "properties": { "id": 6, "area_m2": 5.5614759867997705, "status": "candidate - needs field verification" }, "geometry": { "type": "Polygon", "coordinates": [ [ [ 39.211759282869465, -6.803350682077173 ], [ 39.211755816919933, -6.803354149525195 ], [ 39.211758038811432, -6.803376083327184 ], [ 39.211762409837235, -6.803375640935267 ], [ 39.211762601917307, -6.803377537088015 ], [ 39.21177597140975, -6.803376183960244 ], [ 39.211773486610753, -6.803351654828547 ], [ 39.21176390276554, -6.803350434924923 ], [ 39.211759282869465, -6.803350682077173 ] ] ] } },
{ "type": "Feature", "properties": { "id": 7, "area_m2": 29.303828383698516, "status": "candidate - needs field verification" }, "geometry": { "type": "Polygon", "coordinates": [ [ [ 39.211813818741923, -6.803349901122918 ], [ 39.211813255704534, -6.803393771872821 ], [ 39.211867929779189, -6.803394472934928 ], [ 39.211868492811618, -6.803350602185132 ], [ 39.211813818741923, -6.803349901122918 ] ] ] } },
{ "type": "Feature", "properties": { "id": 8, "area_m2": 19.760516474458743, "status": "candidate - needs field verification" }, "geometry": { "type": "Polygon", "coordinates": [ [ [ 39.210285238800786, -6.803365947399075 ], [ 39.210276543345714, -6.803374405322404 ], [ 39.210290807821984, -6.803396178860171 ], [ 39.210301437985599, -6.803394801012689 ], [ 39.210334712241121, -6.803369925615522 ], [ 39.210317471703029, -6.803343609370029 ], [ 39.210285238800786, -6.803365947399075 ] ] ] } },
{ "type": "Feature", "properties": { "id": 9, "area_m2": 6.3209238985453915, "status": "candidate - needs field verification" }, "geometry": { "type": "Polygon", "coordinates": [ [ [ 39.210234045303622, -6.803345854643108 ], [ 39.210231859062176, -6.80334847928879 ], [ 39.210230987722184, -6.803356788037453 ], [ 39.210236241243251, -6.803365531407612 ], [ 39.210246743721854, -6.803372523366509 ], [ 39.210250679488965, -6.803369023395295 ], [ 39.210254181012537, -6.803372957417534 ], [ 39.210260743920784, -6.803374703696289 ], [ 39.210262927499585, -6.803365957094741 ], [ 39.210255048358412, -6.803355465735237 ], [ 39.210243234971976, -6.803351972607197 ], [ 39.210238419688068, -6.803344978177233 ], [ 39.210234045303622, -6.803345854643108 ] ] ] } },
{ "type": "Feature", "properties": { "id": 10, "area_m2": 32.576709821056568, "status": "candidate - needs field verification" }, "geometry": { "type": "Polygon", "coordinates": [ [ [ 39.212124402532964, -6.803394005279539 ], [ 39.212207085585007, -6.803393969025157 ], [ 39.212210138322909, -6.803372103557296 ], [ 39.212163752962098, -6.803342825964993 ], [ 39.212124402532964, -6.803394005279539 ] ] ] } },
{ "type": "Feature", "properties": { "id": 11, "area_m2": 25.198404013613526, "status": "candidate - needs field verification" }, "geometry": { "type": "Polygon", "coordinates": [ [ [ 39.21254829299977, -6.803338721661 ], [ 39.212535603300424, -6.803332167996341 ], [ 39.212518981696164, -6.803337859970282 ], [ 39.212511985533631, -6.803345734129271 ], [ 39.212514614813195, -6.803355790473714 ], [ 39.212480508372941, -6.803393849035717 ], [ 39.212546567317766, -6.803393820023095 ], [ 39.21252642956005, -6.803362344523202 ], [ 39.212540425153051, -6.803354030007013 ], [ 39.21254829299977, -6.803338721661 ] ] ] } },
{ "type": "Feature", "properties": { "id": 12, "area_m2": 5.8122064036785659, "status": "candidate - needs field verification" }, "geometry": { "type": "Polygon", "coordinates": [ [ [ 39.210651276945413, -6.803329610540371 ], [ 39.210646985296137, -6.803347309219824 ], [ 39.210668095142211, -6.803352423485476 ], [ 39.210674639079471, -6.803348494987815 ], [ 39.210676997421814, -6.803338769226885 ], [ 39.21067483772709, -6.803335318592205 ], [ 39.210651276945413, -6.803329610540371 ] ] ] } },
{ "type": "Feature", "properties": { "id": 13, "area_m2": 5.138492090929212, "status": "candidate - needs field verification" }, "geometry": { "type": "Polygon", "coordinates": [ [ [ 39.211877674890097, -6.803319750444047 ], [ 39.211876761337301, -6.803326772260315 ], [ 39.211879026003857, -6.803339904057372 ], [ 39.211900139360203, -6.803336403412393 ], [ 39.211897131416258, -6.803318277753101 ], [ 39.211888569175706, -6.80331758415544 ], [ 39.211877674890097, -6.803319750444047 ] ] ] } },
{ "type": "Feature", "properties": { "id": 14, "area_m2": 174.80100267482425, "status": "candidate - needs field verification" }, "geometry": { "type": "Polygon", "coordinates": [ [ [ 39.210460668206316, -6.803368932106529 ], [ 39.210466366632524, -6.80339472930308 ], [ 39.210808033498516, -6.803389333178864 ], [ 39.210705648559674, -6.803353957881425 ], [ 39.210642655567767, -6.803362293677754 ], [ 39.21050745191485, -6.803308566752982 ], [ 39.210460668206316, -6.803368932106529 ] ] ] } },
{ "type": "Feature", "properties": { "id": 15, "area_m2": 106.80491982461915, "status": "candidate - needs field verification" }, "geometry": { "type": "Polygon", "coordinates": [ [ [ 39.212483986851019, -6.803345309142552 ], [ 39.212453790025044, -6.803320397295113 ], [ 39.212435853877302, -6.803321279735068 ], [ 39.21241222342762, -6.803305985218732 ], [ 39.212360192742715, -6.803372037725484 ], [ 39.212327374903701, -6.803355872671896 ], [ 39.212294580493634, -6.803393056080354 ], [ 39.212454697261975, -6.803393860369323 ], [ 39.212483986851019, -6.803345309142552 ] ] ] } },
{ "type": "Feature", "properties": { "id": 16, "area_m2": 45.757179783673138, "status": "candidate - needs field verification" }, "geometry": { "type": "Polygon", "coordinates": [ [ [ 39.212158055022329, -6.803318340638659 ], [ 39.212126112913595, -6.80330392431743 ], [ 39.212069280498021, -6.803394029441276 ], [ 39.21212046486103, -6.803393132440583 ], [ 39.212158055022329, -6.803318340638659 ] ] ] } },
{ "type": "Feature", "properties": { "id": 17, "area_m2": 20.289775464423816, "status": "candidate - needs field verification" }, "geometry": { "type": "Polygon", "coordinates": [ [ [ 39.211707491304857, -6.803294806157671 ], [ 39.211702305514457, -6.803299561869178 ], [ 39.211703436135238, -6.803345667272498 ], [ 39.211711404252448, -6.803347396919409 ], [ 39.211733189237926, -6.803346789324006 ], [ 39.211735461434586, -6.803338203458519 ], [ 39.211734583044276, -6.803295533927864 ], [ 39.211727130231637, -6.803294478844487 ], [ 39.211707491304857, -6.803294806157671 ] ] ] } },
{ "type": "Feature", "properties": { "id": 18, "area_m2": 58.680747368460061, "status": "candidate - needs field verification" }, "geometry": { "type": "Polygon", "coordinates": [ [ [ 39.212292184119065, -6.803288754729095 ], [ 39.212273981031707, -6.803316974716666 ], [ 39.212254509395841, -6.80330442581631 ], [ 39.212218884620327, -6.803359654384569 ], [ 39.21226359358122, -6.803388468002415 ], [ 39.212294120550531, -6.803341894220408 ], [ 39.212307679246848, -6.803334891750265 ], [ 39.212323582561375, -6.803308990104234 ], [ 39.212292184119065, -6.803288754729095 ] ] ] } },
{ "type": "Feature", "properties": { "id": 19, "area_m2": 247.86083485588534, "status": "candidate - needs field verification" }, "geometry": { "type": "Polygon", "coordinates": [ [ [ 39.211335594402556, -6.803307331202645 ], [ 39.211346125569712, -6.803379915515529 ], [ 39.211368420619252, -6.803342736755592 ], [ 39.211418730218782, -6.803342277493977 ], [ 39.211389423886146, -6.803352785080334 ], [ 39.211386379715151, -6.803394328257589 ], [ 39.211522872378886, -6.803394268609678 ], [ 39.211563983112519, -6.803366701832823 ], [ 39.211537724575422, -6.8033439746179 ], [ 39.211639216811641, -6.803338682846404 ], [ 39.211640553169858, -6.803393342586534 ], [ 39.211669863902543, -6.803392892482864 ], [ 39.211669396750182, -6.803325113884791 ], [ 39.211639216428786, -6.803337808281389 ], [ 39.211548205066627, -6.803300679058557 ], [ 39.211438407669945, -6.803321716613624 ], [ 39.211424830984598, -6.803287614502875 ], [ 39.211335594402556, -6.803307331202645 ] ] ] } },
{ "type": "Feature", "properties": { "id": 20, "area_m2": 55.898860951404636, "status": "candidate - needs field verification" }, "geometry": { "type": "Polygon", "coordinates": [ [ [ 39.210194302658714, -6.803284666049704 ], [ 39.210178463738458, -6.80329515400292 ], [ 39.210129844370158, -6.803349591265164 ], [ 39.210143494135231, -6.803360761586915 ], [ 39.21017220109443, -6.803377979737563 ], [ 39.210194239887358, -6.803357241284648 ], [ 39.210228120390276, -6.803318023476669 ], [ 39.210208650182686, -6.803296452738071 ], [ 39.210194302658714, -6.803284666049704 ] ] ] } },
{ "type": "Feature", "properties": { "id": 21, "area_m2": 5.2027184032105076, "status": "candidate - needs field verification" }, "geometry": { "type": "Polygon", "coordinates": [ [ [ 39.210506816714513, -6.803279241811332 ], [ 39.210501407611027, -6.803283030013115 ], [ 39.210497703316044, -6.803295532164099 ], [ 39.210505698391451, -6.803300259145874 ], [ 39.210512698395114, -6.803301130665822 ], [ 39.210519957435537, -6.803300728781181 ], [ 39.210524750836264, -6.803284550849941 ], [ 39.210506816714513, -6.803279241811332 ] ] ] } },
{ "type": "Feature", "properties": { "id": 22, "area_m2": 120.88947857355704, "status": "candidate - needs field verification" }, "geometry": { "type": "Polygon", "coordinates": [ [ [ 39.211784857384174, -6.803249413474616 ], [ 39.211752176041315, -6.803254841130795 ], [ 39.211752038460048, -6.803283528243849 ], [ 39.211744131090903, -6.803290606355921 ], [ 39.211743906151888, -6.803337508321441 ], [ 39.211866835722923, -6.803338097346019 ], [ 39.211867151266318, -6.803272300007301 ], [ 39.211843200228472, -6.803272185246773 ], [ 39.211843303315582, -6.803250689677644 ], [ 39.211784857384174, -6.803249413474616 ] ] ] } },
{ "type": "Feature", "properties": { "id": 23, "area_m2": 137.2294777457013, "status": "candidate - needs field verification" }, "geometry": { "type": "Polygon", "coordinates": [ [ [ 39.210510911740926, -6.803216735895512 ], [ 39.210479411159, -6.803211502207025 ], [ 39.210449693604112, -6.803282354918946 ], [ 39.210408152185956, -6.803325663964958 ], [ 39.210363513604527, -6.803288951632231 ], [ 39.210348203451836, -6.803292456549055 ], [ 39.210341216005311, -6.803320445675082 ], [ 39.210385859535791, -6.80336852735605 ], [ 39.210425675987281, -6.803382503086616 ], [ 39.210479896991544, -6.803322571783903 ], [ 39.210513982072541, -6.803235100430254 ], [ 39.210510911740926, -6.803216735895512 ] ] ] } },
{ "type": "Feature", "properties": { "id": 24, "area_m2": 113.41008121550877, "status": "candidate - needs field verification" }, "geometry": { "type": "Polygon", "coordinates": [ [ [ 39.210748745658641, -6.803200334228358 ], [ 39.210733164784244, -6.803251184482157 ], [ 39.210733145393036, -6.803238611753792 ], [ 39.210724702752806, -6.803236402407928 ], [ 39.210707072392267, -6.803303714142026 ], [ 39.210791820937757, -6.803329869805504 ], [ 39.210830500413991, -6.803337375906418 ], [ 39.210852423878727, -6.803325410555508 ], [ 39.210859852966202, -6.803297046682097 ], [ 39.210832486223886, -6.803283937413616 ], [ 39.210759216326267, -6.803267565099298 ], [ 39.210775024312007, -6.803207211060881 ], [ 39.210748745658641, -6.803200334228358 ] ] ] } },
{ "type": "Feature", "properties": { "id": 25, "area_m2": 52.635636796483972, "status": "candidate - needs field verification" }, "geometry": { "type": "Polygon", "coordinates": [ [ [ 39.212174186971311, -6.803198318742393 ], [ 39.212137690428612, -6.803245912342807 ], [ 39.212138535293192, -6.80325724548559 ], [ 39.212174414012864, -6.803284734246829 ], [ 39.212191198855557, -6.803262845841849 ], [ 39.212211765984399, -6.803278603505199 ], [ 39.212225314124282, -6.803276815600054 ], [ 39.212238941617336, -6.803259044557532 ], [ 39.212192575544741, -6.803226933441829 ], [ 39.212186880675802, -6.803209444635729 ], [ 39.212174186971311, -6.803198318742393 ] ] ] } },
{ "type": "Feature", "properties": { "id": 26, "area_m2": 183.05129814941532, "status": "candidate - needs field verification" }, "geometry": { "type": "Polygon", "coordinates": [ [ [ 39.210549408898117, -6.803214970015552 ], [ 39.210527876174758, -6.803298774021392 ], [ 39.210567388281454, -6.803313350783362 ], [ 39.210614496146299, -6.803319073327318 ], [ 39.210629382225036, -6.8032726787688 ], [ 39.210650935801524, -6.803289263874722 ], [ 39.210688552022027, -6.803301822920115 ], [ 39.21071120881416, -6.803231209797087 ], [ 39.210665954333841, -6.803216702393443 ], [ 39.210639725454392, -6.803227564290586 ], [ 39.210644111996722, -6.803213893010434 ], [ 39.210567003712811, -6.803189174094002 ], [ 39.210549408898117, -6.803214970015552 ] ] ] } },
{ "type": "Feature", "properties": { "id": 27, "area_m2": 124.6145026363218, "status": "candidate - needs field verification" }, "geometry": { "type": "Polygon", "coordinates": [ [ [ 39.210951876449492, -6.803190306898831 ], [ 39.210936140657388, -6.803220923541986 ], [ 39.210951018287545, -6.803228788143404 ], [ 39.210957173486115, -6.803298750678818 ], [ 39.210937051669781, -6.803303569559714 ], [ 39.210920451031676, -6.803357362558082 ], [ 39.211014522405186, -6.803389243174213 ], [ 39.211022383048387, -6.803357318115359 ], [ 39.210974688381363, -6.803335037499664 ], [ 39.211006181341482, -6.803322779854216 ], [ 39.210988212746699, -6.803249324209943 ], [ 39.210993436317771, -6.803189414213668 ], [ 39.210951876449492, -6.803190306898831 ] ] ] } },
{ "type": "Feature", "properties": { "id": 28, "area_m2": 236.45508148171686, "status": "candidate - needs field verification" }, "geometry": { "type": "Polygon", "coordinates": [ [ [ 39.211894899045909, -6.803221993410989 ], [ 39.21189947829464, -6.803254173402503 ], [ 39.211919807795987, -6.803322106754141 ], [ 39.212100388019046, -6.803273328264789 ], [ 39.212073468186524, -6.803173758158326 ], [ 39.211894899045909, -6.803221993410989 ] ] ] } },
{ "type": "Feature", "properties": { "id": 29, "area_m2": 6.4965096628871688, "status": "candidate - needs field verification" }, "geometry": { "type": "Polygon", "coordinates": [ [ [ 39.210534654261203, -6.80316916175516 ], [ 39.210533115115993, -6.803175052609576 ], [ 39.210537143373898, -6.803177806328801 ], [ 39.210532872406155, -6.803177978841279 ], [ 39.210529456846608, -6.803191051398028 ], [ 39.21054042999269, -6.803193915890251 ], [ 39.210550164014649, -6.803186611987579 ], [ 39.210560979181977, -6.803189435239663 ], [ 39.21056425710858, -6.803176889449579 ], [ 39.210534654261203, -6.80316916175516 ] ] ] } },
{ "type": "Feature", "properties": { "id": 30, "area_m2": 106.55390774451151, "status": "candidate - needs field verification" }, "geometry": { "type": "Polygon", "coordinates": [ [ [ 39.210367013961672, -6.803150726995685 ], [ 39.210355157981795, -6.803188817541385 ], [ 39.210353913752925, -6.803233963575105 ], [ 39.210351460911824, -6.803233377379097 ], [ 39.210346850358924, -6.803252652390396 ], [ 39.210361984570973, -6.803256269263113 ], [ 39.210377937270273, -6.803247448148102 ], [ 39.210435172224841, -6.803261126524408 ], [ 39.210457095296654, -6.80320101713022 ], [ 39.210459356834527, -6.803179898697524 ], [ 39.210417799561043, -6.803169967074959 ], [ 39.210419406714806, -6.803163248156096 ], [ 39.210367013961672, -6.803150726995685 ] ] ] } },
{ "type": "Feature", "properties": { "id": 31, "area_m2": 6.5510943245633717, "status": "candidate - needs field verification" }, "geometry": { "type": "Polygon", "coordinates": [ [ [ 39.211986052401919, -6.803148750378368 ], [ 39.211963745139272, -6.803157943084802 ], [ 39.211953686252677, -6.803164944012396 ], [ 39.21195193826469, -6.803169317603955 ], [ 39.211963313222824, -6.803170624469163 ], [ 39.211969440191275, -6.803175869176361 ], [ 39.211977314572479, -6.803175428444294 ], [ 39.211980812081855, -6.803170179521024 ], [ 39.211986061605344, -6.803169739938705 ], [ 39.211986052401919, -6.803148750378368 ] ] ] } },
{ "type": "Feature", "properties": { "id": 32, "area_m2": 11.648839992168199, "status": "candidate - needs field verification" }, "geometry": { "type": "Polygon", "coordinates": [ [ [ 39.21071343260612, -6.803146245245086 ], [ 39.210706492818176, -6.803147181907135 ], [ 39.210704353621971, -6.803161996836706 ], [ 39.210698978082988, -6.803166547373237 ], [ 39.210698533460743, -6.803169626588871 ], [ 39.21071398741676, -6.803171856080851 ], [ 39.210713271109547, -6.803176816842253 ], [ 39.210728347116039, -6.803178991808167 ], [ 39.210729663354158, -6.803169876243598 ], [ 39.210741373878101, -6.803171565682078 ], [ 39.21074282483351, -6.803161517135202 ], [ 39.210733570784797, -6.803148755103198 ], [ 39.21071343260612, -6.803146245245086 ] ] ] } },
{ "type": "Feature", "properties": { "id": 33, "area_m2": 44.238237347053413, "status": "candidate - needs field verification" }, "geometry": { "type": "Polygon", "coordinates": [ [ [ 39.21165613918496, -6.803138713580538 ], [ 39.211668016738059, -6.803170753731233 ], [ 39.211667587494155, -6.803189557070781 ], [ 39.211676146242453, -6.803222818500704 ], [ 39.211697351200442, -6.803224526658141 ], [ 39.211710153939428, -6.803222419916227 ], [ 39.211715862029052, -6.803211812754419 ], [ 39.211695261437001, -6.8031289911463 ], [ 39.21165613918496, -6.803138713580538 ] ] ] } },
{ "type": "Feature", "properties": { "id": 34, "area_m2": 107.17144777766732, "status": "candidate - needs field verification" }, "geometry": { "type": "Polygon", "coordinates": [ [ [ 39.210214978660574, -6.803119610796685 ], [ 39.210158321782394, -6.803164359434556 ], [ 39.210217429497447, -6.803239130263162 ], [ 39.210266150130487, -6.803200649813661 ], [ 39.210263048973339, -6.803218363820629 ], [ 39.210229918771354, -6.803244530661677 ], [ 39.210248202295197, -6.803267659178201 ], [ 39.210287611448507, -6.803236533104691 ], [ 39.210278170325616, -6.8032076541567 ], [ 39.210259343057821, -6.803171367878963 ], [ 39.210214978660574, -6.803119610796685 ] ] ] } },
{ "type": "Feature", "properties": { "id": 35, "area_m2": 114.56501442962397, "status": "candidate - needs field verification" }, "geometry": { "type": "Polygon", "coordinates": [ [ [ 39.211760234855944, -6.803118343743725 ], [ 39.211758645915239, -6.803214187572481 ], [ 39.211807152393639, -6.803212234695495 ], [ 39.211864784867679, -6.8032209122505 ], [ 39.211864250944188, -6.803253118580631 ], [ 39.211880232946783, -6.803253383298717 ], [ 39.211881516850504, -6.803197334530684 ], [ 39.211877971149221, -6.803186164933454 ], [ 39.211839457287731, -6.803185527007331 ], [ 39.211840405018428, -6.803128359959787 ], [ 39.211800111776675, -6.803118659301692 ], [ 39.211760234855944, -6.803118343743725 ] ] ] } },
{ "type": "Feature", "properties": { "id": 36, "area_m2": 8.9046509528641575, "status": "candidate - needs field verification" }, "geometry": { "type": "Polygon", "coordinates": [ [ [ 39.212216564954197, -6.803123803765868 ], [ 39.212214103309073, -6.803131196241091 ], [ 39.212225413536054, -6.803151550439093 ], [ 39.212248659396636, -6.803138644837571 ], [ 39.212237491010583, -6.803118545902152 ], [ 39.212230048846791, -6.803116317799038 ], [ 39.212216564954197, -6.803123803765868 ] ] ] } },
{ "type": "Feature", "properties": { "id": 37, "area_m2": 51.879479445745098, "status": "candidate - needs field verification" }, "geometry": { "type": "Polygon", "coordinates": [ [ [ 39.210257131333982, -6.803115396662204 ], [ 39.210252761515704, -6.803126767909553 ], [ 39.210257579650161, -6.803140321577836 ], [ 39.210267642555749, -6.803142503618457 ], [ 39.210268083835714, -6.803151249079466 ], [ 39.210295659678913, -6.803185345141681 ], [ 39.210318848587619, -6.803191457020235 ], [ 39.210334588413666, -6.803170023329563 ], [ 39.210332382198132, -6.803126733307505 ], [ 39.210299125822054, -6.80310794460841 ], [ 39.210275950801481, -6.803133754355379 ], [ 39.210277696712581, -6.803124570661265 ], [ 39.210269817955563, -6.803114953866904 ], [ 39.210257131333982, -6.803115396662204 ] ] ] } },
{ "type": "Feature", "properties": { "id": 38, "area_m2": 143.63778702800568, "status": "candidate - needs field verification" }, "geometry": { "type": "Polygon", "coordinates": [ [ [ 39.211096120808307, -6.80313559143504 ], [ 39.211124954652284, -6.80319709312998 ], [ 39.211118676827347, -6.803220665869249 ], [ 39.211139483193513, -6.803265045190819 ], [ 39.211184201776419, -6.803248364147637 ], [ 39.211222651245343, -6.80322867709317 ], [ 39.21118283815602, -6.803131173002528 ], [ 39.211167974224153, -6.80310193421932 ], [ 39.211096120808307, -6.80313559143504 ] ] ] } },
{ "type": "Feature", "properties": { "id": 39, "area_m2": 33.546632281258063, "status": "candidate - needs field verification" }, "geometry": { "type": "Polygon", "coordinates": [ [ [ 39.209567126423238, -6.803070708993794 ], [ 39.209542764080382, -6.80308255044203 ], [ 39.209538108255757, -6.803092800506689 ], [ 39.209566015212445, -6.803150164853471 ], [ 39.209574245081384, -6.803148489102107 ], [ 39.209589991195664, -6.803141485759648 ], [ 39.209600551052979, -6.803133367636916 ], [ 39.209573339420935, -6.803077649703713 ], [ 39.209567126423238, -6.803070708993794 ] ] ] } },
{ "type": "Feature", "properties": { "id": 40, "area_m2": 5.0999690974300709, "status": "candidate - needs field verification" }, "geometry": { "type": "Polygon", "coordinates": [ [ [ 39.209298591269636, -6.803047596114226 ], [ 39.20929860925358, -6.803089137959789 ], [ 39.209311733163069, -6.803088257717794 ], [ 39.209315235434396, -6.803093940877497 ], [ 39.209316984203561, -6.80309131642505 ], [ 39.209315229565462, -6.803080385117402 ], [ 39.209303416002584, -6.803076454683377 ], [ 39.209304289440624, -6.803072956044254 ], [ 39.20931085006994, -6.803069454945142 ], [ 39.209311723129282, -6.803065081740829 ], [ 39.209308220290275, -6.803058086733328 ], [ 39.209299905969992, -6.803052842937588 ], [ 39.209298591269636, -6.803047596114226 ] ] ] } },
{ "type": "Feature", "properties": { "id": 41, "area_m2": 54.164960464645475, "status": "candidate - needs field verification" }, "geometry": { "type": "Polygon", "coordinates": [ [ [ 39.210265823340336, -6.803051165091626 ], [ 39.210266769595862, -6.803071711608431 ], [ 39.21028231677434, -6.803070996227478 ], [ 39.210283408899173, -6.803094710057654 ], [ 39.210348325982544, -6.803091722986354 ], [ 39.210359771868013, -6.803104982669914 ], [ 39.210371479832354, -6.803104443942651 ], [ 39.210368807862125, -6.803046426398443 ], [ 39.210265823340336, -6.803051165091626 ] ] ] } },
{ "type": "Feature", "properties": { "id": 42, "area_m2": 85.237507363708403, "status": "candidate - needs field verification" }, "geometry": { "type": "Polygon", "coordinates": [ [ [ 39.211985387058441, -6.803081938529898 ], [ 39.21202308158702, -6.80314755594946 ], [ 39.21204530597926, -6.803134800246016 ], [ 39.212052908751481, -6.803148034903043 ], [ 39.212100966920637, -6.803120451881606 ], [ 39.212055669612937, -6.803041599811348 ], [ 39.211985387058441, -6.803081938529898 ] ] ] } },
{ "type": "Feature", "properties": { "id": 43, "area_m2": 95.15606283470828, "status": "candidate - needs field verification" }, "geometry": { "type": "Polygon", "coordinates": [ [ [ 39.210398418238356, -6.803046301450681 ], [ 39.210401436387251, -6.80312623592685 ], [ 39.210439561791645, -6.803121876599064 ], [ 39.210499116961671, -6.803120353846312 ], [ 39.210500790572176, -6.803080745399918 ], [ 39.210498752630542, -6.803042516389668 ], [ 39.210398418238356, -6.803046301450681 ] ] ] } },
{ "type": "Feature", "properties": { "id": 44, "area_m2": 149.40757484300994, "status": "candidate - needs field verification" }, "geometry": { "type": "Polygon", "coordinates": [ [ [ 39.210089588486433, -6.803031869548139 ], [ 39.210033203565565, -6.803089385499804 ], [ 39.210033211510364, -6.803107673251095 ], [ 39.210114465047646, -6.803187258439026 ], [ 39.210121437753088, -6.803187504322347 ], [ 39.210183672215507, -6.803124021480622 ], [ 39.210089588486433, -6.803031869548139 ] ] ] } },
{ "type": "Feature", "properties": { "id": 45, "area_m2": 4.8629288538172686, "status": "candidate - needs field verification" }, "geometry": { "type": "Polygon", "coordinates": [ [ [ 39.211761559570554, -6.803038252454859 ], [ 39.211763365610764, -6.803059708583411 ], [ 39.211781789713733, -6.803058159132075 ], [ 39.21177998367272, -6.803036703003617 ], [ 39.211761559570554, -6.803038252454859 ] ] ] } },
{ "type": "Feature", "properties": { "id": 46, "area_m2": 80.018752174057099, "status": "candidate - needs field verification" }, "geometry": { "type": "Polygon", "coordinates": [ [ [ 39.211692016471325, -6.803030375517686 ], [ 39.211663320962025, -6.803037278002162 ], [ 39.211666554089319, -6.803086053315495 ], [ 39.211643273939124, -6.803087595100346 ], [ 39.211645057089491, -6.80311449591671 ], [ 39.211699500349901, -6.803110890276859 ], [ 39.211700794141478, -6.803094652219936 ], [ 39.211704656349369, -6.80310356366962 ], [ 39.211724972095901, -6.803102218207132 ], [ 39.211723272869513, -6.80307658354104 ], [ 39.211757312796202, -6.80307432915763 ], [ 39.211754287459655, -6.803028688726928 ], [ 39.211692016471325, -6.803030375517686 ] ] ] } },
{ "type": "Feature", "properties": { "id": 47, "area_m2": 355.19419550146887, "status": "candidate - needs field verification" }, "geometry": { "type": "Polygon", "coordinates": [ [ [ 39.211376009589053, -6.803052874492867 ], [ 39.211407038092929, -6.803121393371794 ], [ 39.211336264362181, -6.803153414597285 ], [ 39.211396057239675, -6.80328545255461 ], [ 39.211452036725269, -6.803260124911735 ], [ 39.211426346619902, -6.803203394616765 ], [ 39.211468023839174, -6.803219646581153 ], [ 39.211558122180932, -6.803178882003864 ], [ 39.2115163203826, -6.803086573016715 ], [ 39.211487315893613, -6.80309969596527 ], [ 39.211450791119368, -6.803019039943795 ], [ 39.211376009589053, -6.803052874492867 ] ] ] } },
{ "type": "Feature", "properties": { "id": 48, "area_m2": 11.050589301609744, "status": "candidate - needs field verification" }, "geometry": { "type": "Polygon", "coordinates": [ [ [ 39.211204311234788, -6.803009016960339 ], [ 39.211207287922328, -6.803019217982171 ], [ 39.211213341960523, -6.803032772648894 ], [ 39.211246157861275, -6.803017644415793 ], [ 39.211235535313456, -6.802994622562323 ], [ 39.211204311234788, -6.803009016960339 ] ] ] } },
{ "type": "Feature", "properties": { "id": 49, "area_m2": 203.89765054181979, "status": "candidate - needs field verification" }, "geometry": { "type": "Polygon", "coordinates": [ [ [ 39.210688513620759, -6.803036949994736 ], [ 39.210607869181366, -6.803036641557257 ], [ 39.210585736810707, -6.80306188345256 ], [ 39.210585463547069, -6.803133265714601 ], [ 39.210661864018405, -6.80313355792368 ], [ 39.210661829960394, -6.803142454970601 ], [ 39.210733178208294, -6.803142727845495 ], [ 39.210734414694443, -6.803107755236719 ], [ 39.210729040082413, -6.803087439405318 ], [ 39.210743062020754, -6.803087493031843 ], [ 39.210743258749915, -6.803036098853711 ], [ 39.210688729775107, -6.802980482823363 ], [ 39.210688513620759, -6.803036949994736 ] ] ] } },
{ "type": "Feature", "properties": { "id": 50, "area_m2": 49.946982572156145, "status": "candidate - needs field verification" }, "geometry": { "type": "Polygon", "coordinates": [ [ [ 39.211976356218678, -6.802985210936204 ], [ 39.211955363116964, -6.80299833860978 ], [ 39.211976373857361, -6.803025440927156 ], [ 39.211967192418264, -6.803038126144315 ], [ 39.211968513282351, -6.803057365999844 ], [ 39.211935272377829, -6.803073997298295 ], [ 39.211935280812185, -6.803093237728736 ], [ 39.211928718860868, -6.803093677885284 ], [ 39.211946226343713, -6.803112910651403 ], [ 39.211944482573216, -6.803126904458147 ], [ 39.211966796736746, -6.803133453922924 ], [ 39.211974229998219, -6.803124705014906 ], [ 39.211973778717756, -6.803093220865935 ], [ 39.211986028243075, -6.803093652782367 ], [ 39.211985981459833, -6.802986955850087 ], [ 39.211976356218678, -6.802985210936204 ] ] ] } },
{ "type": "Feature", "properties": { "id": 51, "area_m2": 416.63067130592685, "status": "candidate - needs field verification" }, "geometry": { "type": "Polygon", "coordinates": [ [ [ 39.209685283462498, -6.802962595869391 ], [ 39.209604363266692, -6.802992366147909 ], [ 39.20967525849165, -6.803047870331512 ], [ 39.209613154499635, -6.803088564524736 ], [ 39.209639851738821, -6.803114352636038 ], [ 39.209719018064028, -6.803075400175554 ], [ 39.209670036654188, -6.803112153144619 ], [ 39.209678359703219, -6.803137511932178 ], [ 39.209656038740583, -6.803115220188285 ], [ 39.209572938528652, -6.803162045430372 ], [ 39.209606202844462, -6.803199200048184 ], [ 39.209644696592598, -6.803189563153815 ], [ 39.20962895692427, -6.803211434105561 ], [ 39.209673165364549, -6.80326520071792 ], [ 39.209737457703952, -6.803226691981503 ], [ 39.209679672511434, -6.803138385928628 ], [ 39.209703747933702, -6.803171171694702 ], [ 39.209746174790695, -6.803151912869507 ], [ 39.209793446711117, -6.803208301838781 ], [ 39.209839810475032, -6.803188166733216 ], [ 39.209685283462498, -6.802962595869391 ] ] ] } },
{ "type": "Feature", "properties": { "id": 52, "area_m2": 58.519579902425377, "status": "candidate - needs field verification" }, "geometry": { "type": "Polygon", "coordinates": [ [ [ 39.212139086774584, -6.802961089081137 ], [ 39.212115054880314, -6.802974117780729 ], [ 39.212141738493393, -6.803022307481225 ], [ 39.212156219633847, -6.803059864167215 ], [ 39.212166476792021, -6.803063656319717 ], [ 39.212174627675267, -6.803079112192997 ], [ 39.212190109891587, -6.803082469293201 ], [ 39.212206963445283, -6.803073589189057 ], [ 39.212159915347627, -6.802984375610975 ], [ 39.212173169099678, -6.802977392234983 ], [ 39.212162727556908, -6.802957592760836 ], [ 39.212139086774584, -6.802961089081137 ] ] ] } },
{ "type": "Feature", "properties": { "id": 53, "area_m2": 38.456224668136336, "status": "candidate - needs field verification" }, "geometry": { "type": "Polygon", "coordinates": [ [ [ 39.212156015347631, -6.80294076799782 ], [ 39.212158568667007, -6.802947593404323 ], [ 39.212171968057049, -6.802942585254705 ], [ 39.212177412835359, -6.802957139963785 ], [ 39.212210482168345, -6.802967961512994 ], [ 39.212205765859565, -6.802976350963587 ], [ 39.212219281273647, -6.803012479680222 ], [ 39.212250707396592, -6.803000733863764 ], [ 39.212245403250733, -6.802983343873152 ], [ 39.212227730555675, -6.802943260209577 ], [ 39.212211195672793, -6.802949440281584 ], [ 39.212201580532657, -6.802923737574195 ], [ 39.212156015347631, -6.80294076799782 ] ] ] } },
{ "type": "Feature", "properties": { "id": 54, "area_m2": 11.23745768253379, "status": "candidate - needs field verification" }, "geometry": { "type": "Polygon", "coordinates": [ [ [ 39.211758899184396, -6.802913591799305 ], [ 39.211730469369591, -6.802927597282718 ], [ 39.211729597481472, -6.80293459418586 ], [ 39.211731789649335, -6.802945525291737 ], [ 39.211744039362387, -6.802946394496939 ], [ 39.21174885408891, -6.802952077063926 ], [ 39.211758040320433, -6.80295032391367 ], [ 39.211761982584882, -6.802961691536151 ], [ 39.211761977030527, -6.802949010343144 ], [ 39.211759789267099, -6.802948136735325 ], [ 39.211761975689825, -6.802945949365526 ], [ 39.21176196170822, -6.802914027741729 ], [ 39.211758899184396, -6.802913591799305 ] ] ] } },
{ "type": "Feature", "properties": { "id": 55, "area_m2": 149.59489820608297, "status": "candidate - needs field verification" }, "geometry": { "type": "Polygon", "coordinates": [ [ [ 39.210137603934569, -6.802905491096275 ], [ 39.210136486646292, -6.802939987947854 ], [ 39.210158871833364, -6.802940712320167 ], [ 39.210155377591406, -6.803048598979289 ], [ 39.210194331556494, -6.803082015232104 ], [ 39.210195802586817, -6.803036596245146 ], [ 39.210229447096992, -6.803037684958002 ], [ 39.210237073089651, -6.803028965751068 ], [ 39.210240951967876, -6.802909202606418 ], [ 39.210202901483662, -6.802907971319391 ], [ 39.210196243995199, -6.802935699948438 ], [ 39.210194614738775, -6.802907335932579 ], [ 39.210137603934569, -6.802905491096275 ] ] ] } },
{ "type": "Feature", "properties": { "id": 56, "area_m2": 21.513256713359659, "status": "candidate - needs field verification" }, "geometry": { "type": "Polygon", "coordinates": [ [ [ 39.210563237702203, -6.802905769020319 ], [ 39.210557829036652, -6.802915389971386 ], [ 39.210561035515887, -6.802932666948118 ], [ 39.210554077515276, -6.802933957159278 ], [ 39.210551780555939, -6.802921580807304 ], [ 39.210546656639949, -6.802922429131987 ], [ 39.210538779395002, -6.802926209100796 ], [ 39.210541700654908, -6.802941949277373 ], [ 39.21055410039866, -6.802937730785378 ], [ 39.210575100965485, -6.802941657190972 ], [ 39.21059434839016, -6.802938150553843 ], [ 39.210603797182927, -6.802933178800006 ], [ 39.210597529987346, -6.802899410253596 ], [ 39.210563237702203, -6.802905769020319 ] ] ] } },
{ "type": "Feature", "properties": { "id": 57, "area_m2": 342.91137536133567, "status": "candidate - needs field verification" }, "geometry": { "type": "Polygon", "coordinates": [ [ [ 39.209571074347529, -6.802902133148094 ], [ 39.209563926738838, -6.802972999556459 ], [ 39.209517946093293, -6.802968366034292 ], [ 39.209509803029128, -6.803049101988628 ], [ 39.209446892491599, -6.803040098141937 ], [ 39.20949909208187, -6.803042181606967 ], [ 39.209511776578744, -6.802916418773109 ], [ 39.209420863061915, -6.802907257298515 ], [ 39.20940265710712, -6.80308776331204 ], [ 39.209533458177283, -6.803100944300725 ], [ 39.209546196940401, -6.803033933192256 ], [ 39.209545095481104, -6.803078484666977 ], [ 39.209594112217609, -6.803039607170844 ], [ 39.209597261851854, -6.803008379472455 ], [ 39.209556244490358, -6.803004246109547 ], [ 39.209558795029636, -6.802978958280588 ], [ 39.209613712300694, -6.802984492351356 ], [ 39.209621506486201, -6.802907215247406 ], [ 39.209571074347529, -6.802902133148094 ] ] ] } },
{ "type": "Feature", "properties": { "id": 58, "area_m2": 5.6023715509011947, "status": "candidate - needs field verification" }, "geometry": { "type": "Polygon", "coordinates": [ [ [ 39.209746501856586, -6.802897414222433 ], [ 39.209746522534502, -6.802945078023079 ], [ 39.2097487087769, -6.802942453379522 ], [ 39.209750898244337, -6.802947262539717 ], [ 39.209759210290798, -6.802947258936742 ], [ 39.209756577465988, -6.802928894206408 ], [ 39.209757882685118, -6.802912276899693 ], [ 39.209746501856586, -6.802897414222433 ] ] ] } },
{ "type": "Feature", "properties": { "id": 59, "area_m2": 84.55393904504939, "status": "candidate - needs field verification" }, "geometry": { "type": "Polygon", "coordinates": [ [ [ 39.210620062107203, -6.802890480264555 ], [ 39.210622004884563, -6.802929956395553 ], [ 39.210606518526426, -6.802930717866436 ], [ 39.210605289292751, -6.802947328727547 ], [ 39.210607495560609, -6.802980916992388 ], [ 39.210692594109815, -6.802976732653967 ], [ 39.210690581316697, -6.80291099714077 ], [ 39.210686657914906, -6.802897408797738 ], [ 39.210673414227919, -6.802887856914167 ], [ 39.210620062107203, -6.802890480264555 ] ] ] } },
{ "type": "Feature", "properties": { "id": 60, "area_m2": 9.4738999103248709, "status": "candidate - needs field verification" }, "geometry": { "type": "Polygon", "coordinates": [ [ [ 39.211444207253656, -6.802887011346239 ], [ 39.211429460290177, -6.802894531925168 ], [ 39.211431664232492, -6.802907175648508 ], [ 39.211438085360989, -6.802920934115927 ], [ 39.211448293677087, -6.802919412295476 ], [ 39.21145572885753, -6.802915036220426 ], [ 39.211463640836513, -6.802907958678104 ], [ 39.211455054241711, -6.802891136277764 ], [ 39.211444207253656, -6.802887011346239 ] ] ] } },
{ "type": "Feature", "properties": { "id": 61, "area_m2": 166.62526450801028, "status": "candidate - needs field verification" }, "geometry": { "type": "Polygon", "coordinates": [ [ [ 39.211805695136469, -6.80288164968912 ], [ 39.21177747443803, -6.80290340844831 ], [ 39.211791820258611, -6.802947446032411 ], [ 39.211795827925762, -6.802946141637111 ], [ 39.21179479827186, -6.802973046522082 ], [ 39.211801981571327, -6.802997288655535 ], [ 39.211812764323405, -6.803003305452384 ], [ 39.211818774184479, -6.803021754006775 ], [ 39.211781917935888, -6.803033749791418 ], [ 39.211798271715722, -6.803083951221131 ], [ 39.211891796862432, -6.803053511124078 ], [ 39.211832985720889, -6.802872977780897 ], [ 39.211805695136469, -6.80288164968912 ] ] ] } },
{ "type": "Feature", "properties": { "id": 62, "area_m2": 266.01898100494276, "status": "candidate - needs field verification" }, "geometry": { "type": "Polygon", "coordinates": [ [ [ 39.209881932796137, -6.802920810093465 ], [ 39.209959218983606, -6.803080482829044 ], [ 39.210069739562648, -6.803027035013376 ], [ 39.209992453348306, -6.80286736229594 ], [ 39.209881932796137, -6.802920810093465 ] ] ] } },
{ "type": "Feature", "properties": { "id": 63, "area_m2": 18.156591010903021, "status": "candidate - needs field verification" }, "geometry": { "type": "Polygon", "coordinates": [ [ [ 39.210737807194306, -6.802861563639301 ], [ 39.210735187103126, -6.802872496846087 ], [ 39.210725997056947, -6.802865504326031 ], [ 39.210732158506524, -6.802949897190537 ], [ 39.210745724077967, -6.802958636935332 ], [ 39.210753595407489, -6.802951199702519 ], [ 39.210737807194306, -6.802861563639301 ] ] ] } },
{ "type": "Feature", "properties": { "id": 64, "area_m2": 270.46236228813552, "status": "candidate - needs field verification" }, "geometry": { "type": "Polygon", "coordinates": [ [ [ 39.210251436981288, -6.802847781487531 ], [ 39.210243028648044, -6.802877521032487 ], [ 39.21024384947232, -6.802912967565437 ], [ 39.210286918879774, -6.802948811160906 ], [ 39.210405362330434, -6.802946541133429 ], [ 39.210468824376619, -6.80293809136546 ], [ 39.210464455107008, -6.802838449049798 ], [ 39.210251436981288, -6.802847781487531 ] ] ] } },
{ "type": "Feature", "properties": { "id": 65, "area_m2": 164.75536919030307, "status": "candidate - needs field verification" }, "geometry": { "type": "Polygon", "coordinates": [ [ [ 39.211929914172003, -6.80282649769542 ], [ 39.211886159492487, -6.802838410467391 ], [ 39.211917862816868, -6.80297805040829 ], [ 39.212012528750968, -6.802956576812235 ], [ 39.212003098435211, -6.802915040243482 ], [ 39.211987072002188, -6.802918675609068 ], [ 39.211978292372017, -6.802880005023547 ], [ 39.21200058384872, -6.802874948522914 ], [ 39.211989009954301, -6.80282397037609 ], [ 39.211929914172003, -6.80282649769542 ] ] ] } },
{ "type": "Feature", "properties": { "id": 66, "area_m2": 4.7295933342318532, "status": "candidate - needs field verification" }, "geometry": { "type": "Polygon", "coordinates": [ [ [ 39.210023831299161, -6.802827328712281 ], [ 39.210018149999399, -6.802840886940181 ], [ 39.210022527229043, -6.802846569714906 ], [ 39.210029964511534, -6.802847003769644 ], [ 39.210027344214332, -6.802857499690524 ], [ 39.210028658542043, -6.802861871946581 ], [ 39.210033909014435, -6.802863618798313 ], [ 39.210039594303353, -6.802859243504161 ], [ 39.210035652269838, -6.802848313148916 ], [ 39.210037834900824, -6.802837380135308 ], [ 39.21003652133296, -6.802834757009551 ], [ 39.21002995881274, -6.802833885292586 ], [ 39.210023831299161, -6.802827328712281 ] ] ] } },
{ "type": "Feature", "properties": { "id": 67, "area_m2": 11.693835224864042, "status": "candidate - needs field verification" }, "geometry": { "type": "Polygon", "coordinates": [ [ [ 39.210516634492983, -6.802823612692587 ], [ 39.21051512256664, -6.802840233715679 ], [ 39.210517628024725, -6.80285102848138 ], [ 39.210550751657536, -6.802852028985567 ], [ 39.210551429266928, -6.802831472267162 ], [ 39.210550265606429, -6.802824628525474 ], [ 39.210516634492983, -6.802823612692587 ] ] ] } },
{ "type": "Feature", "properties": { "id": 68, "area_m2": 13.847457135794411, "status": "candidate - needs field verification" }, "geometry": { "type": "Polygon", "coordinates": [ [ [ 39.211579449166173, -6.802831417837892 ], [ 39.211594244615853, -6.802858857112776 ], [ 39.211626259124969, -6.802841609927126 ], [ 39.21161146367406, -6.802814170653242 ], [ 39.211579449166173, -6.802831417837892 ] ] ] } },
{ "type": "Feature", "properties": { "id": 69, "area_m2": 124.14323530235028, "status": "candidate - needs field verification" }, "geometry": { "type": "Polygon", "coordinates": [ [ [ 39.209447974981387, -6.802813726971736 ], [ 39.209442618034736, -6.802847479658496 ], [ 39.209430317717263, -6.802845529180025 ], [ 39.209423207899547, -6.802890326224162 ], [ 39.209561158663647, -6.802912201249558 ], [ 39.209567142940266, -6.802874495868723 ], [ 39.209552200205934, -6.802853796927057 ], [ 39.20955536439449, -6.80283386019365 ], [ 39.209500168901656, -6.80281924733409 ], [ 39.209447974981387, -6.802813726971736 ] ] ] } },
{ "type": "Feature", "properties": { "id": 70, "area_m2": 246.00658211906921, "status": "candidate - needs field verification" }, "geometry": { "type": "Polygon", "coordinates": [ [ [ 39.211584722619733, -6.802869249562745 ], [ 39.211647052549161, -6.80301527156425 ], [ 39.211727019924027, -6.802981167437354 ], [ 39.211711558118125, -6.802944944672115 ], [ 39.211700929324159, -6.802949477593392 ], [ 39.21171021941435, -6.802917854136319 ], [ 39.211763886549001, -6.802894966407143 ], [ 39.211727007364388, -6.802808568595998 ], [ 39.211584722619733, -6.802869249562745 ] ] ] } },
{ "type": "Feature", "properties": { "id": 71, "area_m2": 5.632749373201138, "status": "candidate - needs field verification" }, "geometry": { "type": "Polygon", "coordinates": [ [ [ 39.212880541314604, -6.802807714565595 ], [ 39.212872230619929, -6.802810779199524 ], [ 39.212870484181757, -6.802818651054088 ], [ 39.212874864331916, -6.802830893039284 ], [ 39.212876624054921, -6.802853193676371 ], [ 39.212874443991389, -6.802869811373118 ], [ 39.212875759114787, -6.802875932750602 ], [ 39.212881885703865, -6.802880302881141 ], [ 39.212880541314604, -6.802807714565595 ] ] ] } },
{ "type": "Feature", "properties": { "id": 72, "area_m2": 4.3203723790821975, "status": "candidate - needs field verification" }, "geometry": { "type": "Polygon", "coordinates": [ [ [ 39.210229632454961, -6.802804450129473 ], [ 39.210229147250175, -6.8028218559357 ], [ 39.210234255549018, -6.802823301796062 ], [ 39.21024864416291, -6.802824581238634 ], [ 39.210249049319245, -6.802810046998547 ], [ 39.210243072826273, -6.802804824462251 ], [ 39.210229632454961, -6.802804450129473 ] ] ] } },
{ "type": "Feature", "properties": { "id": 73, "area_m2": 44.441150447666544, "status": "candidate - needs field verification" }, "geometry": { "type": "Polygon", "coordinates": [ [ [ 39.212746233129472, -6.802800777109799 ], [ 39.212733761218416, -6.802813369984447 ], [ 39.212751498811329, -6.802837069248614 ], [ 39.212791766806347, -6.802882966213437 ], [ 39.212804202965614, -6.802892675554883 ], [ 39.212825647691702, -6.802873878283148 ], [ 39.212801809892213, -6.802840108104777 ], [ 39.212761174546927, -6.802794112552351 ], [ 39.212746233129472, -6.802800777109799 ] ] ] } },
{ "type": "Feature", "properties": { "id": 74, "area_m2": 6.3847164555098503, "status": "candidate - needs field verification" }, "geometry": { "type": "Polygon", "coordinates": [ [ [ 39.210802558235315, -6.802789471766626 ], [ 39.210800926946483, -6.802793144856129 ], [ 39.210807344527822, -6.802812557697002 ], [ 39.210810481094107, -6.802817782551211 ], [ 39.210827101740094, -6.802812684741843 ], [ 39.210820022369539, -6.802791999890396 ], [ 39.21081754352182, -6.802787449476985 ], [ 39.210808646087976, -6.802787632020094 ], [ 39.210802558235315, -6.802789471766626 ] ] ] } },
{ "type": "Feature", "properties": { "id": 75, "area_m2": 5.78419715961798, "status": "candidate - needs field verification" }, "geometry": { "type": "Polygon", "coordinates": [ [ [ 39.209588234455822, -6.80278831178302 ], [ 39.209584622320953, -6.802793732677622 ], [ 39.209587680048081, -6.802817481082955 ], [ 39.209604535342969, -6.802815312796947 ], [ 39.209601048481815, -6.802788231449621 ], [ 39.209595962501226, -6.802787721500985 ], [ 39.209588234455822, -6.80278831178302 ] ] ] } },
{ "type": "Feature", "properties": { "id": 76, "area_m2": 7.9860497939943018, "status": "candidate - needs field verification" }, "geometry": { "type": "Polygon", "coordinates": [ [ [ 39.211568488778148, -6.802786316526343 ], [ 39.211564167810053, -6.80278905143178 ], [ 39.211553529481684, -6.802804869748855 ], [ 39.211553531695898, -6.802809930139615 ], [ 39.211562501811443, -6.80281803416251 ], [ 39.211571666848656, -6.802817233517729 ], [ 39.211582997747605, -6.802804702751011 ], [ 39.211581853536572, -6.802793316008241 ], [ 39.211574103289209, -6.802786314071639 ], [ 39.211568488778148, -6.802786316526343 ] ] ] } },
{ "type": "Feature", "properties": { "id": 77, "area_m2": 23.312879110220933, "status": "candidate - needs field verification" }, "geometry": { "type": "Polygon", "coordinates": [ [ [ 39.210842110217527, -6.802788842730995 ], [ 39.210838807829958, -6.802794625203954 ], [ 39.210863997799891, -6.802883181781767 ], [ 39.210883087161839, -6.802877756602464 ], [ 39.210856622383986, -6.802784718386543 ], [ 39.210842110217527, -6.802788842730995 ] ] ] } },
{ "type": "Feature", "properties": { "id": 78, "area_m2": 132.34899506680819, "status": "candidate - needs field verification" }, "geometry": { "type": "Polygon", "coordinates": [ [ [ 39.209649172221042, -6.802778632991769 ], [ 39.209619941475566, -6.802793090971907 ], [ 39.209656387699745, -6.802866711795767 ], [ 39.209636031342896, -6.80287678036454 ], [ 39.209612128638057, -6.802828497259775 ], [ 39.209582292804811, -6.802843254521401 ], [ 39.209643802884074, -6.802967503949931 ], [ 39.209711347379411, -6.80293409539808 ], [ 39.209677039098956, -6.802864793219498 ], [ 39.209661619170063, -6.802869027633915 ], [ 39.209685752326187, -6.802852524244317 ], [ 39.209649172221042, -6.802778632991769 ] ] ] } },
{ "type": "Feature", "properties": { "id": 79, "area_m2": 36.485203058373926, "status": "candidate - needs field verification" }, "geometry": { "type": "Polygon", "coordinates": [ [ [ 39.212021073475171, -6.80275761682764 ], [ 39.212027895938192, -6.802797156840333 ], [ 39.212034028463833, -6.802815082739775 ], [ 39.212043398300047, -6.802834675890373 ], [ 39.212062184015267, -6.802842043228366 ], [ 39.212078760483223, -6.802836766342733 ], [ 39.212052816147796, -6.802760851465385 ], [ 39.212046832150492, -6.802749416916127 ], [ 39.212021073475171, -6.80275761682764 ] ] ] } },
{ "type": "Feature", "properties": { "id": 80, "area_m2": 209.83130585919781, "status": "candidate - needs field verification" }, "geometry": { "type": "Polygon", "coordinates": [ [ [ 39.209324710156963, -6.802748046188141 ], [ 39.209308536608425, -6.802778225688312 ], [ 39.209350104211758, -6.802795261731389 ], [ 39.209319072759513, -6.802863053969069 ], [ 39.209347075961283, -6.802873973921973 ], [ 39.209320841785065, -6.802907218753453 ], [ 39.209298522742365, -6.802889299817909 ], [ 39.209304271834853, -6.803032288763849 ], [ 39.209381675961296, -6.802964913746946 ], [ 39.209387763698139, -6.802879640992749 ], [ 39.209417914507405, -6.802798730652041 ], [ 39.209371092834353, -6.802771639386711 ], [ 39.209353598528729, -6.802782579022232 ], [ 39.20935708905855, -6.80276115066129 ], [ 39.209324710156963, -6.802748046188141 ] ] ] } },
{ "type": "Feature", "properties": { "id": 81, "area_m2": 22.759796185105809, "status": "candidate - needs field verification" }, "geometry": { "type": "Polygon", "coordinates": [ [ [ 39.210010234593689, -6.802746874605215 ], [ 39.209989662953369, -6.80274874802295 ], [ 39.209989246384048, -6.802771371541775 ], [ 39.209991471737418, -6.802779406813072 ], [ 39.2099983691473, -6.802779778047156 ], [ 39.209994505591915, -6.802793233392231 ], [ 39.209994312295969, -6.802803780737227 ], [ 39.210019010515289, -6.802807653085221 ], [ 39.210028246183633, -6.802807413970908 ], [ 39.210030161181344, -6.802771865334527 ], [ 39.210016144124978, -6.80277111090589 ], [ 39.210017386336673, -6.802748051394115 ], [ 39.210010234593689, -6.802746874605215 ] ] ] } },
{ "type": "Feature", "properties": { "id": 82, "area_m2": 137.17182454640584, "status": "candidate - needs field verification" }, "geometry": { "type": "Polygon", "coordinates": [ [ [ 39.210268704927017, -6.802736918863641 ], [ 39.21026907395273, -6.802826252035979 ], [ 39.210392033655943, -6.802825744535719 ], [ 39.210395676391819, -6.802805303052097 ], [ 39.210393947365844, -6.802736401942106 ], [ 39.210268704927017, -6.802736918863641 ] ] ] } },
{ "type": "Feature", "properties": { "id": 83, "area_m2": 243.033405752916, "status": "candidate - needs field verification" }, "geometry": { "type": "Polygon", "coordinates": [ [ [ 39.210059332832323, -6.802732183163297 ], [ 39.210053983707581, -6.802750353878255 ], [ 39.210055136687131, -6.802800361690203 ], [ 39.210083756962568, -6.802807624980874 ], [ 39.210046774254231, -6.802816358188479 ], [ 39.210049699187692, -6.802958064996747 ], [ 39.210057493989048, -6.802998505709138 ], [ 39.210126226088128, -6.802998726853386 ], [ 39.210127083727919, -6.802732401151627 ], [ 39.210059332832323, -6.802732183163297 ] ] ] } },
{ "type": "Feature", "properties": { "id": 84, "area_m2": 44.779429610708775, "status": "candidate - needs field verification" }, "geometry": { "type": "Polygon", "coordinates": [ [ [ 39.211777894138031, -6.802725278636626 ], [ 39.211785185837897, -6.802743253798234 ], [ 39.211734830948224, -6.802763662414845 ], [ 39.211748348400498, -6.80279698501799 ], [ 39.211827366163789, -6.802764959460434 ], [ 39.211806557006369, -6.802713661698438 ], [ 39.211777894138031, -6.802725278636626 ] ] ] } },
{ "type": "Feature", "properties": { "id": 85, "area_m2": 12.893798775373105, "status": "candidate - needs field verification" }, "geometry": { "type": "Polygon", "coordinates": [ [ [ 39.210864717254054, -6.80271305575407 ], [ 39.2108509457805, -6.802717755340878 ], [ 39.210847084305655, -6.802726450029469 ], [ 39.21086031408138, -6.802765183752571 ], [ 39.210864224337932, -6.802767693970395 ], [ 39.210881379723837, -6.802761839605886 ], [ 39.210864717254054, -6.80271305575407 ] ] ] } },
{ "type": "Feature", "properties": { "id": 86, "area_m2": 61.274117211015344, "status": "candidate - needs field verification" }, "geometry": { "type": "Polygon", "coordinates": [ [ [ 39.212770715128435, -6.802703908292442 ], [ 39.212763861408838, -6.802721083005378 ], [ 39.212774668793216, -6.802725391975458 ], [ 39.212752315201236, -6.802737208774852 ], [ 39.21273819498532, -6.802772592568913 ], [ 39.212778321633287, -6.802788591307147 ], [ 39.212790404917186, -6.802770585190546 ], [ 39.212785231165192, -6.802789942496461 ], [ 39.212805638670581, -6.802798079090729 ], [ 39.212833290344079, -6.802728786840025 ], [ 39.212812008440196, -6.802720301617909 ], [ 39.21279433604149, -6.802756590419489 ], [ 39.212807192716724, -6.80271845212806 ], [ 39.212770715128435, -6.802703908292442 ] ] ] } },
{ "type": "Feature", "properties": { "id": 87, "area_m2": 28.327319767543937, "status": "candidate - needs field verification" }, "geometry": { "type": "Polygon", "coordinates": [ [ [ 39.210118277278141, -6.802714906071429 ], [ 39.210106020541701, -6.802697857369751 ], [ 39.210071457286119, -6.802691750417853 ], [ 39.210029465869169, -6.802706198972142 ], [ 39.210023347094968, -6.80271975739001 ], [ 39.209990537920568, -6.802723269889451 ], [ 39.210116093509242, -6.802723215389981 ], [ 39.210118277278141, -6.802714906071429 ] ] ] } },
{ "type": "Feature", "properties": { "id": 88, "area_m2": 1022.3855110957023, "status": "candidate - needs field verification" }, "geometry": { "type": "Polygon", "coordinates": [ [ [ 39.21096552031733, -6.802703627830259 ], [ 39.210954559875951, -6.802696706712618 ], [ 39.210877384810111, -6.802713157979902 ], [ 39.210957691078598, -6.803089552200429 ], [ 39.21117354262455, -6.803043539482262 ], [ 39.211095125434305, -6.802676000112342 ], [ 39.21096552031733, -6.802703627830259 ] ] ] } },
{ "type": "Feature", "properties": { "id": 89, "area_m2": 73.915695162897876, "status": "candidate - needs field verification" }, "geometry": { "type": "Polygon", "coordinates": [ [ [ 39.209612354283244, -6.802681938405682 ], [ 39.209615842342671, -6.802718290219126 ], [ 39.209596809776613, -6.802723877865053 ], [ 39.209574195494469, -6.802724982273614 ], [ 39.209579121408851, -6.802776319140176 ], [ 39.209663530709967, -6.802768226985153 ], [ 39.209654860064596, -6.802677863457718 ], [ 39.209612354283244, -6.802681938405682 ] ] ] } },
{ "type": "Feature", "properties": { "id": 90, "area_m2": 27.945643177224124, "status": "candidate - needs field verification" }, "geometry": { "type": "Polygon", "coordinates": [ [ [ 39.211758178467264, -6.802674476598066 ], [ 39.211770687229041, -6.802703944357824 ], [ 39.211786796812497, -6.802708611623459 ], [ 39.211824747395397, -6.80269251622112 ], [ 39.21182267029856, -6.80268442780512 ], [ 39.211813911395026, -6.802663004791352 ], [ 39.211808138021816, -6.802653288014844 ], [ 39.211758178467264, -6.802674476598066 ] ] ] } },
{ "type": "Feature", "properties": { "id": 91, "area_m2": 176.21435996777748, "status": "candidate - needs field verification" }, "geometry": { "type": "Polygon", "coordinates": [ [ [ 39.209314941624662, -6.802649552560137 ], [ 39.209290065183502, -6.802710009173046 ], [ 39.209405649459612, -6.802762441498177 ], [ 39.209449880684602, -6.80277918254527 ], [ 39.209481843490181, -6.802701504046891 ], [ 39.209334227087801, -6.802640817153982 ], [ 39.209314941624662, -6.802649552560137 ] ] ] } },
{ "type": "Feature", "properties": { "id": 92, "area_m2": 54.348359022085745, "status": "candidate - needs field verification" }, "geometry": { "type": "Polygon", "coordinates": [ [ [ 39.212700633665854, -6.802632361228593 ], [ 39.212655301864039, -6.802676961230643 ], [ 39.212699429767717, -6.802721773559239 ], [ 39.21270929046635, -6.80272252737956 ], [ 39.212749990893194, -6.802682483982566 ], [ 39.212700633665854, -6.802632361228593 ] ] ] } },
{ "type": "Feature", "properties": { "id": 93, "area_m2": 441.34887204993703, "status": "candidate - needs field verification" }, "geometry": { "type": "Polygon", "coordinates": [ [ [ 39.210455534464913, -6.802630363966848 ], [ 39.210453814064032, -6.802698143524585 ], [ 39.210473926152588, -6.802671023253803 ], [ 39.210512435261293, -6.802696806179203 ], [ 39.210494981916675, -6.802801761604833 ], [ 39.210593854915665, -6.802809589673997 ], [ 39.210566300594344, -6.802824906556825 ], [ 39.210594747009949, -6.802848944722964 ], [ 39.210567200875659, -6.802883064755641 ], [ 39.210690566453117, -6.802876889101973 ], [ 39.210658600408166, -6.802807375079984 ], [ 39.210686113757049, -6.80269804244343 ], [ 39.210555319513958, -6.802723461763031 ], [ 39.210525998156051, -6.802699423974803 ], [ 39.210660736917156, -6.802690619686332 ], [ 39.210658084055076, -6.802626340293563 ], [ 39.210455534464913, -6.802630363966848 ] ] ] } },
{ "type": "Feature", "properties": { "id": 94, "area_m2": 383.08094933910849, "status": "candidate - needs field verification" }, "geometry": { "type": "Polygon", "coordinates": [ [ [ 39.211925022761832, -6.802651654835945 ], [ 39.211908918243935, -6.802609639601591 ], [ 39.211834133967507, -6.802638279225873 ], [ 39.211878412546056, -6.802753798068842 ], [ 39.211744722739461, -6.802804996308019 ], [ 39.211801022727492, -6.802828354471846 ], [ 39.211767779260434, -6.802888604756117 ], [ 39.211837985730305, -6.802861718287552 ], [ 39.211868128096306, -6.802940356983394 ], [ 39.211902282410428, -6.802927277145315 ], [ 39.211863094563661, -6.802825039624393 ], [ 39.211829733709749, -6.802830039819987 ], [ 39.212002285164573, -6.80276249417835 ], [ 39.211940610233633, -6.802601589920647 ], [ 39.211925022761832, -6.802651654835945 ] ] ] } },
{ "type": "Feature", "properties": { "id": 95, "area_m2": 162.6730531892284, "status": "candidate - needs field verification" }, "geometry": { "type": "Polygon", "coordinates": [ [ [ 39.211157797345734, -6.80264729188085 ], [ 39.211145494121538, -6.802684732209654 ], [ 39.211131772541179, -6.802663088738536 ], [ 39.211118536634082, -6.802671472656677 ], [ 39.211134411763304, -6.802696512987546 ], [ 39.211151049325466, -6.802685974385033 ], [ 39.211182668734452, -6.802743303394873 ], [ 39.211210744686561, -6.80277637642188 ], [ 39.211280568325535, -6.802732148558145 ], [ 39.211268842506861, -6.802722713497769 ], [ 39.211241161138155, -6.802667158538379 ], [ 39.21125173501008, -6.802632881372712 ], [ 39.211231338462817, -6.802600709281799 ], [ 39.211157797345734, -6.80264729188085 ] ] ] } },
{ "type": "Feature", "properties": { "id": 96, "area_m2": 159.1528172016437, "status": "candidate - needs field verification" }, "geometry": { "type": "Polygon", "coordinates": [ [ [ 39.211542869218732, -6.802618560847209 ], [ 39.211545724177725, -6.802629888624274 ], [ 39.211537056024397, -6.802618162310726 ], [ 39.211495064491352, -6.802633739659951 ], [ 39.211505062840089, -6.802684566724144 ], [ 39.211523037219287, -6.802725837193329 ], [ 39.211528067192368, -6.802723971254382 ], [ 39.211548961274573, -6.802780245216337 ], [ 39.21160489916938, -6.80275949426596 ], [ 39.2115879482362, -6.802713840389261 ], [ 39.211617326000315, -6.802702942290605 ], [ 39.211580774850475, -6.802604499216029 ], [ 39.211542869218732, -6.802618560847209 ] ] ] } },
{ "type": "Feature", "properties": { "id": 97, "area_m2": 67.249724351167544, "status": "candidate - needs field verification" }, "geometry": { "type": "Polygon", "coordinates": [ [ [ 39.209468852733565, -6.802590400256283 ], [ 39.209459070716285, -6.802616834736412 ], [ 39.209439463383156, -6.802609585496727 ], [ 39.209430276219038, -6.802634412467169 ], [ 39.209398360330852, -6.802622612495958 ], [ 39.209390567563986, -6.802643671305445 ], [ 39.209405601922384, -6.802652683568516 ], [ 39.209486548978987, -6.802685007451537 ], [ 39.209495364143564, -6.802685921275149 ], [ 39.209512956720758, -6.802638379885077 ], [ 39.209475045678161, -6.802624363387131 ], [ 39.209485355798563, -6.802596501782539 ], [ 39.209468852733565, -6.802590400256283 ] ] ] } },
{ "type": "Feature", "properties": { "id": 98, "area_m2": 294.25773721815654, "status": "candidate - needs field verification" }, "geometry": { "type": "Polygon", "coordinates": [ [ [ 39.209691670464117, -6.802575378373746 ], [ 39.209730722362899, -6.802723586431864 ], [ 39.209740565157752, -6.802720995207823 ], [ 39.209751137711812, -6.802761119682189 ], [ 39.209673002560912, -6.802781689614513 ], [ 39.209686410961865, -6.802832576585766 ], [ 39.209827776494514, -6.80279536055333 ], [ 39.209823859783718, -6.802723779471174 ], [ 39.209768183989993, -6.802555235341218 ], [ 39.209691670464117, -6.802575378373746 ] ] ] } },
{ "type": "Feature", "properties": { "id": 99, "area_m2": 130.62811662394606, "status": "candidate - needs field verification" }, "geometry": { "type": "Polygon", "coordinates": [ [ [ 39.211718286836486, -6.802569730716249 ], [ 39.211723323455018, -6.80259351649862 ], [ 39.211744672795803, -6.802654930694231 ], [ 39.211858337634112, -6.802616452456815 ], [ 39.211829725286698, -6.802532006164881 ], [ 39.211718286836486, -6.802569730716249 ] ] ] } },
{ "type": "Feature", "properties": { "id": 100, "area_m2": 68.185299152825976, "status": "candidate - needs field verification" }, "geometry": { "type": "Polygon", "coordinates": [ [ [ 39.210148024229724, -6.802528790276926 ], [ 39.210094450894459, -6.802544508014366 ], [ 39.210083081444751, -6.802565895539823 ], [ 39.210089999335665, -6.802589454103514 ], [ 39.210109043757143, -6.802602661302751 ], [ 39.210127413340778, -6.802597710353898 ], [ 39.21017728710293, -6.802601186956762 ], [ 39.210186393123344, -6.802595854126899 ], [ 39.210183403780356, -6.802582818428803 ], [ 39.210166190552265, -6.802536725136284 ], [ 39.210148024229724, -6.802528790276926 ] ] ] } },
{ "type": "Feature", "properties": { "id": 101, "area_m2": 46.098621458081503, "status": "candidate - needs field verification" }, "geometry": { "type": "Polygon", "coordinates": [ [ [ 39.211229819084252, -6.802521143244346 ], [ 39.211176707972839, -6.802545227065576 ], [ 39.211185214898144, -6.802563141843289 ], [ 39.211211355433875, -6.802593898724752 ], [ 39.211262150040241, -6.802569067147866 ], [ 39.211258270289861, -6.802556113434786 ], [ 39.21124057620645, -6.802518487926184 ], [ 39.211229819084252, -6.802521143244346 ] ] ] } },
{ "type": "Feature", "properties": { "id": 102, "area_m2": 151.56164431509987, "status": "candidate - needs field verification" }, "geometry": { "type": "Polygon", "coordinates": [ [ [ 39.211030901433134, -6.80258384070683 ], [ 39.211084130719151, -6.802666363228719 ], [ 39.211190337125949, -6.802597917677452 ], [ 39.211137107830055, -6.802515395167338 ], [ 39.211030901433134, -6.80258384070683 ] ] ] } },
{ "type": "Feature", "properties": { "id": 103, "area_m2": 291.30696335691914, "status": "candidate - needs field verification" }, "geometry": { "type": "Polygon", "coordinates": [ [ [ 39.211646730551934, -6.802514401849998 ], [ 39.211489261109534, -6.802564320911249 ], [ 39.211469569728877, -6.802552960168428 ], [ 39.211474827852953, -6.802572198305798 ], [ 39.211439389258189, -6.802565217269103 ], [ 39.211433278365838, -6.802596704287459 ], [ 39.211452969173777, -6.802606753184104 ], [ 39.211398739958561, -6.802647444159975 ], [ 39.211474040307763, -6.802772036804597 ], [ 39.211523465904143, -6.802751025637477 ], [ 39.211473535507864, -6.80261811354517 ], [ 39.211579826623137, -6.80258264719323 ], [ 39.211625342474903, -6.802624606421679 ], [ 39.211676506465913, -6.802577357522664 ], [ 39.211646730551934, -6.802514401849998 ] ] ] } },
{ "type": "Feature", "properties": { "id": 104, "area_m2": 35.988372993088277, "status": "candidate - needs field verification" }, "geometry": { "type": "Polygon", "coordinates": [ [ [ 39.210595469779165, -6.802499555580472 ], [ 39.210597659633692, -6.802505239301846 ], [ 39.210591100735883, -6.802512675960988 ], [ 39.21059723758556, -6.802540659379412 ], [ 39.210591119591292, -6.802555966934217 ], [ 39.210592877874589, -6.802575206605237 ], [ 39.210612566569957, -6.802580445428545 ], [ 39.210630063124462, -6.802574753139183 ], [ 39.210632685502603, -6.802569067323489 ], [ 39.210641875160704, -6.802575185280502 ], [ 39.210641864682906, -6.802551134739933 ], [ 39.21061296880719, -6.802499547965054 ], [ 39.210595469779165, -6.802499555580472 ] ] ] } },
{ "type": "Feature", "properties": { "id": 105, "area_m2": 23.64971315367303, "status": "candidate - needs field verification" }, "geometry": { "type": "Polygon", "coordinates": [ [ [ 39.209867106821726, -6.802481872461497 ], [ 39.20986444577747, -6.802495063040805 ], [ 39.209864613472625, -6.802499776511175 ], [ 39.209872953153798, -6.802499076367285 ], [ 39.209874402887408, -6.802516329450695 ], [ 39.209881208702356, -6.802515758079836 ], [ 39.209883167365014, -6.802539067852813 ], [ 39.209901821051488, -6.802537501813118 ], [ 39.209910056516989, -6.802529262836742 ], [ 39.209905801451214, -6.802478623917479 ], [ 39.209867106821726, -6.802481872461497 ] ] ] } },
{ "type": "Feature", "properties": { "id": 106, "area_m2": 178.2395363203247, "status": "candidate - needs field verification" }, "geometry": { "type": "Polygon", "coordinates": [ [ [ 39.210441824098304, -6.802475146588566 ], [ 39.210447701236134, -6.802604422391443 ], [ 39.210567168136087, -6.802598995966333 ], [ 39.210562936876151, -6.802505924046459 ], [ 39.210538560740069, -6.80250703126149 ], [ 39.210536914832197, -6.802470827380753 ], [ 39.210441824098304, -6.802475146588566 ] ] ] } },
{ "type": "Feature", "properties": { "id": 107, "area_m2": 124.66880529719833, "status": "candidate - needs field verification" }, "geometry": { "type": "Polygon", "coordinates": [ [ [ 39.210940570913756, -6.802457694276227 ], [ 39.210881310153333, -6.802524726573372 ], [ 39.210905630755953, -6.802546208532825 ], [ 39.210894960458596, -6.802558278145497 ], [ 39.210943952074629, -6.802601551567066 ], [ 39.210995346226845, -6.802553604446028 ], [ 39.211015782610637, -6.802524127425026 ], [ 39.210940570913756, -6.802457694276227 ] ] ] } },
{ "type": "Feature", "properties": { "id": 108, "area_m2": 98.203452614730722, "status": "candidate - needs field verification" }, "geometry": { "type": "Polygon", "coordinates": [ [ [ 39.211661335240571, -6.802480952728724 ], [ 39.211666685835986, -6.80249883556649 ], [ 39.211669149505902, -6.802498099080208 ], [ 39.211680427666238, -6.802540624068183 ], [ 39.211694258766506, -6.802574917316662 ], [ 39.211733124058952, -6.802563298974265 ], [ 39.211724841669863, -6.802535617470467 ], [ 39.211778438829789, -6.802519595196032 ], [ 39.211761772675878, -6.80248242989262 ], [ 39.211756698880578, -6.802452444835794 ], [ 39.211661335240571, -6.802480952728724 ] ] ] } },
{ "type": "Feature", "properties": { "id": 109, "area_m2": 122.59724693005035, "status": "candidate - needs field verification" }, "geometry": { "type": "Polygon", "coordinates": [ [ [ 39.211299148357107, -6.8024737182183 ], [ 39.211344764319655, -6.802605364282932 ], [ 39.211379535332682, -6.802593326604461 ], [ 39.211367959486338, -6.802559919133213 ], [ 39.211412585998843, -6.802544469489631 ], [ 39.211378545866715, -6.802446230903039 ], [ 39.211299148357107, -6.8024737182183 ] ] ] } },
{ "type": "Feature", "properties": { "id": 110, "area_m2": 70.708059529538659, "status": "candidate - needs field verification" }, "geometry": { "type": "Polygon", "coordinates": [ [ [ 39.211179482066861, -6.802458633797647 ], [ 39.21113287942709, -6.802487798703895 ], [ 39.211140567930094, -6.802507189148873 ], [ 39.211158333864574, -6.802537527034172 ], [ 39.21124245233851, -6.802500162776677 ], [ 39.21121688205104, -6.802442646995936 ], [ 39.211179482066861, -6.802458633797647 ] ] ] } },
{ "type": "Feature", "properties": { "id": 111, "area_m2": 334.15488242143238, "status": "candidate - needs field verification" }, "geometry": { "type": "Polygon", "coordinates": [ [ [ 39.209968542780324, -6.802443855815602 ], [ 39.209905118110242, -6.802465310180136 ], [ 39.209935751661156, -6.802488910155679 ], [ 39.209897313405811, -6.802626233584077 ], [ 39.209864461151334, -6.802530482929696 ], [ 39.209798404210417, -6.802534884398343 ], [ 39.209817702481438, -6.80264856952348 ], [ 39.209906521470906, -6.802674767965082 ], [ 39.209939765460454, -6.802665133325594 ], [ 39.209971671004602, -6.802595591540692 ], [ 39.209980867302043, -6.802617014400594 ], [ 39.210064860190343, -6.802611293273435 ], [ 39.210060473083438, -6.802582871805249 ], [ 39.210022850165323, -6.80258288813486 ], [ 39.210001377765622, -6.802499813748486 ], [ 39.209969879323999, -6.802499390133396 ], [ 39.209968542780324, -6.802443855815602 ] ] ] } },
{ "type": "Feature", "properties": { "id": 112, "area_m2": 102.40714580602729, "status": "candidate - needs field verification" }, "geometry": { "type": "Polygon", "coordinates": [ [ [ 39.212881748618386, -6.802568957748594 ], [ 39.212880816100935, -6.802438210667917 ], [ 39.212837538933947, -6.802513005024394 ], [ 39.212750027064118, -6.802474999920149 ], [ 39.212731217536472, -6.802479381014724 ], [ 39.212722914349378, -6.802499499663424 ], [ 39.212822245186516, -6.802553679030332 ], [ 39.212881748618386, -6.802568957748594 ] ] ] } },
{ "type": "Feature", "properties": { "id": 113, "area_m2": 117.0772974473478, "status": "candidate - needs field verification" }, "geometry": { "type": "Polygon", "coordinates": [ [ [ 39.209298340641908, -6.802468633964616 ], [ 39.209319790013872, -6.802498797192173 ], [ 39.209395938062173, -6.802561732954373 ], [ 39.209419555315286, -6.802546855123794 ], [ 39.209435743055508, -6.802549471814375 ], [ 39.209461978720469, -6.802519725237733 ], [ 39.209395456840369, -6.802460720864894 ], [ 39.209353033625689, -6.802488288027745 ], [ 39.209364827292895, -6.802446303788744 ], [ 39.209351261191877, -6.802436252156056 ], [ 39.209298340641908, -6.802468633964616 ] ] ] } },
{ "type": "Feature", "properties": { "id": 114, "area_m2": 48.111367360065969, "status": "candidate - needs field verification" }, "geometry": { "type": "Polygon", "coordinates": [ [ [ 39.211418539537348, -6.802431213249283 ], [ 39.211393547780766, -6.802440232482681 ], [ 39.211390931976922, -6.802446777399002 ], [ 39.21142837391448, -6.802550435191132 ], [ 39.211435522278151, -6.802553557498926 ], [ 39.211459714625384, -6.802544826762581 ], [ 39.211458188092791, -6.802536348402423 ], [ 39.21142270934692, -6.802437538031983 ], [ 39.211418539537348, -6.802431213249283 ] ] ] } },
{ "type": "Feature", "properties": { "id": 115, "area_m2": 24.285804567493955, "status": "candidate - needs field verification" }, "geometry": { "type": "Polygon", "coordinates": [ [ [ 39.21067536569069, -6.802429643358145 ], [ 39.210672109082431, -6.802448441617355 ], [ 39.210676381443818, -6.802450544707522 ], [ 39.210770039498726, -6.802466745631219 ], [ 39.210772130057599, -6.802454678194784 ], [ 39.21076322707831, -6.802444851013171 ], [ 39.21067536569069, -6.802429643358145 ] ] ] } },
{ "type": "Feature", "properties": { "id": 116, "area_m2": 105.9813448216387, "status": "candidate - needs field verification" }, "geometry": { "type": "Polygon", "coordinates": [ [ [ 39.210016566626614, -6.802443180942166 ], [ 39.21005200477309, -6.802544249610672 ], [ 39.210118195183703, -6.802526000001282 ], [ 39.210126838739797, -6.802520178097885 ], [ 39.210099782440068, -6.802436802333845 ], [ 39.21008672196217, -6.802418603781271 ], [ 39.210016566626614, -6.802443180942166 ] ] ] } },
{ "type": "Feature", "properties": { "id": 117, "area_m2": 5.7577657994417333, "status": "candidate - needs field verification" }, "geometry": { "type": "Polygon", "coordinates": [ [ [ 39.212480074243658, -6.802406027873145 ], [ 39.212473514416097, -6.802411278144368 ], [ 39.212470455930223, -6.80242002513901 ], [ 39.212477897819063, -6.802430953936415 ], [ 39.212489272568632, -6.802431823507271 ], [ 39.212496267950073, -6.802422200218697 ], [ 39.212497140595076, -6.802416952444434 ], [ 39.212488387624546, -6.802409085201123 ], [ 39.212480074243658, -6.802406027873145 ] ] ] } },
{ "type": "Feature", "properties": { "id": 118, "area_m2": 7.2406380262140608, "status": "candidate - needs field verification" }, "geometry": { "type": "Polygon", "coordinates": [ [ [ 39.212524033982483, -6.802384434773816 ], [ 39.212510766809238, -6.802404943409951 ], [ 39.212531148025157, -6.802418116519942 ], [ 39.212544415197861, -6.802397607883296 ], [ 39.212524033982483, -6.802384434773816 ] ] ] } },
{ "type": "Feature", "properties": { "id": 119, "area_m2": 389.19482383582852, "status": "candidate - needs field verification" }, "geometry": { "type": "Polygon", "coordinates": [ [ [ 39.209671031448387, -6.802379704254276 ], [ 39.209499584393207, -6.80247991623624 ], [ 39.209510989836694, -6.802551625656627 ], [ 39.209605024191276, -6.802498673733878 ], [ 39.209626038193036, -6.802533647245122 ], [ 39.209558670526938, -6.802541984792912 ], [ 39.20957094448827, -6.802598826224582 ], [ 39.209529391296861, -6.802615023676647 ], [ 39.209543413454796, -6.802667928807948 ], [ 39.209693018827075, -6.802641627044509 ], [ 39.209677250922461, -6.802598342892976 ], [ 39.209630881898526, -6.802606234069582 ], [ 39.209622558861959, -6.802580875280296 ], [ 39.209741964716216, -6.802523102231214 ], [ 39.209724018157885, -6.802499934027863 ], [ 39.209670656548639, -6.80252400769701 ], [ 39.209671031448387, -6.802379704254276 ] ] ] } },
{ "type": "Feature", "properties": { "id": 120, "area_m2": 400.06190574014425, "status": "candidate - needs field verification" }, "geometry": { "type": "Polygon", "coordinates": [ [ [ 39.212655050428374, -6.802374029387449 ], [ 39.212641075442349, -6.80242913313406 ], [ 39.212592959088816, -6.802442710033992 ], [ 39.212633724510475, -6.802625038961901 ], [ 39.212551423512835, -6.802498700449909 ], [ 39.212512058392569, -6.802516209041584 ], [ 39.212547959077725, -6.8025791619675 ], [ 39.212593022345175, -6.802586575976993 ], [ 39.212613184878741, -6.802674460918307 ], [ 39.212715961680054, -6.802606199669536 ], [ 39.212776368547871, -6.802686195825117 ], [ 39.212835832918969, -6.802612706202586 ], [ 39.21278156052491, -6.802555008768554 ], [ 39.2127430751706, -6.802583449056554 ], [ 39.212751809484239, -6.802548899892857 ], [ 39.212657722978058, -6.802482474294326 ], [ 39.212655050428374, -6.802374029387449 ] ] ] } },
{ "type": "Feature", "properties": { "id": 121, "area_m2": 63.061981439221753, "status": "candidate - needs field verification" }, "geometry": { "type": "Polygon", "coordinates": [ [ [ 39.209392363832293, -6.802389882409756 ], [ 39.209362210963498, -6.802408169666248 ], [ 39.209376198671094, -6.802436065053479 ], [ 39.209395335437193, -6.802426477687435 ], [ 39.209408209433583, -6.802452152018817 ], [ 39.209418459620203, -6.802456757234116 ], [ 39.209460192635518, -6.802436205020294 ], [ 39.20946800596532, -6.802429418003091 ], [ 39.209452300835636, -6.802396415712626 ], [ 39.209435856889094, -6.802369356276373 ], [ 39.209392363832293, -6.802389882409756 ] ] ] } },
{ "type": "Feature", "properties": { "id": 122, "area_m2": 155.62510526988243, "status": "candidate - needs field verification" }, "geometry": { "type": "Polygon", "coordinates": [ [ [ 39.211440048872653, -6.802408300072318 ], [ 39.211510033408743, -6.80253244865635 ], [ 39.211587925193939, -6.80248857855994 ], [ 39.211517940644896, -6.802364429987372 ], [ 39.211440048872653, -6.802408300072318 ] ] ] } },
{ "type": "Feature", "properties": { "id": 123, "area_m2": 4.9960602243824708, "status": "candidate - needs field verification" }, "geometry": { "type": "Polygon", "coordinates": [ [ [ 39.210058908502432, -6.802361791467148 ], [ 39.210055572261197, -6.802365605973178 ], [ 39.210056860982604, -6.80237822788038 ], [ 39.21008271307258, -6.802375590659474 ], [ 39.210081395461408, -6.802362685808933 ], [ 39.210078498876577, -6.802359793015794 ], [ 39.210058908502432, -6.802361791467148 ] ] ] } },
{ "type": "Feature", "properties": { "id": 124, "area_m2": 88.241393663774886, "status": "candidate - needs field verification" }, "geometry": { "type": "Polygon", "coordinates": [ [ [ 39.212687157668441, -6.802351933045085 ], [ 39.212661448801029, -6.802392788224683 ], [ 39.212697871175855, -6.802415687445774 ], [ 39.212667763098686, -6.802463533613629 ], [ 39.212690332998307, -6.8024777236012 ], [ 39.21268157329073, -6.802491644065315 ], [ 39.212696745425831, -6.802501182981707 ], [ 39.212762750328373, -6.802396291452066 ], [ 39.212724608267784, -6.802372249686945 ], [ 39.212687157668441, -6.802351933045085 ] ] ] } },
{ "type": "Feature", "properties": { "id": 125, "area_m2": 276.05212350580683, "status": "candidate - needs field verification" }, "geometry": { "type": "Polygon", "coordinates": [ [ [ 39.210269929663539, -6.802365888645815 ], [ 39.210246657926376, -6.802376973806062 ], [ 39.210289702408609, -6.802564406377586 ], [ 39.210301344711944, -6.802593676296761 ], [ 39.210397565312178, -6.802567896571926 ], [ 39.210340498797748, -6.802355088805395 ], [ 39.210319796935217, -6.802354497627394 ], [ 39.210269929663539, -6.802365888645815 ] ] ] } },
{ "type": "Feature", "properties": { "id": 126, "area_m2": 34.645906901004736, "status": "candidate - needs field verification" }, "geometry": { "type": "Polygon", "coordinates": [ [ [ 39.209299165243046, -6.802352316415528 ], [ 39.209298334016843, -6.802453329073767 ], [ 39.209303584293068, -6.802454638651088 ], [ 39.20934950182253, -6.802414388783299 ], [ 39.209312294243595, -6.802363242804227 ], [ 39.209299165243046, -6.802352316415528 ] ] ] } },
{ "type": "Feature", "properties": { "id": 127, "area_m2": 102.63335175677835, "status": "candidate - needs field verification" }, "geometry": { "type": "Polygon", "coordinates": [ [ [ 39.209462036677706, -6.802364872314797 ], [ 39.209501080110385, -6.802444498551141 ], [ 39.209586162204666, -6.802402816727239 ], [ 39.209547118761762, -6.802323190497949 ], [ 39.209462036677706, -6.802364872314797 ] ] ] } },
{ "type": "Feature", "properties": { "id": 128, "area_m2": 116.47675124763066, "status": "candidate - needs field verification" }, "geometry": { "type": "Polygon", "coordinates": [ [ [ 39.212636223211753, -6.802338180487957 ], [ 39.212613905039234, -6.802322448120395 ], [ 39.212601658032938, -6.802327700891824 ], [ 39.212505035142811, -6.802462426367247 ], [ 39.212469159452311, -6.802456320163246 ], [ 39.212452977466157, -6.80246682204972 ], [ 39.212450803345646, -6.802496995502933 ], [ 39.21250768113746, -6.80251052629011 ], [ 39.212604749394856, -6.802393729204601 ], [ 39.212636223211753, -6.802338180487957 ] ] ] } },
{ "type": "Feature", "properties": { "id": 129, "area_m2": 6.475149767394675, "status": "candidate - needs field verification" }, "geometry": { "type": "Polygon", "coordinates": [ [ [ 39.211537708041895, -6.802306302992557 ], [ 39.211532459675027, -6.802309366264976 ], [ 39.211520207874152, -6.802303686945987 ], [ 39.211515834840768, -6.80230762440087 ], [ 39.2115149640981, -6.802317244999059 ], [ 39.211508844223026, -6.80232817973928 ], [ 39.211512346896477, -6.802334737447709 ], [ 39.211517159701131, -6.802336047192079 ], [ 39.211528530238816, -6.802327296569878 ], [ 39.211530277462664, -6.802321173849506 ], [ 39.211537712824608, -6.802317235055935 ], [ 39.211537708041895, -6.802306302992557 ] ] ] } },
{ "type": "Feature", "properties": { "id": 130, "area_m2": 20.646404106822178, "status": "candidate - needs field verification" }, "geometry": { "type": "Polygon", "coordinates": [ [ [ 39.211441899377427, -6.802302846600802 ], [ 39.211417408779845, -6.802321223170483 ], [ 39.211423097108785, -6.802323844381188 ], [ 39.211431419277929, -6.802347016724324 ], [ 39.21144410798081, -6.802351384006795 ], [ 39.211438860568933, -6.80235663369089 ], [ 39.21145198311428, -6.8023526924138 ], [ 39.211455047737907, -6.802357938466204 ], [ 39.211451112561512, -6.802362750294453 ], [ 39.21146161350471, -6.802366243967096 ], [ 39.211470361103338, -6.802361867318518 ], [ 39.211462475833883, -6.802337382937357 ], [ 39.211467285196029, -6.802330821596562 ], [ 39.211449779673273, -6.802315961636408 ], [ 39.211452401657866, -6.802309401251474 ], [ 39.211447152143045, -6.80230984082773 ], [ 39.211448024034411, -6.802302843924843 ], [ 39.211441899377427, -6.802302846600802 ] ] ] } },
{ "type": "Feature", "properties": { "id": 131, "area_m2": 47.423858705486346, "status": "candidate - needs field verification" }, "geometry": { "type": "Polygon", "coordinates": [ [ [ 39.209761153694664, -6.80230596414208 ], [ 39.209758554513677, -6.802316003049492 ], [ 39.209743021854784, -6.802326281100166 ], [ 39.209726127092338, -6.802322911252334 ], [ 39.209715176852384, -6.802330157088702 ], [ 39.20975333822534, -6.802387777426909 ], [ 39.209805278358012, -6.802353408338169 ], [ 39.209769985900074, -6.802300119819824 ], [ 39.209761153694664, -6.80230596414208 ] ] ] } },
{ "type": "Feature", "properties": { "id": 132, "area_m2": 14.355438469865373, "status": "candidate - needs field verification" }, "geometry": { "type": "Polygon", "coordinates": [ [ [ 39.210180657461365, -6.802303396005841 ], [ 39.21017016261024, -6.802313895347425 ], [ 39.210152007576482, -6.802318957195842 ], [ 39.210155953528435, -6.802336235534021 ], [ 39.210190516513208, -6.802328349150483 ], [ 39.210192354132637, -6.802329266557442 ], [ 39.210195853634026, -6.802344589993843 ], [ 39.210200603364108, -6.802343506227445 ], [ 39.210204783280084, -6.802336934382613 ], [ 39.210199238340252, -6.802312654486817 ], [ 39.210194809892556, -6.802309840328405 ], [ 39.210192626617925, -6.802300280317104 ], [ 39.210180657461365, -6.802303396005841 ] ] ] } },
{ "type": "Feature", "properties": { "id": 133, "area_m2": 32.050129118121902, "status": "candidate - needs field verification" }, "geometry": { "type": "Polygon", "coordinates": [ [ [ 39.211587578717932, -6.802302782930194 ], [ 39.211570963642025, -6.802323342477242 ], [ 39.211558357433958, -6.802328336512487 ], [ 39.211563976470437, -6.802351768901961 ], [ 39.211573332798793, -6.802368649049573 ], [ 39.211609953659611, -6.802351006570114 ], [ 39.211607802877054, -6.802346546084939 ], [ 39.21162127964174, -6.802337750803934 ], [ 39.211608317440913, -6.802342676460676 ], [ 39.211604553547915, -6.802334870562562 ], [ 39.211621383928552, -6.802326762350786 ], [ 39.211614267019627, -6.802308018652461 ], [ 39.211603574104991, -6.802295386043955 ], [ 39.211587578717932, -6.802302782930194 ] ] ] } },
{ "type": "Feature", "properties": { "id": 134, "area_m2": 19.485951431828774, "status": "candidate - needs field verification" }, "geometry": { "type": "Polygon", "coordinates": [ [ [ 39.212818007749895, -6.802293196422725 ], [ 39.212812947914593, -6.802303120199787 ], [ 39.212811197922981, -6.802322445852184 ], [ 39.212865530224711, -6.802328421697855 ], [ 39.212867195256599, -6.80230397090705 ], [ 39.212866390997753, -6.802298517949972 ], [ 39.212818007749895, -6.802293196422725 ] ] ] } },
{ "type": "Feature", "properties": { "id": 135, "area_m2": 106.90138263169699, "status": "candidate - needs field verification" }, "geometry": { "type": "Polygon", "coordinates": [ [ [ 39.209589177963174, -6.802257037720529 ], [ 39.209525374858998, -6.802297055781736 ], [ 39.209540589092576, -6.80232129132215 ], [ 39.209559447116213, -6.802315034750359 ], [ 39.209551414660737, -6.802323076707396 ], [ 39.209601071134308, -6.802402177049951 ], [ 39.209626688475041, -6.802386109550524 ], [ 39.209622818456033, -6.8023799448005 ], [ 39.209645654639296, -6.802372281442858 ], [ 39.209656240242907, -6.802363864653816 ], [ 39.209589177963174, -6.802257037720529 ] ] ] } },
{ "type": "Feature", "properties": { "id": 136, "area_m2": 545.14872421160567, "status": "candidate - needs field verification" }, "geometry": { "type": "Polygon", "coordinates": [ [ [ 39.210802789601722, -6.80239932759234 ], [ 39.210934048879096, -6.802437313987785 ], [ 39.211000928456883, -6.802313096564848 ], [ 39.211045560884855, -6.802335815799973 ], [ 39.210948488818296, -6.802444741498409 ], [ 39.211032087508819, -6.802538283533344 ], [ 39.211108184609778, -6.802484027297371 ], [ 39.211064849512226, -6.802426762175124 ], [ 39.211018487783413, -6.802451270220354 ], [ 39.211028530065569, -6.802406225730394 ], [ 39.211093702857745, -6.802380834914132 ], [ 39.211144036227736, -6.802435036002223 ], [ 39.211200461797233, -6.802414896379525 ], [ 39.211087983030865, -6.802306062079206 ], [ 39.210910785419685, -6.802260224659684 ], [ 39.210802789601722, -6.80239932759234 ] ] ] } },
{ "type": "Feature", "properties": { "id": 137, "area_m2": 4.1886344131277511, "status": "candidate - needs field verification" }, "geometry": { "type": "Polygon", "coordinates": [ [ [ 39.212745556683963, -6.802257672440945 ], [ 39.212745122094525, -6.80226423187078 ], [ 39.212748624399168, -6.802269915004784 ], [ 39.212753875451206, -6.802272973674452 ], [ 39.212749064375842, -6.802275599484976 ], [ 39.212744689236672, -6.802274726843129 ], [ 39.212743815440184, -6.802277350922779 ], [ 39.212753878529725, -6.802279970194468 ], [ 39.212763064551901, -6.802277779743111 ], [ 39.212762187099635, -6.80227209545525 ], [ 39.212765246733831, -6.802265972153925 ], [ 39.21276393103647, -6.802258538928399 ], [ 39.212745556683963, -6.802257672440945 ] ] ] } },
{ "type": "Feature", "properties": { "id": 138, "area_m2": 123.94041189272609, "status": "candidate - needs field verification" }, "geometry": { "type": "Polygon", "coordinates": [ [ [ 39.211321152980268, -6.802259938262694 ], [ 39.211314048061581, -6.802273762134464 ], [ 39.211240354758736, -6.802300854615959 ], [ 39.211280135194635, -6.802408964544728 ], [ 39.211357220900311, -6.802380624884306 ], [ 39.211320857452229, -6.802281801230643 ], [ 39.211353382413414, -6.802269843803968 ], [ 39.211346331462892, -6.802250681683929 ], [ 39.211321152980268, -6.802259938262694 ] ] ] } },
{ "type": "Feature", "properties": { "id": 139, "area_m2": 12.604505590002439, "status": "candidate - needs field verification" }, "geometry": { "type": "Polygon", "coordinates": [ [ [ 39.212624968894147, -6.802242773617483 ], [ 39.212609821427741, -6.802254651467409 ], [ 39.212606495335713, -6.802268520263497 ], [ 39.212643682593345, -6.802277430853207 ], [ 39.21265052564884, -6.802248897374867 ], [ 39.212624968894147, -6.802242773617483 ] ] ] } },
{ "type": "Feature", "properties": { "id": 140, "area_m2": 227.05093079283711, "status": "candidate - needs field verification" }, "geometry": { "type": "Polygon", "coordinates": [ [ [ 39.212404403441539, -6.802216788356555 ], [ 39.212383101112714, -6.802250893003446 ], [ 39.212422856999495, -6.802275703294042 ], [ 39.212411446708415, -6.802293970965811 ], [ 39.212369676490454, -6.802267903599505 ], [ 39.212349608074817, -6.802300032765266 ], [ 39.212381606900209, -6.802325611098923 ], [ 39.212421681428573, -6.802348376028659 ], [ 39.212431094523573, -6.80233330583309 ], [ 39.212479187570636, -6.802379354024375 ], [ 39.212507792507616, -6.802396037425446 ], [ 39.212530268387233, -6.802360053934221 ], [ 39.212547725598, -6.80235663193888 ], [ 39.212573825059529, -6.802314847144737 ], [ 39.212555710996128, -6.802300172271306 ], [ 39.212404403441539, -6.802216788356555 ] ] ] } },
{ "type": "Feature", "properties": { "id": 141, "area_m2": 14.464711240052216, "status": "candidate - needs field verification" }, "geometry": { "type": "Polygon", "coordinates": [ [ [ 39.210291796977252, -6.802231602775483 ], [ 39.210292625333317, -6.802243876923968 ], [ 39.210298733343436, -6.802256583723527 ], [ 39.210308817631862, -6.802256988367243 ], [ 39.210333315308176, -6.802254791307529 ], [ 39.210339808590902, -6.802252592113124 ], [ 39.210337108708003, -6.802228594659944 ], [ 39.21033155361286, -6.802227680548682 ], [ 39.210291796977252, -6.802231602775483 ] ] ] } },
{ "type": "Feature", "properties": { "id": 142, "area_m2": 18.759473959597397, "status": "candidate - needs field verification" }, "geometry": { "type": "Polygon", "coordinates": [ [ [ 39.210013511607308, -6.802233940625797 ], [ 39.210010451368142, -6.802238752063078 ], [ 39.210011768352821, -6.802249246275457 ], [ 39.210025778585035, -6.802274602589864 ], [ 39.210053339542362, -6.802274590628135 ], [ 39.210055959456298, -6.802263220141815 ], [ 39.210037569909289, -6.802227370945096 ], [ 39.210027069738231, -6.802225626371432 ], [ 39.210013511607308, -6.802233940625797 ] ] ] } },
{ "type": "Feature", "properties": { "id": 143, "area_m2": 17.49879430986492, "status": "candidate - needs field verification" }, "geometry": { "type": "Polygon", "coordinates": [ [ [ 39.212356623937403, -6.802218925108473 ], [ 39.212324259590773, -6.802239054308219 ], [ 39.212328637033245, -6.802245174344059 ], [ 39.212325576433464, -6.802249111230237 ], [ 39.212327766882929, -6.802256106790777 ], [ 39.212341334382316, -6.802269219315956 ], [ 39.212355332060113, -6.802265714913275 ], [ 39.212371505975362, -6.802236847164576 ], [ 39.212369315909477, -6.802230726169273 ], [ 39.212356625281728, -6.802221986086065 ], [ 39.212356623937403, -6.802218925108473 ] ] ] } },
{ "type": "Feature", "properties": { "id": 144, "area_m2": 110.3355496532089, "status": "candidate - needs field verification" }, "geometry": { "type": "Polygon", "coordinates": [ [ [ 39.209410936844421, -6.802252964227853 ], [ 39.209424486436177, -6.802275761690235 ], [ 39.20942606050059, -6.802276203465663 ], [ 39.209441203072267, -6.802301681145696 ], [ 39.209394539293207, -6.802329391139985 ], [ 39.209414328442506, -6.80236268678021 ], [ 39.209462021373369, -6.802334365651724 ], [ 39.209450532564333, -6.802315035504101 ], [ 39.209526863109112, -6.802269708704538 ], [ 39.209521796174016, -6.802250333216671 ], [ 39.209490798966264, -6.802205540300712 ], [ 39.209410936844421, -6.802252964227853 ] ] ] } },
{ "type": "Feature", "properties": { "id": 145, "area_m2": 7.8233057159211894, "status": "candidate - needs field verification" }, "geometry": { "type": "Polygon", "coordinates": [ [ [ 39.210478437298093, -6.802206384110429 ], [ 39.210477371796813, -6.802224681167252 ], [ 39.210487422905743, -6.802234719105298 ], [ 39.210501652629318, -6.802235547020547 ], [ 39.21050326675978, -6.802207828741048 ], [ 39.210478437298093, -6.802206384110429 ] ] ] } },
{ "type": "Feature", "properties": { "id": 146, "area_m2": 9.1725908657232189, "status": "candidate - needs field verification" }, "geometry": { "type": "Polygon", "coordinates": [ [ [ 39.212809996880118, -6.802202842307067 ], [ 39.212809425163726, -6.802235921897179 ], [ 39.212827792439249, -6.802235772153876 ], [ 39.212832692679221, -6.802233746618114 ], [ 39.212833188606737, -6.802205052103372 ], [ 39.212825153151599, -6.802202977120669 ], [ 39.212809996880118, -6.802202842307067 ] ] ] } },
{ "type": "Feature", "properties": { "id": 147, "area_m2": 65.655552054211185, "status": "candidate - needs field verification" }, "geometry": { "type": "Polygon", "coordinates": [ [ [ 39.209692701333509, -6.802198560174592 ], [ 39.209661777148249, -6.802224472915641 ], [ 39.209647229227485, -6.80224362516459 ], [ 39.209698560551793, -6.802306228838032 ], [ 39.209706262127426, -6.802313209798626 ], [ 39.209730481204403, -6.802291221657017 ], [ 39.209714405754404, -6.802273530794235 ], [ 39.209737650727575, -6.802252427024732 ], [ 39.209709458182282, -6.802215706603199 ], [ 39.209692701333509, -6.802198560174592 ] ] ] } },
{ "type": "Feature", "properties": { "id": 148, "area_m2": 194.53109138780854, "status": "candidate - needs field verification" }, "geometry": { "type": "Polygon", "coordinates": [ [ [ 39.209887820803388, -6.802186801575802 ], [ 39.20985776217583, -6.8022152050341 ], [ 39.20985252594479, -6.802246254373992 ], [ 39.209832860169016, -6.802269729645041 ], [ 39.209846158979815, -6.802283349994726 ], [ 39.209828775111205, -6.802300308509393 ], [ 39.209904040206098, -6.802377393345791 ], [ 39.209982669979503, -6.80230068748387 ], [ 39.20996715458746, -6.802269380636084 ], [ 39.209887820803388, -6.802186801575802 ] ] ] } },
{ "type": "Feature", "properties": { "id": 149, "area_m2": 110.68627088288113, "status": "candidate - needs field verification" }, "geometry": { "type": "Polygon", "coordinates": [ [ [ 39.209323152383227, -6.802181328512818 ], [ 39.209298221203888, -6.802192708645246 ], [ 39.209298260006506, -6.802282351578198 ], [ 39.209326693077031, -6.802275780040471 ], [ 39.209305267376003, -6.802300277137501 ], [ 39.209356477197822, -6.802358413583061 ], [ 39.209368726325501, -6.80235797100121 ], [ 39.20939015221505, -6.802333911184027 ], [ 39.209360388917418, -6.802299378729251 ], [ 39.209387502744264, -6.802277065582243 ], [ 39.209358619702854, -6.802254776661348 ], [ 39.209358612129421, -6.802237285357441 ], [ 39.209323152383227, -6.802181328512818 ] ] ] } },
{ "type": "Feature", "properties": { "id": 150, "area_m2": 11.075811612696056, "status": "candidate - needs field verification" }, "geometry": { "type": "Polygon", "coordinates": [ [ [ 39.212647949452766, -6.802186085794919 ], [ 39.212633073642209, -6.802184906759405 ], [ 39.212633098771079, -6.802196939584406 ], [ 39.212634296462497, -6.802207000957938 ], [ 39.212647979472152, -6.802211800654191 ], [ 39.212659942216611, -6.802213162577456 ], [ 39.212663726085701, -6.802206109061265 ], [ 39.212664398076804, -6.80219902222431 ], [ 39.212666226828752, -6.802199167168474 ], [ 39.212666572321432, -6.802194811950475 ], [ 39.212667536936628, -6.802194888404452 ], [ 39.212668377519037, -6.802184292174517 ], [ 39.212660576890627, -6.802176501837387 ], [ 39.212647949452766, -6.802186085794919 ] ] ] } },
{ "type": "Feature", "properties": { "id": 151, "area_m2": 20.619031226226149, "status": "candidate - needs field verification" }, "geometry": { "type": "Polygon", "coordinates": [ [ [ 39.210444838002218, -6.802170528999987 ], [ 39.210432475278687, -6.802218839765687 ], [ 39.210442232810998, -6.802222822324536 ], [ 39.210463113007926, -6.80222825612096 ], [ 39.210476265550234, -6.802176858906721 ], [ 39.210462772269068, -6.802172525887943 ], [ 39.210444838002218, -6.802170528999987 ] ] ] } },
{ "type": "Feature", "properties": { "id": 152, "area_m2": 26.114412208978205, "status": "candidate - needs field verification" }, "geometry": { "type": "Polygon", "coordinates": [ [ [ 39.209406706784954, -6.802173421278102 ], [ 39.209355528406391, -6.802187873748542 ], [ 39.20936078587463, -6.802205800064098 ], [ 39.209375668940076, -6.80222634591135 ], [ 39.209381356500138, -6.802227218016041 ], [ 39.209420717362434, -6.802199652176324 ], [ 39.209420713953406, -6.802191781089578 ], [ 39.209406706784954, -6.802173421278102 ] ] ] } },
{ "type": "Feature", "properties": { "id": 153, "area_m2": 38.65117417765093, "status": "candidate - needs field verification" }, "geometry": { "type": "Polygon", "coordinates": [ [ [ 39.212731866635472, -6.802171309156336 ], [ 39.21272410961506, -6.802233194043718 ], [ 39.21272419802569, -6.802247671352898 ], [ 39.212730654400538, -6.802254119207219 ], [ 39.212763906216395, -6.802256160383108 ], [ 39.212765669200714, -6.802231863926481 ], [ 39.212766415899509, -6.802177043704196 ], [ 39.212753393722551, -6.802172398891255 ], [ 39.212731866635472, -6.802171309156336 ] ] ] } },
{ "type": "Feature", "properties": { "id": 154, "area_m2": 42.918031455037017, "status": "candidate - needs field verification" }, "geometry": { "type": "Polygon", "coordinates": [ [ [ 39.2128605476302, -6.802163479262261 ], [ 39.212857077688632, -6.802177600690538 ], [ 39.212849433355998, -6.802281995533715 ], [ 39.21285530190486, -6.802289454543397 ], [ 39.212876959235714, -6.802291067451891 ], [ 39.212886326517925, -6.802165399120004 ], [ 39.2128605476302, -6.802163479262261 ] ] ] } },
{ "type": "Feature", "properties": { "id": 155, "area_m2": 11.94177418581871, "status": "candidate - needs field verification" }, "geometry": { "type": "Polygon", "coordinates": [ [ [ 39.211518394464314, -6.802158509908462 ], [ 39.211508640133175, -6.802165716172443 ], [ 39.211521469192718, -6.802194665218556 ], [ 39.211538633102514, -6.802187065564234 ], [ 39.211537078986993, -6.802183558669949 ], [ 39.211546157529632, -6.802179538968598 ], [ 39.211547755911376, -6.802176340117816 ], [ 39.211543041185237, -6.802165701239441 ], [ 39.211540529551357, -6.80216478956343 ], [ 39.21153475338145, -6.802151755514007 ], [ 39.211518394464314, -6.802158509908462 ] ] ] } },
{ "type": "Feature", "properties": { "id": 156, "area_m2": 12.577900651981468, "status": "candidate - needs field verification" }, "geometry": { "type": "Polygon", "coordinates": [ [ [ 39.212829591646702, -6.802132384583971 ], [ 39.212829807535343, -6.802135882191631 ], [ 39.212820705342445, -6.802136443526189 ], [ 39.212821358223152, -6.802147020836594 ], [ 39.212811787347754, -6.802147611074751 ], [ 39.212813413366931, -6.802173954192574 ], [ 39.212830973566767, -6.802172871250715 ], [ 39.212830053860117, -6.802157971103072 ], [ 39.212849939752502, -6.802156744734431 ], [ 39.212848750257891, -6.802142621746261 ], [ 39.212844704892092, -6.802131452545908 ], [ 39.212829591646702, -6.802132384583971 ] ] ] } },
{ "type": "Feature", "properties": { "id": 157, "area_m2": 61.488594837551908, "status": "candidate - needs field verification" }, "geometry": { "type": "Polygon", "coordinates": [ [ [ 39.209598581413971, -6.802155050871219 ], [ 39.209604009533763, -6.802176396844499 ], [ 39.209612427622147, -6.802196111880301 ], [ 39.20969063327302, -6.802184667690441 ], [ 39.209714640300398, -6.802178169969547 ], [ 39.209703140864022, -6.802130073622329 ], [ 39.209598581413971, -6.802155050871219 ] ] ] } },
{ "type": "Feature", "properties": { "id": 158, "area_m2": 140.37185732579277, "status": "candidate - needs field verification" }, "geometry": { "type": "Polygon", "coordinates": [ [ [ 39.211461395869591, -6.802139310782373 ], [ 39.211459468635859, -6.802144374193417 ], [ 39.211431307357422, -6.802153641894879 ], [ 39.211439283346188, -6.802177856754735 ], [ 39.21143286956864, -6.802195123100401 ], [ 39.21146780469612, -6.802301185055832 ], [ 39.211557749937761, -6.802271584630442 ], [ 39.21154143004356, -6.80222203797563 ], [ 39.211514911807733, -6.80223076496575 ], [ 39.211489088396249, -6.802169454781607 ], [ 39.21149114945765, -6.802152119846901 ], [ 39.211506643203066, -6.802147020949829 ], [ 39.211499926897254, -6.80212663045749 ], [ 39.211461395869591, -6.802139310782373 ] ] ] } },
{ "type": "Feature", "properties": { "id": 159, "area_m2": 159.82014454337039, "status": "candidate - needs field verification" }, "geometry": { "type": "Polygon", "coordinates": [ [ [ 39.211076613742271, -6.802114958504775 ], [ 39.211016991113141, -6.802205256876984 ], [ 39.21115347496324, -6.802295295607805 ], [ 39.21117823764564, -6.802257792555204 ], [ 39.211112690996664, -6.80221455128037 ], [ 39.211149910979366, -6.802158181660247 ], [ 39.211094464219897, -6.802120651415907 ], [ 39.211076613742271, -6.802114958504775 ] ] ] } },
{ "type": "Feature", "properties": { "id": 160, "area_m2": 272.86076204198997, "status": "candidate - needs field verification" }, "geometry": { "type": "Polygon", "coordinates": [ [ [ 39.210021537876152, -6.80214335747925 ], [ 39.210087539290186, -6.802269440792657 ], [ 39.210073529057098, -6.802276768328714 ], [ 39.21009169385966, -6.802311468762774 ], [ 39.210155862720491, -6.802277907599235 ], [ 39.21017226127681, -6.802284189124772 ], [ 39.210214424424045, -6.802262137232064 ], [ 39.210124152054291, -6.802089688900979 ], [ 39.210021537876152, -6.80214335747925 ] ] ] } },
{ "type": "Feature", "properties": { "id": 161, "area_m2": 598.24214818568441, "status": "candidate - needs field verification" }, "geometry": { "type": "Polygon", "coordinates": [ [ [ 39.210639471949172, -6.802079745091728 ], [ 39.210594504931649, -6.802293158592731 ], [ 39.21061423266265, -6.802388040341335 ], [ 39.210747232487002, -6.802404599181219 ], [ 39.210820203973149, -6.802205166514814 ], [ 39.210736633778382, -6.802176779540531 ], [ 39.210713906209492, -6.802225327810008 ], [ 39.210650028888132, -6.802211799856012 ], [ 39.210663130861164, -6.802160632083483 ], [ 39.210806631749449, -6.802181121881673 ], [ 39.210830245506855, -6.802158372897878 ], [ 39.210815359904707, -6.80213214242386 ], [ 39.210639471949172, -6.802079745091728 ] ] ] } },
{ "type": "Feature", "properties": { "id": 162, "area_m2": 6.5325348314337983, "status": "candidate - needs field verification" }, "geometry": { "type": "Polygon", "coordinates": [ [ [ 39.210255996680971, -6.802069894220742 ], [ 39.210255180218191, -6.802090576529263 ], [ 39.210280997444791, -6.802091594801423 ], [ 39.210281813906455, -6.802070912492877 ], [ 39.210255996680971, -6.802069894220742 ] ] ] } },
{ "type": "Feature", "properties": { "id": 163, "area_m2": 246.60990786218122, "status": "candidate - needs field verification" }, "geometry": { "type": "Polygon", "coordinates": [ [ [ 39.212086651650104, -6.802055266103968 ], [ 39.2120899287413, -6.802092607213608 ], [ 39.212061707408161, -6.802086557796303 ], [ 39.211995889862443, -6.802108403007104 ], [ 39.212005673001151, -6.802219878061709 ], [ 39.212114108013871, -6.802210370094286 ], [ 39.212107167960788, -6.802131291100635 ], [ 39.212133590770833, -6.802128974251116 ], [ 39.212130023213135, -6.802088323440922 ], [ 39.212167769534013, -6.802127255987046 ], [ 39.21219619075022, -6.802124763906234 ], [ 39.212200389951654, -6.802093056248077 ], [ 39.212187993744969, -6.802046380050458 ], [ 39.212086651650104, -6.802055266103968 ] ] ] } },
{ "type": "Feature", "properties": { "id": 164, "area_m2": 62.494191764284871, "status": "candidate - needs field verification" }, "geometry": { "type": "Polygon", "coordinates": [ [ [ 39.209306909952382, -6.802052337146147 ], [ 39.209298161202831, -6.802054090060477 ], [ 39.209298208711452, -6.802163847993602 ], [ 39.209340633226731, -6.802139341814166 ], [ 39.209355935399579, -6.802117471060763 ], [ 39.209366435376964, -6.802118778366523 ], [ 39.209379554715561, -6.802107403341078 ], [ 39.209369920032728, -6.802083794244465 ], [ 39.209354168458525, -6.80207811638368 ], [ 39.20934804721135, -6.802085990119875 ], [ 39.209306909952382, -6.802052337146147 ] ] ] } },
{ "type": "Feature", "properties": { "id": 165, "area_m2": 33.01485149163485, "status": "candidate - needs field verification" }, "geometry": { "type": "Polygon", "coordinates": [ [ [ 39.21162115084266, -6.802043459657867 ], [ 39.211552904128105, -6.802042177646975 ], [ 39.211538033795279, -6.80205092979938 ], [ 39.211566914433419, -6.80206753391468 ], [ 39.211576533532217, -6.802055285796139 ], [ 39.211591409030881, -6.802058340271108 ], [ 39.211588790685056, -6.802073209024991 ], [ 39.211604103468268, -6.802075826025745 ], [ 39.211604982437471, -6.802085008576484 ], [ 39.211582239079576, -6.802097262433498 ], [ 39.211569543685712, -6.802077590265592 ], [ 39.211561241030019, -6.802099020743583 ], [ 39.211607177659921, -6.802102936204105 ], [ 39.211621174956171, -6.802098557257541 ], [ 39.21162115084266, -6.802043459657867 ] ] ] } },
{ "type": "Feature", "properties": { "id": 166, "area_m2": 21.950313726773537, "status": "candidate - needs field verification" }, "geometry": { "type": "Polygon", "coordinates": [ [ [ 39.212874076660974, -6.802035476373343 ], [ 39.212866646319881, -6.802050784532078 ], [ 39.212860119803565, -6.802131684681095 ], [ 39.212864061123859, -6.802140865881852 ], [ 39.212880686725853, -6.802144356829675 ], [ 39.212881514509711, -6.802037222232073 ], [ 39.212874076660974, -6.802035476373343 ] ] ] } },
{ "type": "Feature", "properties": { "id": 167, "area_m2": 24.09533659716363, "status": "candidate - needs field verification" }, "geometry": { "type": "Polygon", "coordinates": [ [ [ 39.211102077722664, -6.802028109589256 ], [ 39.211090055050327, -6.802041817264307 ], [ 39.211090059198639, -6.802051319746099 ], [ 39.211081086611877, -6.802051851239894 ], [ 39.211070814973382, -6.802062065857476 ], [ 39.211065111349178, -6.802073775216471 ], [ 39.211074760649858, -6.802081304572622 ], [ 39.211093709505811, -6.802089418301348 ], [ 39.211120250254041, -6.802063356142775 ], [ 39.211129616539957, -6.802052241946443 ], [ 39.211102077722664, -6.802028109589256 ] ] ] } },
{ "type": "Feature", "properties": { "id": 168, "area_m2": 74.208347593523257, "status": "candidate - needs field verification" }, "geometry": { "type": "Polygon", "coordinates": [ [ [ 39.212374911669059, -6.802022577196555 ], [ 39.212341260450167, -6.802100865547813 ], [ 39.21236751223249, -6.802108287833191 ], [ 39.212389380811352, -6.802096471606373 ], [ 39.212408634526149, -6.802107395221378 ], [ 39.212407336699073, -6.802140629268442 ], [ 39.212431405142176, -6.80215723544304 ], [ 39.212466375884972, -6.802095125962839 ], [ 39.21240118496074, -6.802078975121959 ], [ 39.212389380043064, -6.802094722476307 ], [ 39.212381933936157, -6.802074173461833 ], [ 39.212402051843782, -6.802060608872337 ], [ 39.212406851777992, -6.802032620679364 ], [ 39.212374911669059, -6.802022577196555 ] ] ] } },
{ "type": "Feature", "properties": { "id": 169, "area_m2": 10.653268782109702, "status": "candidate - needs field verification" }, "geometry": { "type": "Polygon", "coordinates": [ [ [ 39.211219974945806, -6.802018272518467 ], [ 39.211212103829446, -6.802026147041011 ], [ 39.211211234418087, -6.802038828616794 ], [ 39.211221738790876, -6.802050193380843 ], [ 39.211240113134551, -6.802051059926488 ], [ 39.211247982531489, -6.802039249860561 ], [ 39.211248417905324, -6.802034439561569 ], [ 39.211229162499073, -6.80201958035653 ], [ 39.211219974945806, -6.802018272518467 ] ] ] } },
{ "type": "Feature", "properties": { "id": 170, "area_m2": 697.2493145601627, "status": "candidate - needs field verification" }, "geometry": { "type": "Polygon", "coordinates": [ [ [ 39.210394018040319, -6.802010323918051 ], [ 39.2103442171937, -6.802174326561049 ], [ 39.210387973677477, -6.802194859825719 ], [ 39.210351237725867, -6.802222424601519 ], [ 39.210386335462744, -6.802451545453622 ], [ 39.210576636042077, -6.802448401706874 ], [ 39.210569597201875, -6.80235832454502 ], [ 39.210417800979137, -6.802376319157926 ], [ 39.210417764061667, -6.802291486340025 ], [ 39.210527577460837, -6.802307618039457 ], [ 39.210571283499313, -6.802212271407561 ], [ 39.210417736278728, -6.802227643085125 ], [ 39.210416812042496, -6.802114387280046 ], [ 39.210475884920356, -6.802145845943666 ], [ 39.210510423201924, -6.802094668851512 ], [ 39.210414159979472, -6.802051857013613 ], [ 39.210532729113091, -6.802082415234342 ], [ 39.210559878670573, -6.802142311146013 ], [ 39.210587839767882, -6.80205659158081 ], [ 39.210394018040319, -6.802010323918051 ] ] ] } },
{ "type": "Feature", "properties": { "id": 171, "area_m2": 5.38154814762414, "status": "candidate - needs field verification" }, "geometry": { "type": "Polygon", "coordinates": [ [ [ 39.211985984692063, -6.801996510752371 ], [ 39.211986008463562, -6.802050733785806 ], [ 39.212003507473774, -6.802050726120612 ], [ 39.212001751821141, -6.802037608411346 ], [ 39.211997812435065, -6.802032800028266 ], [ 39.211999123518765, -6.802029738475665 ], [ 39.211986868269243, -6.802016188082892 ], [ 39.21198949024496, -6.802009627695241 ], [ 39.211986864626823, -6.80200787971486 ], [ 39.211985984692063, -6.801996510752371 ] ] ] } },
{ "type": "Feature", "properties": { "id": 172, "area_m2": 55.80293162303802, "status": "candidate - needs field verification" }, "geometry": { "type": "Polygon", "coordinates": [ [ [ 39.209787669913325, -6.801993533109174 ], [ 39.209765324833334, -6.802002944390586 ], [ 39.209778911403745, -6.80205258996983 ], [ 39.209780407799364, -6.802053468941925 ], [ 39.209773293684904, -6.802067706333924 ], [ 39.209776122769568, -6.802078043860229 ], [ 39.209840184504081, -6.80206052744014 ], [ 39.20981971664829, -6.801985737551356 ], [ 39.209787669913325, -6.801993533109174 ] ] ] } },
{ "type": "Feature", "properties": { "id": 173, "area_m2": 14.316875952005192, "status": "candidate - needs field verification" }, "geometry": { "type": "Polygon", "coordinates": [ [ [ 39.209320882283066, -6.801990236961909 ], [ 39.209317906048184, -6.80200058931749 ], [ 39.209361274178299, -6.802020835729401 ], [ 39.209372334271862, -6.801997165698187 ], [ 39.209347567517618, -6.801988476288868 ], [ 39.209329575512804, -6.801979735919033 ], [ 39.209320882283066, -6.801990236961909 ] ] ] } },
{ "type": "Feature", "properties": { "id": 174, "area_m2": 188.82198938808557, "status": "candidate - needs field verification" }, "geometry": { "type": "Polygon", "coordinates": [ [ [ 39.21098547790789, -6.801994761541373 ], [ 39.210892466181818, -6.802101638987681 ], [ 39.210958910425667, -6.802164839243495 ], [ 39.211002162455756, -6.802133372863754 ], [ 39.211026439834889, -6.802105614200721 ], [ 39.211013142483509, -6.802092966066041 ], [ 39.211058382643131, -6.802045445673523 ], [ 39.211027047978568, -6.80201748211444 ], [ 39.211023133687924, -6.802009013368183 ], [ 39.211038190300606, -6.801993197857544 ], [ 39.211013768397819, -6.801969968299983 ], [ 39.21098547790789, -6.801994761541373 ] ] ] } },
{ "type": "Feature", "properties": { "id": 175, "area_m2": 25.696132956517516, "status": "candidate - needs field verification" }, "geometry": { "type": "Polygon", "coordinates": [ [ [ 39.210817474453343, -6.801965099532962 ], [ 39.210807857433608, -6.801982157745184 ], [ 39.210806557399415, -6.802010581683342 ], [ 39.210819685851305, -6.802020196182871 ], [ 39.21083981123865, -6.802023685676858 ], [ 39.210853804154588, -6.802009249253458 ], [ 39.210859923278171, -6.801996565390811 ], [ 39.210827536764512, -6.801965969715027 ], [ 39.210817474453343, -6.801965099532962 ] ] ] } },
{ "type": "Feature", "properties": { "id": 176, "area_m2": 69.725584779776341, "status": "candidate - needs field verification" }, "geometry": { "type": "Polygon", "coordinates": [ [ [ 39.21279343390615, -6.801964950454161 ], [ 39.21278901887591, -6.802049005945107 ], [ 39.212836653545843, -6.802051505758901 ], [ 39.212837407434911, -6.802037152826969 ], [ 39.212861412561224, -6.802038412587195 ], [ 39.212862752639928, -6.802012899446635 ], [ 39.212880634531324, -6.802013837866084 ], [ 39.212882299977345, -6.801982130182314 ], [ 39.212827316455851, -6.801979244713182 ], [ 39.212813770974535, -6.801966017721297 ], [ 39.21279343390615, -6.801964950454161 ] ] ] } },
{ "type": "Feature", "properties": { "id": 177, "area_m2": 131.97011051771793, "status": "candidate - needs field verification" }, "geometry": { "type": "Polygon", "coordinates": [ [ [ 39.210601003169948, -6.801952007739235 ], [ 39.210593052715453, -6.801972193760994 ], [ 39.210590088732907, -6.801988525400124 ], [ 39.210629284908791, -6.801998172938793 ], [ 39.210623266030055, -6.802022605004112 ], [ 39.210661762615501, -6.802032508863561 ], [ 39.210681446526095, -6.802026815620715 ], [ 39.210770959706942, -6.802049909218942 ], [ 39.210782421649341, -6.802042264077668 ], [ 39.210792158047525, -6.802002741657872 ], [ 39.210777240076652, -6.801995726842502 ], [ 39.210640731419197, -6.8019581799672 ], [ 39.210601003169948, -6.801952007739235 ] ] ] } },
{ "type": "Feature", "properties": { "id": 178, "area_m2": 70.890926322369012, "status": "candidate - needs field verification" }, "geometry": { "type": "Polygon", "coordinates": [ [ [ 39.211337743269233, -6.801945454566901 ], [ 39.211313111267472, -6.801970961911161 ], [ 39.211288314567987, -6.801972713690112 ], [ 39.21129021986485, -6.801999659718385 ], [ 39.211261974660935, -6.802001655117679 ], [ 39.211263732596322, -6.802041429398674 ], [ 39.211267311401542, -6.802048311893247 ], [ 39.211307136397899, -6.802045498431858 ], [ 39.211304499902191, -6.802008211305695 ], [ 39.211371173663004, -6.80200350108957 ], [ 39.211366923544247, -6.801943393104207 ], [ 39.211337743269233, -6.801945454566901 ] ] ] } },
{ "type": "Feature", "properties": { "id": 179, "area_m2": 37.520704810540352, "status": "candidate - needs field verification" }, "geometry": { "type": "Polygon", "coordinates": [ [ [ 39.211210314390804, -6.801935630316759 ], [ 39.211190065294325, -6.801937104154195 ], [ 39.211182729080157, -6.80194444354335 ], [ 39.211180797120072, -6.801970761910979 ], [ 39.211185818057956, -6.801975776257826 ], [ 39.211258774640406, -6.801981127080857 ], [ 39.2112612288389, -6.801947694381345 ], [ 39.211241814322527, -6.80193955211262 ], [ 39.211210314390804, -6.801935630316759 ] ] ] } },
{ "type": "Feature", "properties": { "id": 180, "area_m2": 135.86973221626835, "status": "candidate - needs field verification" }, "geometry": { "type": "Polygon", "coordinates": [ [ [ 39.209843551539315, -6.80194781855138 ], [ 39.2098560579646, -6.801994919851152 ], [ 39.209867628501826, -6.802003250104729 ], [ 39.20988951464026, -6.802085676946747 ], [ 39.209968857234543, -6.802064628293728 ], [ 39.209939749711502, -6.801955004574951 ], [ 39.209900825744747, -6.801965330644959 ], [ 39.209892712976419, -6.801934776606252 ], [ 39.209843551539315, -6.80194781855138 ] ] ] } },
{ "type": "Feature", "properties": { "id": 181, "area_m2": 143.88016198567695, "status": "candidate - needs field verification" }, "geometry": { "type": "Polygon", "coordinates": [ [ [ 39.209680065094666, -6.801918562080294 ], [ 39.20961343968348, -6.802051427846923 ], [ 39.209645960156735, -6.802067932570521 ], [ 39.209667258038344, -6.802072630147171 ], [ 39.2096757992066, -6.802055597174037 ], [ 39.209706919676925, -6.802071188755249 ], [ 39.209714973050588, -6.802055128548824 ], [ 39.209711631127355, -6.802053454221229 ], [ 39.209729502203672, -6.802031601912371 ], [ 39.209749168459545, -6.801988013342934 ], [ 39.209715936337176, -6.801971363809121 ], [ 39.209729039879264, -6.801945232444139 ], [ 39.209711960331127, -6.801932783629374 ], [ 39.209680065094666, -6.801918562080294 ] ] ] } },
{ "type": "Feature", "properties": { "id": 182, "area_m2": 123.87869160412775, "status": "candidate - needs field verification" }, "geometry": { "type": "Polygon", "coordinates": [ [ [ 39.210118420573231, -6.801915094870862 ], [ 39.210037292553324, -6.801967338655338 ], [ 39.210030960350352, -6.801987412147281 ], [ 39.21006429699969, -6.802039134187233 ], [ 39.210081234052339, -6.802035384904098 ], [ 39.210181442201552, -6.801965863352264 ], [ 39.210153362454946, -6.801922297449861 ], [ 39.210131950230974, -6.801936086224325 ], [ 39.210118420573231, -6.801915094870862 ] ] ] } },
{ "type": "Feature", "properties": { "id": 183, "area_m2": 14.217023867093337, "status": "candidate - needs field verification" }, "geometry": { "type": "Polygon", "coordinates": [ [ [ 39.210216517926554, -6.801910807502593 ], [ 39.21020761346648, -6.801918138275427 ], [ 39.21019649124387, -6.801931059936621 ], [ 39.210225012928561, -6.801956749125651 ], [ 39.210245553578325, -6.801933963736108 ], [ 39.210229049940693, -6.80191856624699 ], [ 39.210216517926554, -6.801910807502593 ] ] ] } },
{ "type": "Feature", "properties": { "id": 184, "area_m2": 5.2948137846737495, "status": "candidate - needs field verification" }, "geometry": { "type": "Polygon", "coordinates": [ [ [ 39.209817417289969, -6.801909013107868 ], [ 39.209812861717815, -6.801912304062076 ], [ 39.209814787689744, -6.801914967782003 ], [ 39.209809829274569, -6.80191854975071 ], [ 39.209809269188256, -6.80192417277802 ], [ 39.209818931243674, -6.801937535905607 ], [ 39.209832773138857, -6.801927536493506 ], [ 39.209833822295899, -6.801923333966712 ], [ 39.209824027720764, -6.801909787557863 ], [ 39.209817417289969, -6.801909013107868 ] ] ] } },
{ "type": "Feature", "properties": { "id": 185, "area_m2": 442.93552910308688, "status": "candidate - needs field verification" }, "geometry": { "type": "Polygon", "coordinates": [ [ [ 39.211484598317121, -6.801905775320732 ], [ 39.211451791888507, -6.801915409872951 ], [ 39.211457938340317, -6.801965257407054 ], [ 39.2113809503524, -6.801982782343802 ], [ 39.211401996383465, -6.802090781960194 ], [ 39.211358265864057, -6.802129719214149 ], [ 39.211366162020077, -6.802179128702411 ], [ 39.211329397269147, -6.802140663886638 ], [ 39.211250668898955, -6.802180053694954 ], [ 39.21125594076554, -6.802230776178631 ], [ 39.2112874517995, -6.802260060358387 ], [ 39.211423042615841, -6.802199218857458 ], [ 39.21140201492792, -6.802133198366834 ], [ 39.211529737451308, -6.802086790600685 ], [ 39.211521365165702, -6.801949050233211 ], [ 39.211484598317121, -6.801905775320732 ] ] ] } },
{ "type": "Feature", "properties": { "id": 186, "area_m2": 258.96824028044227, "status": "candidate - needs field verification" }, "geometry": { "type": "Polygon", "coordinates": [ [ [ 39.209471389104266, -6.801876132212466 ], [ 39.209444240127432, -6.801948420773068 ], [ 39.209513332437368, -6.801974346504107 ], [ 39.209525169024744, -6.801957352362288 ], [ 39.209494153210592, -6.802032380378009 ], [ 39.209516722680121, -6.802040849190212 ], [ 39.209505229932198, -6.802071450500097 ], [ 39.209527338959397, -6.802079746537774 ], [ 39.209522976743031, -6.802091361648462 ], [ 39.209572999304207, -6.802110131761779 ], [ 39.209631064717755, -6.801955523062363 ], [ 39.209541184678685, -6.80192179710544 ], [ 39.2095475954536, -6.801904727366674 ], [ 39.209471389104266, -6.801876132212466 ] ] ] } },
{ "type": "Feature", "properties": { "id": 187, "area_m2": 42.358708298474959, "status": "candidate - needs field verification" }, "geometry": { "type": "Polygon", "coordinates": [ [ [ 39.211150514473367, -6.801843992536604 ], [ 39.211127341861285, -6.801861886639402 ], [ 39.211125169184498, -6.801872769938048 ], [ 39.211168312954825, -6.801926902991968 ], [ 39.211177402017803, -6.801934137593948 ], [ 39.211204238599244, -6.801913414138824 ], [ 39.21120067618552, -6.801904150173114 ], [ 39.211160842841664, -6.801851256355108 ], [ 39.211150514473367, -6.801843992536604 ] ] ] } },
{ "type": "Feature", "properties": { "id": 188, "area_m2": 4.5777042184116121, "status": "candidate - needs field verification" }, "geometry": { "type": "Polygon", "coordinates": [ [ [ 39.2097582852819, -6.801823442885134 ], [ 39.209758724274501, -6.801826940956283 ], [ 39.209762224454806, -6.801827814004642 ], [ 39.209807284012307, -6.801826919907975 ], [ 39.209803782124396, -6.801822111316622 ], [ 39.209797657472848, -6.801822113971587 ], [ 39.209791530354998, -6.80181643195275 ], [ 39.209786281602284, -6.801818620641281 ], [ 39.20977928048292, -6.801815125414499 ], [ 39.209773157918143, -6.801819938177688 ], [ 39.209768782787656, -6.80181906550863 ], [ 39.2097582852819, -6.801823442885134 ] ] ] } },
{ "type": "Feature", "properties": { "id": 189, "area_m2": 8.8539669688323173, "status": "candidate - needs field verification" }, "geometry": { "type": "Polygon", "coordinates": [ [ [ 39.209522910595766, -6.801793372334281 ], [ 39.209522051371714, -6.801829667168957 ], [ 39.209509364403615, -6.801829235378458 ], [ 39.209509369897972, -6.801841916573894 ], [ 39.209519435994451, -6.80185153243531 ], [ 39.209531241381022, -6.801836659713314 ], [ 39.209536045459629, -6.801817854478105 ], [ 39.209536041669942, -6.801809108826085 ], [ 39.209529039226076, -6.801802552617435 ], [ 39.209528161623211, -6.801796431039796 ], [ 39.209522910595766, -6.801793372334281 ] ] ] } },
{ "type": "Feature", "properties": { "id": 190, "area_m2": 826.39279634520608, "status": "candidate - needs field verification" }, "geometry": { "type": "Polygon", "coordinates": [ [ [ 39.212597937513799, -6.80182570210861 ], [ 39.212657885824207, -6.801858034683658 ], [ 39.21250784014061, -6.80187690374136 ], [ 39.212536291781376, -6.801912748420936 ], [ 39.21241072355307, -6.801883505613094 ], [ 39.212375779513359, -6.802006397359486 ], [ 39.212431368448968, -6.802073714482995 ], [ 39.212543335014409, -6.802012008477468 ], [ 39.212486044786147, -6.802055324611224 ], [ 39.212580112729306, -6.802079771126702 ], [ 39.212557841858171, -6.802171610253345 ], [ 39.21259639814599, -6.802140171419665 ], [ 39.212619459353114, -6.802020283409477 ], [ 39.212565623374608, -6.801959962059673 ], [ 39.21271655922812, -6.801975637916969 ], [ 39.212718789502091, -6.802073150954588 ], [ 39.212643558565318, -6.802106854774849 ], [ 39.212755557625847, -6.802119049464221 ], [ 39.212755030106905, -6.80191440144377 ], [ 39.212725733510013, -6.801946773233494 ], [ 39.212657458349184, -6.801880773566469 ], [ 39.21274101128013, -6.801869804781727 ], [ 39.212739224250278, -6.801785410026537 ], [ 39.212628543653217, -6.801786770512155 ], [ 39.212597937513799, -6.80182570210861 ] ] ] } },
{ "type": "Feature", "properties": { "id": 191, "area_m2": 33.178613197895913, "status": "candidate - needs field verification" }, "geometry": { "type": "Polygon", "coordinates": [ [ [ 39.209890384734024, -6.801781843761173 ], [ 39.209870133942523, -6.801789664415574 ], [ 39.20987107902193, -6.801807823106161 ], [ 39.209866630163518, -6.80180805444579 ], [ 39.20986766746752, -6.801827985135025 ], [ 39.209889740832878, -6.801826837324574 ], [ 39.209890253862852, -6.801836694638501 ], [ 39.209908201718029, -6.801835761352991 ], [ 39.209915342022235, -6.801827597451243 ], [ 39.20992630158085, -6.801827027555494 ], [ 39.209929332734582, -6.80181112480803 ], [ 39.209921000572834, -6.801781565080449 ], [ 39.209890384734024, -6.801781843761173 ] ] ] } },
{ "type": "Feature", "properties": { "id": 192, "area_m2": 305.25432448010127, "status": "candidate - needs field verification" }, "geometry": { "type": "Polygon", "coordinates": [ [ [ 39.212320741364209, -6.801773023520426 ], [ 39.212310427551195, -6.801814674999017 ], [ 39.212346195951298, -6.801823524239595 ], [ 39.212334648926081, -6.801870155949108 ], [ 39.212246878154644, -6.801848441115514 ], [ 39.212216719241574, -6.801970235268815 ], [ 39.212345958342439, -6.802002209522986 ], [ 39.212375749854452, -6.80188189895662 ], [ 39.212399965107323, -6.801887889899762 ], [ 39.212424260308282, -6.801826652933499 ], [ 39.212429470067903, -6.801799923413353 ], [ 39.212320741364209, -6.801773023520426 ] ] ] } },
{ "type": "Feature", "properties": { "id": 193, "area_m2": 256.98937061879735, "status": "candidate - needs field verification" }, "geometry": { "type": "Polygon", "coordinates": [ [ [ 39.210942948003215, -6.80177745060677 ], [ 39.21093421013807, -6.801804128656382 ], [ 39.210876454848432, -6.801784476105281 ], [ 39.210869911601073, -6.801827769938175 ], [ 39.210827476899027, -6.801828662990316 ], [ 39.210827928482459, -6.801861021709452 ], [ 39.21091588310582, -6.801911708173945 ], [ 39.210869082226168, -6.801932280851694 ], [ 39.210895795484809, -6.801994800629846 ], [ 39.210866047931503, -6.801996562722337 ], [ 39.210866064521767, -6.802034606305018 ], [ 39.210810960367191, -6.802075297596763 ], [ 39.210837656847936, -6.802099336512575 ], [ 39.210950903819871, -6.801963729545098 ], [ 39.210919389964403, -6.801927886103442 ], [ 39.21095044745875, -6.801920438762483 ], [ 39.210981914380575, -6.801848710692721 ], [ 39.210953468388333, -6.801825547112255 ], [ 39.210978833166727, -6.801805421054248 ], [ 39.210942948003215, -6.80177745060677 ] ] ] } },
{ "type": "Feature", "properties": { "id": 194, "area_m2": 221.63542678514966, "status": "candidate - needs field verification" }, "geometry": { "type": "Polygon", "coordinates": [ [ [ 39.212033571124437, -6.801772163926095 ], [ 39.211985906094128, -6.801817224915163 ], [ 39.211977639883074, -6.801921739080607 ], [ 39.211985939450066, -6.801893312075507 ], [ 39.212046745422555, -6.801886288916402 ], [ 39.212023134613162, -6.801915597195554 ], [ 39.212050695929996, -6.801916459685769 ], [ 39.212094920045963, -6.802005645959656 ], [ 39.212119858626743, -6.802011319703827 ], [ 39.21215966081315, -6.801992936387713 ], [ 39.212093538764059, -6.801848662107834 ], [ 39.2120576663836, -6.801849989674604 ], [ 39.212069898233992, -6.801810191597252 ], [ 39.212033571124437, -6.801772163926095 ] ] ] } },
{ "type": "Feature", "properties": { "id": 195, "area_m2": 59.381455302120209, "status": "candidate - needs field verification" }, "geometry": { "type": "Polygon", "coordinates": [ [ [ 39.210087429132429, -6.801764198544855 ], [ 39.210087081516981, -6.801776772079887 ], [ 39.210065712323519, -6.801799608088449 ], [ 39.21006497088888, -6.801826426341782 ], [ 39.210155351958022, -6.801828922867665 ], [ 39.210158129928026, -6.801805778120454 ], [ 39.210152679644899, -6.801784498818736 ], [ 39.210157988465866, -6.801779541784217 ], [ 39.210133200280808, -6.801778857081159 ], [ 39.210133570301977, -6.801765473066762 ], [ 39.210087429132429, -6.801764198544855 ] ] ] } },
{ "type": "Feature", "properties": { "id": 196, "area_m2": 73.458802826378246, "status": "candidate - needs field verification" }, "geometry": { "type": "Polygon", "coordinates": [ [ [ 39.212493884891238, -6.801755869629339 ], [ 39.212485925073693, -6.801782897604172 ], [ 39.212477930463194, -6.801833568489631 ], [ 39.212494698593616, -6.801837554077383 ], [ 39.212518388229341, -6.801838244565614 ], [ 39.212518301137052, -6.80183813386979 ], [ 39.212547851099018, -6.801843533687818 ], [ 39.212553934407659, -6.801810272680334 ], [ 39.212570226965966, -6.80179804745422 ], [ 39.21257522268801, -6.801770732909993 ], [ 39.212493884891238, -6.801755869629339 ] ] ] } },
{ "type": "Feature", "properties": { "id": 197, "area_m2": 51.082204948591951, "status": "candidate - needs field verification" }, "geometry": { "type": "Polygon", "coordinates": [ [ [ 39.211022297399936, -6.801748471662533 ], [ 39.210991335574434, -6.80176512054611 ], [ 39.210987802273941, -6.801776321418128 ], [ 39.211029615030448, -6.801854011929552 ], [ 39.21106109279296, -6.801838181386585 ], [ 39.211067309031485, -6.801832105857906 ], [ 39.211022297399936, -6.801748471662533 ] ] ] } },
{ "type": "Feature", "properties": { "id": 198, "area_m2": 34.206798995361872, "status": "candidate - needs field verification" }, "geometry": { "type": "Polygon", "coordinates": [ [ [ 39.212351598357138, -6.801733106342386 ], [ 39.212331910447944, -6.801729616719244 ], [ 39.21231434545178, -6.801731518931086 ], [ 39.212313302088589, -6.801754073575879 ], [ 39.212323610135975, -6.80175629459969 ], [ 39.212419067854952, -6.801761851944149 ], [ 39.212420287688062, -6.801746194677983 ], [ 39.212416576952684, -6.801732408130361 ], [ 39.212351598357138, -6.801733106342386 ] ] ] } },
{ "type": "Feature", "properties": { "id": 199, "area_m2": 118.46684489928037, "status": "candidate - needs field verification" }, "geometry": { "type": "Polygon", "coordinates": [ [ [ 39.212763538593457, -6.801736882326642 ], [ 39.212773699467604, -6.801781334290665 ], [ 39.212791059816013, -6.801777369535331 ], [ 39.212791289354861, -6.801798068333352 ], [ 39.212798489594689, -6.801829337480541 ], [ 39.212823237539808, -6.801826477654262 ], [ 39.212886460735383, -6.801807253205444 ], [ 39.212881394189765, -6.801763920666823 ], [ 39.212863662597272, -6.801714016003617 ], [ 39.212763538593457, -6.801736882326642 ] ] ] } },
{ "type": "Feature", "properties": { "id": 200, "area_m2": 198.50314272668166, "status": "candidate - needs field verification" }, "geometry": { "type": "Polygon", "coordinates": [ [ [ 39.210383519040072, -6.801723181661358 ], [ 39.210345980981792, -6.801820244289397 ], [ 39.210372997015718, -6.801830683293888 ], [ 39.210334193810418, -6.801931017200507 ], [ 39.210385554321412, -6.801950862913727 ], [ 39.210397770793648, -6.801919274632976 ], [ 39.210441633215389, -6.801936223077068 ], [ 39.210470366003491, -6.801861928323057 ], [ 39.210449505460261, -6.801845006949208 ], [ 39.210378874342354, -6.801824541548777 ], [ 39.210395583381455, -6.801781336773471 ], [ 39.210444662245841, -6.801765324129049 ], [ 39.210456943527795, -6.801733568246124 ], [ 39.210402194750095, -6.801712413304358 ], [ 39.210383519040072, -6.801723181661358 ] ] ] } },
{ "type": "Feature", "properties": { "id": 201, "area_m2": 95.096605910242658, "status": "candidate - needs field verification" }, "geometry": { "type": "Polygon", "coordinates": [ [ [ 39.212254472006357, -6.801717406773188 ], [ 39.212245286567935, -6.801720909062266 ], [ 39.212241340464715, -6.80170079579267 ], [ 39.212231276622099, -6.801696427379686 ], [ 39.212209844956185, -6.801706931559711 ], [ 39.212205914398091, -6.801722238174471 ], [ 39.212162603418491, -6.801720070749242 ], [ 39.212152109199529, -6.801731881979932 ], [ 39.212107055032554, -6.801745020205312 ], [ 39.212092189897703, -6.801765579002551 ], [ 39.2121136434357, -6.801804925035845 ], [ 39.212248795004605, -6.801740585241126 ], [ 39.212254472006357, -6.801717406773188 ] ] ] } },
{ "type": "Feature", "properties": { "id": 202, "area_m2": 148.17203581810222, "status": "candidate - needs field verification" }, "geometry": { "type": "Polygon", "coordinates": [ [ [ 39.210270710600433, -6.801679342270903 ], [ 39.210190469930893, -6.80181925920125 ], [ 39.210276523934482, -6.801868566711136 ], [ 39.210311742978796, -6.801807154695972 ], [ 39.210274671021025, -6.801785913085817 ], [ 39.210319692632901, -6.801707408160424 ], [ 39.210270710600433, -6.801679342270903 ] ] ] } },
{ "type": "Feature", "properties": { "id": 203, "area_m2": 12.613338483608917, "status": "candidate - needs field verification" }, "geometry": { "type": "Polygon", "coordinates": [ [ [ 39.210427285012791, -6.801673570337289 ], [ 39.210422771330116, -6.80169074391178 ], [ 39.21042879411322, -6.801700038888923 ], [ 39.210457319872354, -6.801706822231214 ], [ 39.210463050469492, -6.801706310555385 ], [ 39.210468790862585, -6.801684469609311 ], [ 39.210427285012791, -6.801673570337289 ] ] ] } },
{ "type": "Feature", "properties": { "id": 204, "area_m2": 333.76385348883292, "status": "candidate - needs field verification" }, "geometry": { "type": "Polygon", "coordinates": [ [ [ 39.210802978931511, -6.801660866957318 ], [ 39.210747568379098, -6.801698894629427 ], [ 39.210738353722327, -6.801743276858234 ], [ 39.210571997662932, -6.801708768290365 ], [ 39.210558232761969, -6.801775066563594 ], [ 39.210747787075356, -6.801814387325127 ], [ 39.210763889668314, -6.80173682947262 ], [ 39.21091995577234, -6.801769203447817 ], [ 39.210936689906774, -6.801688603635884 ], [ 39.210802978931511, -6.801660866957318 ] ] ] } },
{ "type": "Feature", "properties": { "id": 205, "area_m2": 10.745663513115513, "status": "candidate - needs field verification" }, "geometry": { "type": "Polygon", "coordinates": [ [ [ 39.211851092130658, -6.801653740245192 ], [ 39.21183476670393, -6.801659242229138 ], [ 39.211846454442735, -6.801687127995074 ], [ 39.211863790397857, -6.8016799716441 ], [ 39.211874537227338, -6.801673424389511 ], [ 39.211865457068718, -6.801651760050032 ], [ 39.211851092130658, -6.801653740245192 ] ] ] } },
{ "type": "Feature", "properties": { "id": 206, "area_m2": 130.59022536832578, "status": "candidate - needs field verification" }, "geometry": { "type": "Polygon", "coordinates": [ [ [ 39.209678101524133, -6.801640508608263 ], [ 39.209620604619353, -6.801754391300275 ], [ 39.209698084256026, -6.801793474681435 ], [ 39.209732869999883, -6.801727251710291 ], [ 39.2097405944656, -6.801700709531339 ], [ 39.209731903487636, -6.801667648161501 ], [ 39.209678101524133, -6.801640508608263 ] ] ] } },
{ "type": "Feature", "properties": { "id": 207, "area_m2": 76.464485117089779, "status": "candidate - needs field verification" }, "geometry": { "type": "Polygon", "coordinates": [ [ [ 39.211975766342761, -6.801639692613692 ], [ 39.211959586097194, -6.801654130026323 ], [ 39.211939897235304, -6.801648453974381 ], [ 39.211932029394852, -6.801663762311314 ], [ 39.211952160140498, -6.801679495670289 ], [ 39.211940795183665, -6.801700927495467 ], [ 39.21196354771407, -6.80170966318391 ], [ 39.211951307040493, -6.801729346262375 ], [ 39.211964439914972, -6.801749018228738 ], [ 39.211965325023947, -6.801772193819799 ], [ 39.211984139707965, -6.801779619383874 ], [ 39.212027865159307, -6.80172931272954 ], [ 39.21200247799986, -6.801698276784791 ], [ 39.211985414176993, -6.801693036867534 ], [ 39.211985391556986, -6.801641437528501 ], [ 39.211975766342761, -6.801639692613692 ] ] ] } },
{ "type": "Feature", "properties": { "id": 208, "area_m2": 123.18105978456033, "status": "candidate - needs field verification" }, "geometry": { "type": "Polygon", "coordinates": [ [ [ 39.212486607105141, -6.801631378498043 ], [ 39.212471763566434, -6.801680911890584 ], [ 39.212503588808474, -6.801736655023015 ], [ 39.212568922128021, -6.80175621605694 ], [ 39.212582134532184, -6.801712125790285 ], [ 39.212602366808348, -6.80171818340539 ], [ 39.212611964950767, -6.801686154050244 ], [ 39.212587808303269, -6.801672657647964 ], [ 39.21255236880026, -6.801663490278383 ], [ 39.212521735564657, -6.801640765035033 ], [ 39.212486607105141, -6.801631378498043 ] ] ] } },
{ "type": "Feature", "properties": { "id": 209, "area_m2": 158.44377772365891, "status": "candidate - needs field verification" }, "geometry": { "type": "Polygon", "coordinates": [ [ [ 39.210170782599782, -6.801617674565446 ], [ 39.210096180277972, -6.801737265192833 ], [ 39.210150602188911, -6.801771184492567 ], [ 39.210147350040039, -6.801756586209589 ], [ 39.210166861374624, -6.801764232475692 ], [ 39.210187874080226, -6.801784882408858 ], [ 39.21021183418685, -6.801746473355458 ], [ 39.210206758107581, -6.80173127383449 ], [ 39.210247712455676, -6.801665622284012 ], [ 39.210170782599782, -6.801617674565446 ] ] ] } },
{ "type": "Feature", "properties": { "id": 210, "area_m2": 87.643102243860028, "status": "candidate - needs field verification" }, "geometry": { "type": "Polygon", "coordinates": [ [ [ 39.212044439851489, -6.801671047654356 ], [ 39.212076916693931, -6.801729519956075 ], [ 39.212090422736424, -6.801726224341709 ], [ 39.212167946721699, -6.801682737829318 ], [ 39.212133884738947, -6.801621411612707 ], [ 39.212044439851489, -6.801671047654356 ] ] ] } },
{ "type": "Feature", "properties": { "id": 211, "area_m2": 49.867786023951588, "status": "candidate - needs field verification" }, "geometry": { "type": "Polygon", "coordinates": [ [ [ 39.209616110427888, -6.801609308225302 ], [ 39.209574049697515, -6.80168840234892 ], [ 39.209571012128329, -6.801710350529913 ], [ 39.209598120643413, -6.801724443615399 ], [ 39.209649104350113, -6.801626460996567 ], [ 39.209616110427888, -6.801609308225302 ] ] ] } },
{ "type": "Feature", "properties": { "id": 212, "area_m2": 67.068445892393655, "status": "candidate - needs field verification" }, "geometry": { "type": "Polygon", "coordinates": [ [ [ 39.212382327820102, -6.801601202988937 ], [ 39.21237906643767, -6.801623774464002 ], [ 39.212416739482713, -6.801636001018626 ], [ 39.212381771633666, -6.801633213566348 ], [ 39.21237589889575, -6.801673857786264 ], [ 39.212453413214625, -6.801685048080261 ], [ 39.21246338981512, -6.80161600164514 ], [ 39.212433190455926, -6.801611641939694 ], [ 39.212427671936254, -6.801625938720491 ], [ 39.212426701793028, -6.801607609005 ], [ 39.212382327820102, -6.801601202988937 ] ] ] } },
{ "type": "Feature", "properties": { "id": 213, "area_m2": 73.08319977349764, "status": "candidate - needs field verification" }, "geometry": { "type": "Polygon", "coordinates": [ [ [ 39.210749960525021, -6.801637604232565 ], [ 39.21076352682158, -6.801648093108743 ], [ 39.210779269819596, -6.801634093208087 ], [ 39.210791089457423, -6.801652016649213 ], [ 39.210808584451321, -6.801642826093738 ], [ 39.210871149848096, -6.801657666448818 ], [ 39.21088339533221, -6.801648915460471 ], [ 39.210885587283634, -6.801659409288964 ], [ 39.21090877555298, -6.801664209293959 ], [ 39.210918385506133, -6.801630971624909 ], [ 39.21089694618437, -6.801623984445001 ], [ 39.210885138748125, -6.801634047090777 ], [ 39.210879005899578, -6.801615246608988 ], [ 39.210836132597393, -6.801613516156527 ], [ 39.210803751830319, -6.801596038954892 ], [ 39.210766135661466, -6.801611360229868 ], [ 39.210749960525021, -6.801637604232565 ] ] ] } },
{ "type": "Feature", "properties": { "id": 214, "area_m2": 7.832804769575139, "status": "candidate - needs field verification" }, "geometry": { "type": "Polygon", "coordinates": [ [ [ 39.210609952743653, -6.801601370716485 ], [ 39.210626140266825, -6.801603550085549 ], [ 39.21063314196023, -6.801608357147726 ], [ 39.21063401995756, -6.801615353288124 ], [ 39.21064189736294, -6.801621909099689 ], [ 39.210641905934494, -6.801641586815468 ], [ 39.21064715430019, -6.801638523552671 ], [ 39.21064583863722, -6.801631090320137 ], [ 39.210655890845175, -6.801608784529655 ], [ 39.210655013799993, -6.801603974802162 ], [ 39.210641451887952, -6.801603543421995 ], [ 39.210641445983143, -6.801589987662227 ], [ 39.210637074662898, -6.801597860652471 ], [ 39.210624824223366, -6.801595242287797 ], [ 39.210609952743653, -6.801601370716485 ] ] ] } },
{ "type": "Feature", "properties": { "id": 215, "area_m2": 19.725722395065887, "status": "candidate - needs field verification" }, "geometry": { "type": "Polygon", "coordinates": [ [ [ 39.209298833445395, -6.801585760009735 ], [ 39.209297966444609, -6.801604126257768 ], [ 39.20932727726472, -6.801604113581833 ], [ 39.209338658995513, -6.801621162684129 ], [ 39.209341292174486, -6.801640401983635 ], [ 39.209354421156135, -6.801651328372076 ], [ 39.209362295894891, -6.801651762248444 ], [ 39.209367973603115, -6.801629895657878 ], [ 39.209344781940942, -6.801617224491563 ], [ 39.209351336113926, -6.801598855783583 ], [ 39.209314582352896, -6.801585315916384 ], [ 39.209298833445395, -6.801585760009735 ] ] ] } },
{ "type": "Feature", "properties": { "id": 216, "area_m2": 62.543706554396749, "status": "candidate - needs field verification" }, "geometry": { "type": "Polygon", "coordinates": [ [ [ 39.209773917332761, -6.801576664062606 ], [ 39.209760373452653, -6.801594743139274 ], [ 39.209752236717456, -6.801613227945352 ], [ 39.209777013054179, -6.801630593107286 ], [ 39.209831589150333, -6.801661671135861 ], [ 39.209858285601939, -6.801620454932886 ], [ 39.209857184133355, -6.80161532786242 ], [ 39.209793004060273, -6.801573793852305 ], [ 39.209773917332761, -6.801576664062606 ] ] ] } },
{ "type": "Feature", "properties": { "id": 217, "area_m2": 120.90223428015425, "status": "candidate - needs field verification" }, "geometry": { "type": "Polygon", "coordinates": [ [ [ 39.212743480360949, -6.801595037484502 ], [ 39.212769458582088, -6.801701691854285 ], [ 39.212801856168106, -6.801693807584427 ], [ 39.212796392319618, -6.801671375600228 ], [ 39.212844682845407, -6.801659623623428 ], [ 39.212838395012703, -6.801633808756446 ], [ 39.212862333222013, -6.801627983154654 ], [ 39.212856255019332, -6.801603028931498 ], [ 39.212868906079706, -6.801599950169382 ], [ 39.212860757724556, -6.801566496879127 ], [ 39.212743480360949, -6.801595037484502 ] ] ] } },
{ "type": "Feature", "properties": { "id": 218, "area_m2": 33.854915131939748, "status": "candidate - needs field verification" }, "geometry": { "type": "Polygon", "coordinates": [ [ [ 39.210070970184866, -6.801570557882938 ], [ 39.210067038419758, -6.801583240786937 ], [ 39.21007272939255, -6.801591983970335 ], [ 39.210097233116244, -6.801603779966332 ], [ 39.210123044325606, -6.801604206044 ], [ 39.210119122061947, -6.801638753077748 ], [ 39.21014143271357, -6.801637431543411 ], [ 39.210157166988019, -6.801603316663442 ], [ 39.210154539478083, -6.801597195846944 ], [ 39.210082780866664, -6.801567929060567 ], [ 39.210070970184866, -6.801570557882938 ] ] ] } },
{ "type": "Feature", "properties": { "id": 219, "area_m2": 352.42074316335453, "status": "candidate - needs field verification" }, "geometry": { "type": "Polygon", "coordinates": [ [ [ 39.209919313588813, -6.801601937125872 ], [ 39.209959752747537, -6.801638722546409 ], [ 39.209980871626868, -6.801619572639643 ], [ 39.209956098160724, -6.801667894890371 ], [ 39.209894936861687, -6.801612259604952 ], [ 39.209847564575178, -6.801664291380415 ], [ 39.209939427038428, -6.801747853933337 ], [ 39.209981911553108, -6.801701190676528 ], [ 39.210020643357865, -6.801736422988272 ], [ 39.210111628265679, -6.801636488827995 ], [ 39.210038675407304, -6.801570127403791 ], [ 39.209991801663861, -6.801603825721285 ], [ 39.210038501109416, -6.801552955334507 ], [ 39.209997699996428, -6.801515840667778 ], [ 39.209919313588813, -6.801601937125872 ] ] ] } },
{ "type": "Feature", "properties": { "id": 220, "area_m2": 158.57970916952436, "status": "candidate - needs field verification" }, "geometry": { "type": "Polygon", "coordinates": [ [ [ 39.210553554578496, -6.801450867635491 ], [ 39.210484298545786, -6.80156879318021 ], [ 39.210508068825924, -6.801582740869159 ], [ 39.210527626391539, -6.801579177722592 ], [ 39.210573622454795, -6.801606166827876 ], [ 39.210599147132456, -6.801562704736269 ], [ 39.21054763093391, -6.801532476581972 ], [ 39.210559030970856, -6.801513065193542 ], [ 39.210617366009842, -6.801546707158389 ], [ 39.210655665441443, -6.801554401311587 ], [ 39.210674716651589, -6.80152196188823 ], [ 39.210553554578496, -6.801450867635491 ] ] ] } },
{ "type": "Feature", "properties": { "id": 221, "area_m2": 106.1263302280303, "status": "candidate - needs field verification" }, "geometry": { "type": "Polygon", "coordinates": [ [ [ 39.212745434353984, -6.801465627961632 ], [ 39.212758133511926, -6.80155277220983 ], [ 39.212793801635605, -6.801542256910317 ], [ 39.212859750341806, -6.801533859366337 ], [ 39.212847638748613, -6.80145074722811 ], [ 39.212745434353984, -6.801465627961632 ] ] ] } },
{ "type": "Feature", "properties": { "id": 222, "area_m2": 65.714240989226028, "status": "candidate - needs field verification" }, "geometry": { "type": "Polygon", "coordinates": [ [ [ 39.209500461069716, -6.801474165690965 ], [ 39.209511409306984, -6.801500397913295 ], [ 39.209547727676053, -6.801518748063693 ], [ 39.209598910147761, -6.801513915792163 ], [ 39.209612017902558, -6.801475866521931 ], [ 39.209602389097604, -6.801465813190032 ], [ 39.209548573634336, -6.801451843446121 ], [ 39.209521889567185, -6.801456227824993 ], [ 39.209521454934311, -6.801462787253477 ], [ 39.209500461069716, -6.801474165690965 ] ] ] } },
{ "type": "Feature", "properties": { "id": 223, "area_m2": 62.096290103178859, "status": "candidate - needs field verification" }, "geometry": { "type": "Polygon", "coordinates": [ [ [ 39.21008429622772, -6.801450550753033 ], [ 39.21006873399142, -6.801458177206403 ], [ 39.210034339561439, -6.801492335283001 ], [ 39.210051264631254, -6.801526400885348 ], [ 39.210060116014724, -6.801533030436725 ], [ 39.21009135596212, -6.801503408425954 ], [ 39.210102991594169, -6.801515668806333 ], [ 39.210142315581272, -6.801478381424555 ], [ 39.210133044873174, -6.801462959399381 ], [ 39.210112644530504, -6.801451304272542 ], [ 39.21008429622772, -6.801450550753033 ] ] ] } },
{ "type": "Feature", "properties": { "id": 224, "area_m2": 5.2294709203193062, "status": "candidate - needs field verification" }, "geometry": { "type": "Polygon", "coordinates": [ [ [ 39.212867991544961, -6.801445573485771 ], [ 39.212863562936015, -6.801452219815293 ], [ 39.212865455948126, -6.801465832170181 ], [ 39.212873989073074, -6.801473407122292 ], [ 39.212883258844911, -6.801472119146787 ], [ 39.212879347822771, -6.801443995603661 ], [ 39.212867991544961, -6.801445573485771 ] ] ] } },
{ "type": "Feature", "properties": { "id": 225, "area_m2": 24.496208958071826, "status": "candidate - needs field verification" }, "geometry": { "type": "Polygon", "coordinates": [ [ [ 39.210716191688775, -6.80144652641524 ], [ 39.210704378155881, -6.801442596014272 ], [ 39.210678570575226, -6.801450478336282 ], [ 39.210662397343988, -6.801481095161943 ], [ 39.210660654874061, -6.801498149944005 ], [ 39.210677283107358, -6.80150776292482 ], [ 39.210686468935094, -6.801505135230393 ], [ 39.210689965494659, -6.80149769990317 ], [ 39.210686896884091, -6.801483270911264 ], [ 39.21069126953617, -6.801478458898606 ], [ 39.210706580010068, -6.801475828537679 ], [ 39.210717945017514, -6.801454396739739 ], [ 39.210716191688775, -6.80144652641524 ] ] ] } },
{ "type": "Feature", "properties": { "id": 226, "area_m2": 87.513718566833532, "status": "candidate - needs field verification" }, "geometry": { "type": "Polygon", "coordinates": [ [ [ 39.212594010665114, -6.801444299621064 ], [ 39.212596366074706, -6.80147862929112 ], [ 39.212635869804267, -6.801475921260823 ], [ 39.21263800647997, -6.801507062881486 ], [ 39.212726997891146, -6.801500962396378 ], [ 39.212726838371687, -6.801474944825944 ], [ 39.21271721484559, -6.801435853809212 ], [ 39.212594010665114, -6.801444299621064 ] ] ] } },
{ "type": "Feature", "properties": { "id": 227, "area_m2": 103.92945275965081, "status": "candidate - needs field verification" }, "geometry": { "type": "Polygon", "coordinates": [ [ [ 39.210164938889513, -6.801434757180908 ], [ 39.210132021674681, -6.801541967032364 ], [ 39.210168521950429, -6.801558708900549 ], [ 39.210203025467933, -6.801569426745257 ], [ 39.210215756689415, -6.801529827731282 ], [ 39.210213563042316, -6.801515398355934 ], [ 39.210237505592012, -6.801460134303923 ], [ 39.210192525601663, -6.801446335995117 ], [ 39.210193400013708, -6.801443488074219 ], [ 39.210164938889513, -6.801434757180908 ] ] ] } },
{ "type": "Feature", "properties": { "id": 228, "area_m2": 124.17545903019155, "status": "candidate - needs field verification" }, "geometry": { "type": "Polygon", "coordinates": [ [ [ 39.209296265347049, -6.801423157907899 ], [ 39.209299575729723, -6.801543313261904 ], [ 39.20939566849971, -6.801540668139872 ], [ 39.209392911582171, -6.801440602369062 ], [ 39.20932381854297, -6.801442504277646 ], [ 39.209323265056881, -6.801422414695659 ], [ 39.209296265347049, -6.801423157907899 ] ] ] } },
{ "type": "Feature", "properties": { "id": 229, "area_m2": 17.072623865670202, "status": "candidate - needs field verification" }, "geometry": { "type": "Polygon", "coordinates": [ [ [ 39.209427298666327, -6.80140383602916 ], [ 39.209426020587024, -6.801414427907214 ], [ 39.20943416377991, -6.80141540965054 ], [ 39.209434377943879, -6.801417784822994 ], [ 39.209431524238205, -6.801424078129694 ], [ 39.209427065246601, -6.801423540553679 ], [ 39.209423794554937, -6.801450645886748 ], [ 39.209454696031685, -6.80145437136776 ], [ 39.209456085894423, -6.801442853097167 ], [ 39.209462989371808, -6.801443685379896 ], [ 39.209463389047485, -6.801440373129615 ], [ 39.209456213559299, -6.801439508053276 ], [ 39.209458960950549, -6.801416739475489 ], [ 39.209449509478951, -6.801406513764358 ], [ 39.209427298666327, -6.80140383602916 ] ] ] } },
{ "type": "Feature", "properties": { "id": 230, "area_m2": 141.4913019501227, "status": "candidate - needs field verification" }, "geometry": { "type": "Polygon", "coordinates": [ [ [ 39.2104751145541, -6.801381038909972 ], [ 39.210452399743772, -6.801458885101392 ], [ 39.210428084996217, -6.801498729019459 ], [ 39.210483507401648, -6.801527909894217 ], [ 39.210495777147493, -6.801525178882141 ], [ 39.210564372613476, -6.801395011872466 ], [ 39.210539422953005, -6.801380136375626 ], [ 39.210519736591941, -6.801380144938533 ], [ 39.210489393091784, -6.801361457083357 ], [ 39.2104751145541, -6.801381038909972 ] ] ] } },
{ "type": "Feature", "properties": { "id": 231, "area_m2": 278.20711147044165, "status": "candidate - needs field verification" }, "geometry": { "type": "Polygon", "coordinates": [ [ [ 39.212459926346156, -6.801355683911024 ], [ 39.212400435560482, -6.801368828499385 ], [ 39.212389516747741, -6.801409937856307 ], [ 39.212285821814824, -6.801379373564656 ], [ 39.212260543487261, -6.801596276827332 ], [ 39.212293794454382, -6.801602821482921 ], [ 39.212305148450206, -6.801556464545905 ], [ 39.212352390735838, -6.801545074473098 ], [ 39.212375105049119, -6.801466790919587 ], [ 39.212423225539062, -6.801462834259166 ], [ 39.212447706256953, -6.801422156231686 ], [ 39.21244068975745, -6.8013836784417 ], [ 39.212466936122425, -6.801378856812349 ], [ 39.212459926346156, -6.801355683911024 ] ] ] } },
{ "type": "Feature", "properties": { "id": 232, "area_m2": 170.81149256057301, "status": "candidate - needs field verification" }, "geometry": { "type": "Polygon", "coordinates": [ [ [ 39.209741047736493, -6.801321573833282 ], [ 39.209732938752921, -6.801347813261491 ], [ 39.209741265757778, -6.801365908103413 ], [ 39.209727137514207, -6.801411624929023 ], [ 39.209870437010778, -6.801455871028765 ], [ 39.209897053743077, -6.801369743281804 ], [ 39.209741047736493, -6.801321573833282 ] ] ] } },
{ "type": "Feature", "properties": { "id": 233, "area_m2": 5.5963274026518333, "status": "candidate - needs field verification" }, "geometry": { "type": "Polygon", "coordinates": [ [ [ 39.210436588809152, -6.801316775109547 ], [ 39.210430703413088, -6.801317785257714 ], [ 39.210428718261539, -6.80132596146738 ], [ 39.210428270979456, -6.801334779711222 ], [ 39.210432561735338, -6.8013401360237 ], [ 39.210449149496249, -6.801340962031817 ], [ 39.210450068682022, -6.801322519290912 ], [ 39.210443712597943, -6.801316965036487 ], [ 39.210436588809152, -6.801316775109547 ] ] ] } },
{ "type": "Feature", "properties": { "id": 234, "area_m2": 54.625025316995817, "status": "candidate - needs field verification" }, "geometry": { "type": "Polygon", "coordinates": [ [ [ 39.20934901478585, -6.801318489682507 ], [ 39.209337654337403, -6.801333102604098 ], [ 39.209338117786096, -6.801381532002025 ], [ 39.209343340264155, -6.801397497229984 ], [ 39.209362447390625, -6.80139660277859 ], [ 39.20936406392704, -6.801431104626847 ], [ 39.20938370700555, -6.801430185085406 ], [ 39.209389052228914, -6.801424523015976 ], [ 39.209384433232557, -6.801325939547072 ], [ 39.209375326367216, -6.801317257972368 ], [ 39.20934901478585, -6.801318489682507 ] ] ] } },
{ "type": "Feature", "properties": { "id": 235, "area_m2": 67.553653302623715, "status": "candidate - needs field verification" }, "geometry": { "type": "Polygon", "coordinates": [ [ [ 39.210213238717834, -6.801295070297685 ], [ 39.21019379114481, -6.801318629740566 ], [ 39.210193805209656, -6.801350988652275 ], [ 39.210179847198368, -6.801363463502001 ], [ 39.210205631851849, -6.801385091564614 ], [ 39.210236352111252, -6.801404662579643 ], [ 39.210250181352677, -6.801382390775828 ], [ 39.21024740803108, -6.801374086495809 ], [ 39.210273325278393, -6.801332347117499 ], [ 39.210213238717834, -6.801295070297685 ] ] ] } },
{ "type": "Feature", "properties": { "id": 236, "area_m2": 65.819933438985188, "status": "candidate - needs field verification" }, "geometry": { "type": "Polygon", "coordinates": [ [ [ 39.210356334820887, -6.801295009095091 ], [ 39.210328470306976, -6.801373787369592 ], [ 39.210375411251356, -6.801390376183255 ], [ 39.210389361523909, -6.801362710320394 ], [ 39.210417352102297, -6.801344769563426 ], [ 39.210422697330515, -6.801315647323509 ], [ 39.210378396692803, -6.801298434534166 ], [ 39.210356334820887, -6.801295009095091 ] ] ] } },
{ "type": "Feature", "properties": { "id": 237, "area_m2": 18.609474581618844, "status": "candidate - needs field verification" }, "geometry": { "type": "Polygon", "coordinates": [ [ [ 39.212675575174885, -6.801296118768956 ], [ 39.21266666505889, -6.801298416844105 ], [ 39.212666692367073, -6.801322600725139 ], [ 39.212674712918108, -6.801324979799793 ], [ 39.212713648155628, -6.801324962690282 ], [ 39.212721037042975, -6.801323183440124 ], [ 39.212721007380338, -6.801296917087736 ], [ 39.212675575174885, -6.801296118768956 ] ] ] } },
{ "type": "Feature", "properties": { "id": 238, "area_m2": 666.26860884664177, "status": "candidate - needs field verification" }, "geometry": { "type": "Polygon", "coordinates": [ [ [ 39.211985676255267, -6.80129292315433 ], [ 39.211955969191166, -6.801386951928539 ], [ 39.212002790673168, -6.801413605662465 ], [ 39.211924058070188, -6.801442938077715 ], [ 39.212000622853388, -6.801458209439411 ], [ 39.211907459708236, -6.801501541216635 ], [ 39.211875149226657, -6.801644546779427 ], [ 39.211942503302467, -6.801605599136423 ], [ 39.211986699380951, -6.80163094217284 ], [ 39.211977485572532, -6.801569726641604 ], [ 39.212050084149588, -6.801518970056421 ], [ 39.212012061037228, -6.801603819541622 ], [ 39.212039639401382, -6.801643600178502 ], [ 39.212117916140173, -6.801572288812568 ], [ 39.212234289431422, -6.801583607144747 ], [ 39.212259606157438, -6.801454160389157 ], [ 39.212174311635621, -6.801483933005078 ], [ 39.212022052212617, -6.801442457878292 ], [ 39.212058307388233, -6.801316504600298 ], [ 39.211985676255267, -6.80129292315433 ] ] ] } },
{ "type": "Feature", "properties": { "id": 239, "area_m2": 333.18980236250371, "status": "candidate - needs field verification" }, "geometry": { "type": "Polygon", "coordinates": [ [ [ 39.212656324756203, -6.801292628966261 ], [ 39.212595952114675, -6.801290031791867 ], [ 39.212596863204574, -6.801372240521852 ], [ 39.212500615712486, -6.801365286265987 ], [ 39.212499761131362, -6.801411638597723 ], [ 39.212459514422925, -6.801413842678976 ], [ 39.212451669079705, -6.801480313079253 ], [ 39.212384739287458, -6.801489088105261 ], [ 39.212401814246839, -6.801519690395027 ], [ 39.212378209238125, -6.801562117166476 ], [ 39.212452146513932, -6.801571267652103 ], [ 39.212465689404645, -6.801528408011772 ], [ 39.212522555359257, -6.801515264567463 ], [ 39.212569742661074, -6.801378811672542 ], [ 39.212622240385762, -6.801380537744082 ], [ 39.212624888305442, -6.80143301049349 ], [ 39.212716755294757, -6.801426848171274 ], [ 39.21271104908201, -6.801383559701394 ], [ 39.212611298521409, -6.801369173202856 ], [ 39.21265635283082, -6.801356472214367 ], [ 39.212656324756203, -6.801292628966261 ] ] ] } },
{ "type": "Feature", "properties": { "id": 240, "area_m2": 254.41593717436692, "status": "candidate - needs field verification" }, "geometry": { "type": "Polygon", "coordinates": [ [ [ 39.212734195661312, -6.801287604704713 ], [ 39.212738965063465, -6.80144810185623 ], [ 39.212809642685293, -6.801446003408295 ], [ 39.212809054560168, -6.801408879011446 ], [ 39.212818453506259, -6.80143778302451 ], [ 39.212882514909971, -6.801435881004748 ], [ 39.21287963189431, -6.801338864420395 ], [ 39.212850668258881, -6.801339724368196 ], [ 39.212851878573609, -6.801298664965655 ], [ 39.212846871299519, -6.801284259314495 ], [ 39.212734195661312, -6.801287604704713 ] ] ] } },
{ "type": "Feature", "properties": { "id": 241, "area_m2": 307.14074098123803, "status": "candidate - needs field verification" }, "geometry": { "type": "Polygon", "coordinates": [ [ [ 39.212126826352254, -6.801229698329166 ], [ 39.212101162821646, -6.801319085526433 ], [ 39.2121403124521, -6.801330315723041 ], [ 39.212125344314813, -6.801382450398218 ], [ 39.212100770424705, -6.8013803292571 ], [ 39.212119752903604, -6.801387168284472 ], [ 39.212102953592805, -6.801445681000525 ], [ 39.212160637054815, -6.801462227679496 ], [ 39.212176983934519, -6.801405290776584 ], [ 39.212206200802463, -6.801449623385063 ], [ 39.212213621062936, -6.801423778282427 ], [ 39.212247629771525, -6.801433533778432 ], [ 39.212293449086587, -6.801273942933067 ], [ 39.212239768534403, -6.801258544510508 ], [ 39.212239855311473, -6.801307242091348 ], [ 39.212179513558397, -6.801375047353055 ], [ 39.212199041375008, -6.801290838968557 ], [ 39.212152784442161, -6.801276670480272 ], [ 39.212192184757598, -6.80128363920114 ], [ 39.212201519916505, -6.801251124413763 ], [ 39.212126826352254, -6.801229698329166 ] ] ] } },
{ "type": "Feature", "properties": { "id": 242, "area_m2": 125.3998498722039, "status": "candidate - needs field verification" }, "geometry": { "type": "Polygon", "coordinates": [ [ [ 39.212015323410697, -6.801211911809256 ], [ 39.211994414820204, -6.801267994217423 ], [ 39.212000839897314, -6.801241854454866 ], [ 39.211939946646943, -6.801221942707182 ], [ 39.211925817587201, -6.801265113664183 ], [ 39.21188505681819, -6.80125178511855 ], [ 39.211876127969376, -6.80127906696167 ], [ 39.211887241794365, -6.801286844298814 ], [ 39.211968569108159, -6.801311175801201 ], [ 39.211981951655176, -6.801270285785021 ], [ 39.212074441114865, -6.801300529298031 ], [ 39.212081916441385, -6.801283260776835 ], [ 39.212083435845003, -6.801266264123454 ], [ 39.212041140942993, -6.801252433940027 ], [ 39.212052424043755, -6.801217958705164 ], [ 39.212032888039417, -6.801212005189232 ], [ 39.212015323410697, -6.801211911809256 ] ] ] } },
{ "type": "Feature", "properties": { "id": 243, "area_m2": 653.9620854635582, "status": "candidate - needs field verification" }, "geometry": { "type": "Polygon", "coordinates": [ [ [ 39.210554659362828, -6.801207403095391 ], [ 39.210484287057632, -6.801347801438663 ], [ 39.210551656822737, -6.801344711158191 ], [ 39.210645738254627, -6.801400642403213 ], [ 39.21068641178092, -6.80137395045788 ], [ 39.210677242529528, -6.801414621736376 ], [ 39.210738067903293, -6.801452201565342 ], [ 39.210697417236617, -6.801531367423864 ], [ 39.210737234496207, -6.801547529547101 ], [ 39.210756473097646, -6.801523907906781 ], [ 39.210765673409917, -6.801554513686249 ], [ 39.210808953490698, -6.801485841460806 ], [ 39.21077219436436, -6.801460057793218 ], [ 39.210797111173399, -6.801415881393826 ], [ 39.210822944676771, -6.801467469495295 ], [ 39.21085355075013, -6.801428100724202 ], [ 39.210839498176867, -6.801305667702425 ], [ 39.210641740603144, -6.801262025539422 ], [ 39.210554659362828, -6.801207403095391 ] ] ] } },
{ "type": "Feature", "properties": { "id": 244, "area_m2": 174.70169054097045, "status": "candidate - needs field verification" }, "geometry": { "type": "Polygon", "coordinates": [ [ [ 39.210901575519479, -6.801204628364032 ], [ 39.2108613656155, -6.801291227848796 ], [ 39.210898997775487, -6.80131263830309 ], [ 39.210947966702307, -6.801247899130871 ], [ 39.210917822153043, -6.801342365320906 ], [ 39.210997895848706, -6.801378624880901 ], [ 39.211012311905918, -6.801331392069978 ], [ 39.210955427423109, -6.801302118928303 ], [ 39.211018855516755, -6.801288972800014 ], [ 39.211029340977198, -6.801257046594987 ], [ 39.210901575519479, -6.801204628364032 ] ] ] } },
{ "type": "Feature", "properties": { "id": 245, "area_m2": 25.157854408457034, "status": "candidate - needs field verification" }, "geometry": { "type": "Polygon", "coordinates": [ [ [ 39.210797113463883, -6.80119659984744 ], [ 39.210786516146911, -6.801229766281817 ], [ 39.210841195266227, -6.801247221985203 ], [ 39.210851936139058, -6.801213606251877 ], [ 39.210842081272297, -6.801209901675343 ], [ 39.210814078708829, -6.801200293654007 ], [ 39.210797113463883, -6.80119659984744 ] ] ] } },
{ "type": "Feature", "properties": { "id": 246, "area_m2": 9.2734145985658341, "status": "candidate - needs field verification" }, "geometry": { "type": "Polygon", "coordinates": [ [ [ 39.212542531404132, -6.801178985469842 ], [ 39.212539908479251, -6.801183359447711 ], [ 39.212540786695271, -6.80119079286647 ], [ 39.212547350541904, -6.801194725527679 ], [ 39.212555229887201, -6.801205654132873 ], [ 39.212565294106597, -6.801210897104492 ], [ 39.212569230800277, -6.801209583527795 ], [ 39.21257009229452, -6.801178973366723 ], [ 39.212565716012371, -6.801175477027748 ], [ 39.212550842073348, -6.801175920842176 ], [ 39.212542531404132, -6.801178985469842 ] ] ] } },
{ "type": "Feature", "properties": { "id": 247, "area_m2": 254.33307824199463, "status": "candidate - needs field verification" }, "geometry": { "type": "Polygon", "coordinates": [ [ [ 39.209962562594605, -6.801165149573728 ], [ 39.209906635063817, -6.801265459096885 ], [ 39.209935896315002, -6.801281759379521 ], [ 39.209912732340548, -6.801323305406778 ], [ 39.209990068280611, -6.801366386178882 ], [ 39.210021623019202, -6.801309790776372 ], [ 39.210099008637066, -6.801352899200491 ], [ 39.210128140092472, -6.801300650079815 ], [ 39.209988285233209, -6.801222742533623 ], [ 39.210006690520672, -6.801189731489138 ], [ 39.209962562594605, -6.801165149573728 ] ] ] } },
{ "type": "Feature", "properties": { "id": 248, "area_m2": 21.695607368968645, "status": "candidate - needs field verification" }, "geometry": { "type": "Polygon", "coordinates": [ [ [ 39.210104902479515, -6.801131511347893 ], [ 39.210100537993441, -6.801155126507052 ], [ 39.210107537965378, -6.801155998033915 ], [ 39.210125481449793, -6.801172169703769 ], [ 39.210136854457076, -6.80116910378766 ], [ 39.210151730110603, -6.801172595590708 ], [ 39.210163536601513, -6.801160346549541 ], [ 39.210160470859456, -6.80115247679247 ], [ 39.210126338158886, -6.801130190194718 ], [ 39.210110150843356, -6.80112844809092 ], [ 39.210104902479515, -6.801131511347893 ] ] ] } },
{ "type": "Feature", "properties": { "id": 249, "area_m2": 9.6460473664545123, "status": "candidate - needs field verification" }, "geometry": { "type": "Polygon", "coordinates": [ [ [ 39.212380205609008, -6.801122501793053 ], [ 39.212379541103239, -6.801130922121167 ], [ 39.212367263186785, -6.801143205431143 ], [ 39.212366442361116, -6.801153606573228 ], [ 39.212401894609556, -6.801156401898776 ], [ 39.212403612163548, -6.80113463778885 ], [ 39.212393770308921, -6.801134010660408 ], [ 39.212385304010944, -6.801130940701632 ], [ 39.212385934336446, -6.801122953489654 ], [ 39.212380205609008, -6.801122501793053 ] ] ] } },
{ "type": "Feature", "properties": { "id": 250, "area_m2": 60.420578694179554, "status": "candidate - needs field verification" }, "geometry": { "type": "Polygon", "coordinates": [ [ [ 39.212814810278516, -6.801123372227567 ], [ 39.212821878369319, -6.801224533967433 ], [ 39.212850971482666, -6.801225639170119 ], [ 39.212869756488445, -6.801223066503619 ], [ 39.212862558031787, -6.801120039053998 ], [ 39.212814810278516, -6.801123372227567 ] ] ] } },
{ "type": "Feature", "properties": { "id": 251, "area_m2": 87.770131257659642, "status": "candidate - needs field verification" }, "geometry": { "type": "Polygon", "coordinates": [ [ [ 39.212003167231778, -6.801106856193197 ], [ 39.212000909461608, -6.801114067888387 ], [ 39.211995679896077, -6.801159984854723 ], [ 39.211999111191922, -6.801176801320695 ], [ 39.21205861403071, -6.801181071269637 ], [ 39.212070080658151, -6.801169599620594 ], [ 39.212098291021, -6.801171624005002 ], [ 39.212109162095956, -6.801161498202672 ], [ 39.212111807770242, -6.801124662302718 ], [ 39.212101008598658, -6.801113877327887 ], [ 39.212003167231778, -6.801106856193197 ] ] ] } },
{ "type": "Feature", "properties": { "id": 252, "area_m2": 607.13700838159264, "status": "candidate - needs field verification" }, "geometry": { "type": "Polygon", "coordinates": [ [ [ 39.212573654944428, -6.801321963215352 ], [ 39.212566611719645, -6.801222703156302 ], [ 39.212469500835859, -6.801241986229222 ], [ 39.212493516396513, -6.80113833970743 ], [ 39.212429192098739, -6.801102948050229 ], [ 39.212392491110144, -6.801209661114239 ], [ 39.212353991627452, -6.801205742462909 ], [ 39.212345216408984, -6.801147150442059 ], [ 39.212161034877752, -6.801136299142423 ], [ 39.212150135615857, -6.801222011313662 ], [ 39.212242885583443, -6.801234214565371 ], [ 39.21225642272659, -6.801178236453956 ], [ 39.212253819951144, -6.801228525096512 ], [ 39.212342195176866, -6.801240730247459 ], [ 39.212305496847016, -6.801353565260611 ], [ 39.212432357953986, -6.801338641989612 ], [ 39.212432761812998, -6.801262117355209 ], [ 39.212388566706942, -6.801238960771463 ], [ 39.21246075249833, -6.801244613765051 ], [ 39.212448976609799, -6.801326390782363 ], [ 39.212573654944428, -6.801321963215352 ] ] ] } },
{ "type": "Feature", "properties": { "id": 253, "area_m2": 232.08313914901555, "status": "candidate - needs field verification" }, "geometry": { "type": "Polygon", "coordinates": [ [ [ 39.210622750436841, -6.801072868367897 ], [ 39.210572857999217, -6.801203094825263 ], [ 39.210743092347542, -6.801268257869287 ], [ 39.210778148811634, -6.801176755365025 ], [ 39.210633552069986, -6.80112140600093 ], [ 39.210648388013475, -6.801082682035888 ], [ 39.210622750436841, -6.801072868367897 ] ] ] } },
{ "type": "Feature", "properties": { "id": 254, "area_m2": 256.35961500056999, "status": "candidate - needs field verification" }, "geometry": { "type": "Polygon", "coordinates": [ [ [ 39.212801033969292, -6.801076985042063 ], [ 39.212627365302438, -6.801096739080117 ], [ 39.212632630760616, -6.801132593941101 ], [ 39.212742872194646, -6.801127735391271 ], [ 39.212657576993024, -6.801155758959954 ], [ 39.212657608720754, -6.801227910576339 ], [ 39.21273898609352, -6.801244054272459 ], [ 39.212789717935564, -6.801209486646314 ], [ 39.212805453931765, -6.801179744511057 ], [ 39.212801033969292, -6.801076985042063 ] ] ] } },
{ "type": "Feature", "properties": { "id": 255, "area_m2": 11.323917636940466, "status": "candidate - needs field verification" }, "geometry": { "type": "Polygon", "coordinates": [ [ [ 39.21236137339185, -6.801079801830562 ], [ 39.212363127321737, -6.801088983996023 ], [ 39.212374066485459, -6.801094226587911 ], [ 39.212412566535555, -6.801099457085536 ], [ 39.212418688487929, -6.801093332442306 ], [ 39.212417811618479, -6.801088960000953 ], [ 39.212409934582944, -6.80108327878371 ], [ 39.212385432753628, -6.801075855730792 ], [ 39.212365746407315, -6.801075864368396 ], [ 39.21236137339185, -6.801079801830562 ] ] ] } },
{ "type": "Feature", "properties": { "id": 256, "area_m2": 10.93730697839683, "status": "candidate - needs field verification" }, "geometry": { "type": "Polygon", "coordinates": [ [ [ 39.212864564477506, -6.801070093219564 ], [ 39.2128566479292, -6.801077447562658 ], [ 39.212857034544122, -6.801082206261619 ], [ 39.212852572215752, -6.801086670559575 ], [ 39.21285350333681, -6.801098131382318 ], [ 39.212861244742776, -6.801106269483898 ], [ 39.21288260579194, -6.801104535551525 ], [ 39.212879707697041, -6.801068864004667 ], [ 39.212864564477506, -6.801070093219564 ] ] ] } },
{ "type": "Feature", "properties": { "id": 257, "area_m2": 115.70846301096661, "status": "candidate - needs field verification" }, "geometry": { "type": "Polygon", "coordinates": [ [ [ 39.211086730023105, -6.80107024428919 ], [ 39.211072328544475, -6.801084995063694 ], [ 39.211045451012879, -6.801081689227036 ], [ 39.211021397362025, -6.80109875373771 ], [ 39.210965083521089, -6.801101844033538 ], [ 39.210966486965077, -6.801174545464995 ], [ 39.211043822392554, -6.801173053868349 ], [ 39.211043205266371, -6.80114108566784 ], [ 39.211074344749989, -6.801140485065815 ], [ 39.211073612592301, -6.801102558151659 ], [ 39.211133159564952, -6.801101409635451 ], [ 39.211132603846117, -6.801072622706327 ], [ 39.21112861567034, -6.801069436416627 ], [ 39.211086730023105, -6.80107024428919 ] ] ] } },
{ "type": "Feature", "properties": { "id": 258, "area_m2": 270.12779445867614, "status": "candidate - needs field verification" }, "geometry": { "type": "Polygon", "coordinates": [ [ [ 39.210393400350306, -6.801043091497182 ], [ 39.210371504245174, -6.801085625644515 ], [ 39.210452968247928, -6.801127525627351 ], [ 39.21042409664679, -6.801183609988506 ], [ 39.21034340251537, -6.801142105978562 ], [ 39.210316390390972, -6.801194578193718 ], [ 39.210454691552208, -6.801265711642233 ], [ 39.210537389311781, -6.801105067551953 ], [ 39.210428598579369, -6.801050910720249 ], [ 39.210393400350306, -6.801043091497182 ] ] ] } },
{ "type": "Feature", "properties": { "id": 259, "area_m2": 11.147652223960856, "status": "candidate - needs field verification" }, "geometry": { "type": "Polygon", "coordinates": [ [ [ 39.211337669007811, -6.801047453681402 ], [ 39.21133329865917, -6.801057513090436 ], [ 39.21131648202612, -6.801069051599081 ], [ 39.211322729765335, -6.801078343365027 ], [ 39.211327998456397, -6.801079537850915 ], [ 39.211357360896457, -6.801060126279979 ], [ 39.211365293141597, -6.801052498241305 ], [ 39.211353459169224, -6.801034898516716 ], [ 39.211337669007811, -6.801047453681402 ] ] ] } },
{ "type": "Feature", "properties": { "id": 260, "area_m2": 25.467896823607205, "status": "candidate - needs field verification" }, "geometry": { "type": "Polygon", "coordinates": [ [ [ 39.211064791622398, -6.80103477737175 ], [ 39.211009999368343, -6.801044535657391 ], [ 39.211003813087125, -6.801047269251427 ], [ 39.211008080433984, -6.801075930559602 ], [ 39.211070903571446, -6.801066585096424 ], [ 39.211072999685818, -6.801053691124815 ], [ 39.211070634802233, -6.801038667437865 ], [ 39.211064791622398, -6.80103477737175 ] ] ] } },
{ "type": "Feature", "properties": { "id": 261, "area_m2": 15.631976319668196, "status": "candidate - needs field verification" }, "geometry": { "type": "Polygon", "coordinates": [ [ [ 39.210349560283539, -6.801010884560655 ], [ 39.210338469534491, -6.801029523043246 ], [ 39.210323645546808, -6.801062107479141 ], [ 39.210339313015815, -6.801070944142486 ], [ 39.210343735013041, -6.801065815217091 ], [ 39.210359911295022, -6.80104219492282 ], [ 39.210368357825168, -6.801021486626871 ], [ 39.210349560283539, -6.801010884560655 ] ] ] } },
{ "type": "Feature", "properties": { "id": 262, "area_m2": 267.7283938665729, "status": "candidate - needs field verification" }, "geometry": { "type": "Polygon", "coordinates": [ [ [ 39.212059964667617, -6.800980117691556 ], [ 39.212047011277562, -6.801104649766995 ], [ 39.212120777257056, -6.801113578090085 ], [ 39.212160873819357, -6.801110736292667 ], [ 39.212168176090543, -6.801121954859616 ], [ 39.212239864225424, -6.801129405046976 ], [ 39.212266950137298, -6.801103597593836 ], [ 39.212269528953577, -6.801078805110611 ], [ 39.212250499601346, -6.801076827487701 ], [ 39.212254204176105, -6.801041212084059 ], [ 39.212215410329819, -6.801037180436241 ], [ 39.212217402907555, -6.801018024010173 ], [ 39.21211306953029, -6.801007181155133 ], [ 39.212094870328123, -6.80098374527198 ], [ 39.212059964667617, -6.800980117691556 ] ] ] } },
{ "type": "Feature", "properties": { "id": 263, "area_m2": 47.024869690181248, "status": "candidate - needs field verification" }, "geometry": { "type": "Polygon", "coordinates": [ [ [ 39.211469311314438, -6.800961688788228 ], [ 39.2114474439094, -6.800976128668498 ], [ 39.211433016816343, -6.800997999102851 ], [ 39.211435658868403, -6.801037353386819 ], [ 39.211444412944005, -6.801047844346272 ], [ 39.211474593321036, -6.801035587247448 ], [ 39.211503452285164, -6.801002778439968 ], [ 39.21149994694472, -6.800990098774962 ], [ 39.211469311314438, -6.800961688788228 ] ] ] } },
{ "type": "Feature", "properties": { "id": 264, "area_m2": 149.27710621990525, "status": "candidate - needs field verification" }, "geometry": { "type": "Polygon", "coordinates": [ [ [ 39.211213142181386, -6.800958399158417 ], [ 39.21115259050962, -6.800986860605975 ], [ 39.211154785247167, -6.801002930666097 ], [ 39.211217013824985, -6.801141956537614 ], [ 39.211284560088309, -6.801110207380195 ], [ 39.211213142181386, -6.800958399158417 ] ] ] } },
{ "type": "Feature", "properties": { "id": 265, "area_m2": 41.137221705370294, "status": "candidate - needs field verification" }, "geometry": { "type": "Polygon", "coordinates": [ [ [ 39.211535087184615, -6.800965673212317 ], [ 39.211531000926428, -6.800974780312528 ], [ 39.211514140778135, -6.800991163094852 ], [ 39.211517886833967, -6.800997962023432 ], [ 39.211555737237646, -6.801032689575449 ], [ 39.211577690601167, -6.801032679979913 ], [ 39.211591731080922, -6.801016933014782 ], [ 39.211592475370821, -6.800997367159696 ], [ 39.211554838496468, -6.800963838373236 ], [ 39.211545183167658, -6.800974667214085 ], [ 39.211535087184615, -6.800965673212317 ] ] ] } },
{ "type": "Feature", "properties": { "id": 266, "area_m2": 26.603071684707785, "status": "candidate - needs field verification" }, "geometry": { "type": "Polygon", "coordinates": [ [ [ 39.21009287741586, -6.800995482101066 ], [ 39.210093958913788, -6.801002488511196 ], [ 39.21012215470374, -6.801024012719691 ], [ 39.210131101167747, -6.801016931912916 ], [ 39.210154688074937, -6.800984254592472 ], [ 39.210121066280834, -6.800958588261322 ], [ 39.21009287741586, -6.800995482101066 ] ] ] } },
{ "type": "Feature", "properties": { "id": 267, "area_m2": 93.393843310753098, "status": "candidate - needs field verification" }, "geometry": { "type": "Polygon", "coordinates": [ [ [ 39.21240712473125, -6.800946903632854 ], [ 39.212380867457568, -6.801033318714625 ], [ 39.212407671570432, -6.80104145602122 ], [ 39.212400621317272, -6.801064659046203 ], [ 39.212445954293351, -6.801078421419832 ], [ 39.212476962306226, -6.800976371178172 ], [ 39.212442256014015, -6.800965635574946 ], [ 39.212429125639744, -6.800951648293794 ], [ 39.21240712473125, -6.800946903632854 ] ] ] } },
{ "type": "Feature", "properties": { "id": 268, "area_m2": 12.694412248401861, "status": "candidate - needs field verification" }, "geometry": { "type": "Polygon", "coordinates": [ [ [ 39.21207380424751, -6.800939445930747 ], [ 39.21206733654104, -6.800956617043677 ], [ 39.212064491263668, -6.800972188872735 ], [ 39.212096972433699, -6.800978865966327 ], [ 39.212101384262276, -6.800957423133962 ], [ 39.212094971322003, -6.800949540806131 ], [ 39.212096105104671, -6.800944030276567 ], [ 39.21207380424751, -6.800939445930747 ] ] ] } },
{ "type": "Feature", "properties": { "id": 269, "area_m2": 137.12872782615415, "status": "candidate - needs field verification" }, "geometry": { "type": "Polygon", "coordinates": [ [ [ 39.212590554597739, -6.800953763834617 ], [ 39.212576367485063, -6.800961248384139 ], [ 39.212583224757857, -6.800995930997119 ], [ 39.212614321759567, -6.800989788040635 ], [ 39.212623364858722, -6.801035526070625 ], [ 39.212697765597177, -6.801021495540576 ], [ 39.212738316140857, -6.801010749822751 ], [ 39.212722437740744, -6.800930440415204 ], [ 39.212590554597739, -6.800953763834617 ] ] ] } },
{ "type": "Feature", "properties": { "id": 270, "area_m2": 100.18519483444081, "status": "candidate - needs field verification" }, "geometry": { "type": "Polygon", "coordinates": [ [ [ 39.212776446419007, -6.800922954422963 ], [ 39.212777317416219, -6.80092817770614 ], [ 39.212754157653201, -6.800925705865874 ], [ 39.212734377346187, -6.800931590016563 ], [ 39.212751518244715, -6.801034382300666 ], [ 39.212800136892966, -6.801026697936709 ], [ 39.212827101885964, -6.801018281670443 ], [ 39.212816283032666, -6.800934861490451 ], [ 39.212806430765099, -6.80091795882843 ], [ 39.212776446419007, -6.800922954422963 ] ] ] } },
{ "type": "Feature", "properties": { "id": 271, "area_m2": 6.9483597362864007, "status": "candidate - needs field verification" }, "geometry": { "type": "Polygon", "coordinates": [ [ [ 39.210048363477796, -6.800914696032317 ], [ 39.210043784442966, -6.800933247208631 ], [ 39.210040149027456, -6.800932350655809 ], [ 39.210035922789992, -6.800949472532151 ], [ 39.210051632902648, -6.80095334690221 ], [ 39.210054512573642, -6.800946562643489 ], [ 39.210062042191709, -6.800918069426249 ], [ 39.210048363477796, -6.800914696032317 ] ] ] } },
{ "type": "Feature", "properties": { "id": 272, "area_m2": 6.9677626164988355, "status": "candidate - needs field verification" }, "geometry": { "type": "Polygon", "coordinates": [ [ [ 39.210679320704955, -6.800908177612409 ], [ 39.210664324494594, -6.80092499118216 ], [ 39.210684645915883, -6.80094310020394 ], [ 39.210692345534127, -6.800935790646687 ], [ 39.210695550812332, -6.800928218799126 ], [ 39.21069102815818, -6.800924421870764 ], [ 39.210688837167289, -6.800916114453771 ], [ 39.210679320704955, -6.800908177612409 ] ] ] } },
{ "type": "Feature", "properties": { "id": 273, "area_m2": 73.731386343837784, "status": "candidate - needs field verification" }, "geometry": { "type": "Polygon", "coordinates": [ [ [ 39.212824909400112, -6.800909956449491 ], [ 39.212826144900575, -6.800930604428881 ], [ 39.212828156768239, -6.800932211767533 ], [ 39.212826787032434, -6.800945351654724 ], [ 39.212839049397289, -6.800975081480272 ], [ 39.212835557493442, -6.800993011602568 ], [ 39.212842572670382, -6.801028428409005 ], [ 39.212846543454567, -6.801038383189347 ], [ 39.212884673411118, -6.801036103626583 ], [ 39.212877249571221, -6.800912034898609 ], [ 39.212861330174761, -6.800905981030737 ], [ 39.212824909400112, -6.800909956449491 ] ] ] } },
{ "type": "Feature", "properties": { "id": 274, "area_m2": 177.1420887285515, "status": "candidate - needs field verification" }, "geometry": { "type": "Polygon", "coordinates": [ [ [ 39.212138869979825, -6.800908668297685 ], [ 39.212135165152027, -6.800939005730294 ], [ 39.212167335764867, -6.800942930984036 ], [ 39.21216395623874, -6.800970604656619 ], [ 39.212180532934589, -6.800991673997108 ], [ 39.212209301826626, -6.800995184191364 ], [ 39.212212591043681, -6.800986288601901 ], [ 39.212216098981273, -6.801009494601699 ], [ 39.212318064320087, -6.801021935737145 ], [ 39.212329062641338, -6.800931874365881 ], [ 39.212138869979825, -6.800908668297685 ] ] ] } },
{ "type": "Feature", "properties": { "id": 275, "area_m2": 121.63810003409542, "status": "candidate - needs field verification" }, "geometry": { "type": "Polygon", "coordinates": [ [ [ 39.211278990322612, -6.80091673178552 ], [ 39.211238928575938, -6.800931521501985 ], [ 39.211244885476539, -6.80095828852251 ], [ 39.211238768667499, -6.800976219780652 ], [ 39.211248158018329, -6.801014057643597 ], [ 39.211264158032115, -6.801012503159858 ], [ 39.21136570203069, -6.800980341730652 ], [ 39.211353805107727, -6.800932004016875 ], [ 39.211340528347222, -6.800900880076178 ], [ 39.211278990322612, -6.80091673178552 ] ] ] } },
{ "type": "Feature", "properties": { "id": 276, "area_m2": 31.241253994633094, "status": "candidate - needs field verification" }, "geometry": { "type": "Polygon", "coordinates": [ [ [ 39.21263210311551, -6.800927508628018 ], [ 39.212625532543086, -6.800908271079296 ], [ 39.212610654575371, -6.800899531962186 ], [ 39.212541980158697, -6.800920114404522 ], [ 39.212528417304981, -6.80091749666402 ], [ 39.212522298238589, -6.800930180546546 ], [ 39.21254854726871, -6.800931480868903 ], [ 39.212531051566465, -6.800938922355585 ], [ 39.212537617139105, -6.800946790559857 ], [ 39.212553798304754, -6.800934539541418 ], [ 39.212575675283752, -6.800941963738748 ], [ 39.212595796215183, -6.800935395662673 ], [ 39.212595356818696, -6.800931023029512 ], [ 39.21263210311551, -6.800927508628018 ] ] ] } },
{ "type": "Feature", "properties": { "id": 277, "area_m2": 8.0150388741384635, "status": "candidate - needs field verification" }, "geometry": { "type": "Polygon", "coordinates": [ [ [ 39.212101959852234, -6.800898921924382 ], [ 39.212100561763421, -6.800904565853251 ], [ 39.212099572629093, -6.800930905404047 ], [ 39.212120273699973, -6.800931519383326 ], [ 39.212121224403532, -6.800899493297502 ], [ 39.212101959852234, -6.800898921924382 ] ] ] } },
{ "type": "Feature", "properties": { "id": 278, "area_m2": 225.51863281764162, "status": "candidate - needs field verification" }, "geometry": { "type": "Polygon", "coordinates": [ [ [ 39.210968897508813, -6.800903970823618 ], [ 39.210971188962468, -6.800929235799005 ], [ 39.210899642849192, -6.80093571911558 ], [ 39.210903085604606, -6.80097367810229 ], [ 39.210946098736322, -6.800977221980471 ], [ 39.210899092024405, -6.800983901854785 ], [ 39.21090532836498, -6.801052662220676 ], [ 39.210980249977034, -6.801045873025441 ], [ 39.210972764830501, -6.800931732962078 ], [ 39.210980562896815, -6.800984059421795 ], [ 39.211036856976214, -6.800978958195324 ], [ 39.211037961090859, -6.800960565197028 ], [ 39.211042568506244, -6.80099512936176 ], [ 39.211006337608573, -6.800998412514804 ], [ 39.211009115871143, -6.801029044884392 ], [ 39.211090116034583, -6.801021704848869 ], [ 39.211088273497801, -6.800967102498515 ], [ 39.211074538463784, -6.800937794156087 ], [ 39.211035289862401, -6.800941350768643 ], [ 39.211031386037902, -6.800898308272314 ], [ 39.210968897508813, -6.800903970823618 ] ] ] } },
{ "type": "Feature", "properties": { "id": 279, "area_m2": 107.24502262467372, "status": "candidate - needs field verification" }, "geometry": { "type": "Polygon", "coordinates": [ [ [ 39.210772477352009, -6.800897791776666 ], [ 39.21076413193186, -6.800932070976659 ], [ 39.210758546766186, -6.800930712435052 ], [ 39.210754887551936, -6.800945742825001 ], [ 39.210782462069176, -6.800952450078965 ], [ 39.210772384232484, -6.800993845259182 ], [ 39.210849363662554, -6.801012569805499 ], [ 39.210863855853027, -6.800982505206993 ], [ 39.21086625788795, -6.800969206457884 ], [ 39.210854333893685, -6.800966306055758 ], [ 39.210866484087717, -6.800916398531761 ], [ 39.210813511232914, -6.800902067126036 ], [ 39.210787264683816, -6.80090645138295 ], [ 39.210772477352009, -6.800897791776666 ] ] ] } },
{ "type": "Feature", "properties": { "id": 280, "area_m2": 46.725652228412379, "status": "candidate - needs field verification" }, "geometry": { "type": "Polygon", "coordinates": [ [ [ 39.209651028409915, -6.800894195512813 ], [ 39.209641088026785, -6.800903642933648 ], [ 39.209640754519491, -6.800937719155054 ], [ 39.209663408995119, -6.800937940681794 ], [ 39.209677212922877, -6.800949363129098 ], [ 39.209744859605173, -6.800950024603727 ], [ 39.209745191388571, -6.800916123774298 ], [ 39.209674043492448, -6.800915428063083 ], [ 39.209674216783149, -6.800897721902781 ], [ 39.209663825449276, -6.800894695386769 ], [ 39.209651028409915, -6.800894195512813 ] ] ] } },
{ "type": "Feature", "properties": { "id": 281, "area_m2": 5.0319616313316065, "status": "candidate - needs field verification" }, "geometry": { "type": "Polygon", "coordinates": [ [ [ 39.212637326081669, -6.800866724050306 ], [ 39.212627997842439, -6.800869237365621 ], [ 39.212624836710255, -6.800873981502594 ], [ 39.212627346071777, -6.800886349067332 ], [ 39.212630801403861, -6.80088807407961 ], [ 39.212647832960229, -6.800883773456595 ], [ 39.212649984189554, -6.80088263970036 ], [ 39.212646848351085, -6.800867184503367 ], [ 39.212637326081669, -6.800866724050306 ] ] ] } },
{ "type": "Feature", "properties": { "id": 282, "area_m2": 35.47779189876784, "status": "candidate - needs field verification" }, "geometry": { "type": "Polygon", "coordinates": [ [ [ 39.210198843174751, -6.80086385356188 ], [ 39.210157303264715, -6.800910223563172 ], [ 39.210158181633652, -6.800918094270088 ], [ 39.210174373883191, -6.800931205720071 ], [ 39.210155563438633, -6.800933400300685 ], [ 39.210151197436403, -6.800953517199589 ], [ 39.210162580319782, -6.800973189978129 ], [ 39.210170017003371, -6.800972312183828 ], [ 39.210192313180031, -6.800937757170621 ], [ 39.210187498302055, -6.800931637303894 ], [ 39.210193184707663, -6.800929885703915 ], [ 39.21019317292437, -6.800902774182815 ], [ 39.210211974244196, -6.800879590036051 ], [ 39.210210220165727, -6.800869970578829 ], [ 39.210198843174751, -6.80086385356188 ] ] ] } },
{ "type": "Feature", "properties": { "id": 283, "area_m2": 20.507747545859186, "status": "candidate - needs field verification" }, "geometry": { "type": "Polygon", "coordinates": [ [ [ 39.212653353522356, -6.800864933989406 ], [ 39.212665098526529, -6.80092339374638 ], [ 39.212681097151332, -6.800920490581563 ], [ 39.212690888308529, -6.800916790947038 ], [ 39.212690711391531, -6.80089731037869 ], [ 39.212681949215728, -6.800868453576275 ], [ 39.212677697188752, -6.800860047447912 ], [ 39.212653353522356, -6.800864933989406 ] ] ] } },
{ "type": "Feature", "properties": { "id": 284, "area_m2": 174.33949342027606, "status": "candidate - needs field verification" }, "geometry": { "type": "Polygon", "coordinates": [ [ [ 39.210281087189436, -6.800861194144299 ], [ 39.210255284764841, -6.800880883073315 ], [ 39.210212019290921, -6.800983226011677 ], [ 39.210190578677029, -6.800973177820919 ], [ 39.210215981840143, -6.801041382887035 ], [ 39.210259286291574, -6.801028682880456 ], [ 39.210284227845221, -6.80104135324317 ], [ 39.210346748073519, -6.800952557694876 ], [ 39.210326177652647, -6.800931577065081 ], [ 39.210347172804902, -6.800923259570998 ], [ 39.210325302513894, -6.800931140162666 ], [ 39.210281106202608, -6.800904922403955 ], [ 39.210293343693216, -6.800877805561474 ], [ 39.210281087189436, -6.800861194144299 ] ] ] } },
{ "type": "Feature", "properties": { "id": 285, "area_m2": 6.6151202814528194, "status": "candidate - needs field verification" }, "geometry": { "type": "Polygon", "coordinates": [ [ [ 39.210436655573659, -6.800858330248731 ], [ 39.210434193842588, -6.800865161486713 ], [ 39.210424965598968, -6.800861838874179 ], [ 39.21041804806768, -6.800864915587618 ], [ 39.210417577426703, -6.800866221603588 ], [ 39.210423460751123, -6.800876369077553 ], [ 39.210421638024414, -6.800881427094913 ], [ 39.210437413143467, -6.800887106897897 ], [ 39.210444708258102, -6.800874241516556 ], [ 39.210445146031766, -6.800870210881515 ], [ 39.21044918196305, -6.800867855267236 ], [ 39.21045078160585, -6.800863416300782 ], [ 39.210436655573659, -6.800858330248731 ] ] ] } },
{ "type": "Feature", "properties": { "id": 286, "area_m2": 24.50368472337767, "status": "candidate - needs field verification" }, "geometry": { "type": "Polygon", "coordinates": [ [ [ 39.210334360104397, -6.800849165024097 ], [ 39.210325886261238, -6.800863085721848 ], [ 39.210330210241622, -6.800881203526039 ], [ 39.210344533885163, -6.800890901799662 ], [ 39.210356792864474, -6.800913197888832 ], [ 39.21036536108317, -6.800918260303443 ], [ 39.210375240582543, -6.800916967870711 ], [ 39.210385223365826, -6.800900941617757 ], [ 39.210388308709412, -6.800892418670904 ], [ 39.21037384142641, -6.800883455257583 ], [ 39.210356325437253, -6.800875467023946 ], [ 39.210362075356073, -6.800866021145746 ], [ 39.210334360104397, -6.800849165024097 ] ] ] } },
{ "type": "Feature", "properties": { "id": 287, "area_m2": 4.1434204195050901, "status": "candidate - needs field verification" }, "geometry": { "type": "Polygon", "coordinates": [ [ [ 39.210689758735775, -6.800838028159763 ], [ 39.210687063891939, -6.800847000789902 ], [ 39.210690855278919, -6.800855990442449 ], [ 39.210705462994177, -6.80086037388744 ], [ 39.210710321126335, -6.800844198468298 ], [ 39.210689758735775, -6.800838028159763 ] ] ] } },
{ "type": "Feature", "properties": { "id": 288, "area_m2": 13.511355224790073, "status": "candidate - needs field verification" }, "geometry": { "type": "Polygon", "coordinates": [ [ [ 39.212506371573859, -6.800835854263792 ], [ 39.212503014210824, -6.800850166293865 ], [ 39.212503892809806, -6.800858474277885 ], [ 39.21250679925619, -6.800870553754343 ], [ 39.212540401662267, -6.800869263166488 ], [ 39.212539265513115, -6.800839707740743 ], [ 39.212517222009112, -6.800840554379116 ], [ 39.212517025600789, -6.800835445068412 ], [ 39.212506371573859, -6.800835854263792 ] ] ] } },
{ "type": "Feature", "properties": { "id": 289, "area_m2": 391.98607839318396, "status": "candidate - needs field verification" }, "geometry": { "type": "Polygon", "coordinates": [ [ [ 39.209382941025183, -6.800834909239178 ], [ 39.209345359884253, -6.800931127688976 ], [ 39.209361153445791, -6.801033882293211 ], [ 39.209308679416672, -6.801086816193996 ], [ 39.209297762615577, -6.801133172880981 ], [ 39.209327089495659, -6.801170329228499 ], [ 39.209316618875661, -6.801236800726963 ], [ 39.20943518206542, -6.801254240747463 ], [ 39.209434251061325, -6.801124805472057 ], [ 39.209406686381477, -6.801116071744199 ], [ 39.209433367779987, -6.801105565415523 ], [ 39.209441195544372, -6.800997553201844 ], [ 39.209390444162246, -6.800987517656865 ], [ 39.209382941025183, -6.800834909239178 ] ] ] } },
{ "type": "Feature", "properties": { "id": 290, "area_m2": 27.413648319547022, "status": "candidate - needs field verification" }, "geometry": { "type": "Polygon", "coordinates": [ [ [ 39.209297632225564, -6.800831885154175 ], [ 39.209297688619941, -6.800962195376099 ], [ 39.209305563536681, -6.800963066536356 ], [ 39.209313434289754, -6.800954317478817 ], [ 39.209316040966783, -6.800912337211972 ], [ 39.209311224585846, -6.800902719075173 ], [ 39.209318656917269, -6.800891783793605 ], [ 39.209314257949558, -6.800835813509502 ], [ 39.209297632225564, -6.800831885154175 ] ] ] } },
{ "type": "Feature", "properties": { "id": 291, "area_m2": 124.62728480117573, "status": "candidate - needs field verification" }, "geometry": { "type": "Polygon", "coordinates": [ [ [ 39.212270013120886, -6.800819462303766 ], [ 39.212270435018446, -6.800862259604819 ], [ 39.212356883179233, -6.800861408133812 ], [ 39.212357267102952, -6.800900352644706 ], [ 39.212438463425173, -6.800899552887416 ], [ 39.212440017932416, -6.800850193945769 ], [ 39.212434139966142, -6.800822138558806 ], [ 39.212377445302046, -6.800818737054794 ], [ 39.212270013120886, -6.800819462303766 ] ] ] } },
{ "type": "Feature", "properties": { "id": 292, "area_m2": 178.36104981591242, "status": "candidate - needs field verification" }, "geometry": { "type": "Polygon", "coordinates": [ [ [ 39.21153837659206, -6.80083440936047 ], [ 39.211512566572345, -6.800836607052403 ], [ 39.211498995885187, -6.800816060697721 ], [ 39.211475815682604, -6.800829626587436 ], [ 39.211459228756446, -6.800914466667265 ], [ 39.211443047753782, -6.800927154932544 ], [ 39.211417644617256, -6.800859387218204 ], [ 39.211352030558714, -6.800875595329956 ], [ 39.211387507063343, -6.800969595607739 ], [ 39.211434317003956, -6.800970012445592 ], [ 39.211443929393745, -6.800942459440039 ], [ 39.211478491964279, -6.800947254449992 ], [ 39.211514795061333, -6.800930621847352 ], [ 39.211537087121556, -6.800886883841379 ], [ 39.21153837659206, -6.80083440936047 ] ] ] } },
{ "type": "Feature", "properties": { "id": 293, "area_m2": 85.758534171210442, "status": "candidate - needs field verification" }, "geometry": { "type": "Polygon", "coordinates": [ [ [ 39.211304763794288, -6.800833014614974 ], [ 39.211286950126436, -6.800866117273486 ], [ 39.211299652604225, -6.800897371066474 ], [ 39.211323163375155, -6.800889600978295 ], [ 39.211339341513543, -6.80087035347845 ], [ 39.211429785489855, -6.800833333646409 ], [ 39.211427252035683, -6.800820464866185 ], [ 39.211413825229499, -6.800788727585268 ], [ 39.211304763794288, -6.800833014614974 ] ] ] } },
{ "type": "Feature", "properties": { "id": 294, "area_m2": 135.65427984553517, "status": "candidate - needs field verification" }, "geometry": { "type": "Polygon", "coordinates": [ [ [ 39.210136516899233, -6.800775805002126 ], [ 39.210065741630849, -6.800877076268847 ], [ 39.210071456016706, -6.800897035047888 ], [ 39.210118815027712, -6.800932104406133 ], [ 39.210127705284137, -6.800934474530367 ], [ 39.210193146887264, -6.800842866466735 ], [ 39.210196673805477, -6.800829943868759 ], [ 39.210164922219874, -6.800807773135327 ], [ 39.210157251176312, -6.800780755469136 ], [ 39.2101484945902, -6.800774641129499 ], [ 39.210136516899233, -6.800775805002126 ] ] ] } },
{ "type": "Feature", "properties": { "id": 295, "area_m2": 49.796366504697218, "status": "candidate - needs field verification" }, "geometry": { "type": "Polygon", "coordinates": [ [ [ 39.210645311641535, -6.800772493773381 ], [ 39.210608732721717, -6.800809015059627 ], [ 39.210601608282367, -6.800819130012458 ], [ 39.21062537368951, -6.800847925976642 ], [ 39.210641566710656, -6.800862786541055 ], [ 39.210653431426344, -6.800870031667179 ], [ 39.210678930013742, -6.800844803098704 ], [ 39.210655649064698, -6.800821293584074 ], [ 39.210675863478528, -6.800801293230275 ], [ 39.210651153241031, -6.800775763117891 ], [ 39.210645311641535, -6.800772493773381 ] ] ] } },
{ "type": "Feature", "properties": { "id": 296, "area_m2": 49.003801203321295, "status": "candidate - needs field verification" }, "geometry": { "type": "Polygon", "coordinates": [ [ [ 39.210326473697805, -6.800751204488805 ], [ 39.210265189024945, -6.800822320841846 ], [ 39.210297891564537, -6.800850477650519 ], [ 39.21031344830218, -6.800833631276116 ], [ 39.210350404740879, -6.80078717298889 ], [ 39.210348095076881, -6.800769915367686 ], [ 39.210337780578406, -6.800761034609932 ], [ 39.21034137468267, -6.800756863915426 ], [ 39.210333448426354, -6.800750039427959 ], [ 39.210326473697805, -6.800751204488805 ] ] ] } },
{ "type": "Feature", "properties": { "id": 297, "area_m2": 134.07758231948901, "status": "candidate - needs field verification" }, "geometry": { "type": "Polygon", "coordinates": [ [ [ 39.212027868002238, -6.800737993018063 ], [ 39.212008583454413, -6.800742210498884 ], [ 39.212009534921741, -6.800831142248896 ], [ 39.212016178928494, -6.800879757189489 ], [ 39.212091768054471, -6.800876335217082 ], [ 39.212085440913121, -6.800736695426492 ], [ 39.212027868002238, -6.800737993018063 ] ] ] } },
{ "type": "Feature", "properties": { "id": 298, "area_m2": 117.57381150120864, "status": "candidate - needs field verification" }, "geometry": { "type": "Polygon", "coordinates": [ [ [ 39.210045074931998, -6.800735273041906 ], [ 39.209982049780614, -6.800829578866514 ], [ 39.210006786099136, -6.800850381161413 ], [ 39.21004758422329, -6.800877099919129 ], [ 39.210113442792078, -6.800778554373347 ], [ 39.210063173360886, -6.80074234787074 ], [ 39.210045074931998, -6.800735273041906 ] ] ] } },
{ "type": "Feature", "properties": { "id": 299, "area_m2": 6.0455909894103499, "status": "candidate - needs field verification" }, "geometry": { "type": "Polygon", "coordinates": [ [ [ 39.212210915965308, -6.800733768924069 ], [ 39.212207886068825, -6.800759493452712 ], [ 39.212219492003832, -6.80076152230664 ], [ 39.212225748268381, -6.80076025283739 ], [ 39.212227800557415, -6.800753647576642 ], [ 39.21223038330843, -6.800736059826678 ], [ 39.212210915965308, -6.800733768924069 ] ] ] } },
{ "type": "Feature", "properties": { "id": 300, "area_m2": 63.433528873884306, "status": "candidate - needs field verification" }, "geometry": { "type": "Polygon", "coordinates": [ [ [ 39.211489283072808, -6.800730772392862 ], [ 39.211484964587804, -6.800742603343418 ], [ 39.211479287941302, -6.800766656369166 ], [ 39.211475608196167, -6.800802362068333 ], [ 39.211549151833729, -6.800811212234585 ], [ 39.21155322546484, -6.800776681561833 ], [ 39.211555334799556, -6.800743850580318 ], [ 39.211536370343055, -6.800741568417938 ], [ 39.211536979346377, -6.800736512114745 ], [ 39.211489283072808, -6.800730772392862 ] ] ] } },
{ "type": "Feature", "properties": { "id": 301, "area_m2": 259.97082883989356, "status": "candidate - needs field verification" }, "geometry": { "type": "Polygon", "coordinates": [ [ [ 39.212662932731597, -6.800763225491928 ], [ 39.212683664169944, -6.800853818798161 ], [ 39.21269855019402, -6.800850415252207 ], [ 39.212715814449709, -6.800925857446503 ], [ 39.212821905424128, -6.800901600752349 ], [ 39.212806684460176, -6.800835087499431 ], [ 39.212723063516712, -6.800849632357364 ], [ 39.212821567389362, -6.800824436205327 ], [ 39.212800368888772, -6.800731802020957 ], [ 39.212662932731597, -6.800763225491928 ] ] ] } },
{ "type": "Feature", "properties": { "id": 302, "area_m2": 247.49557204307689, "status": "candidate - needs field verification" }, "geometry": { "type": "Polygon", "coordinates": [ [ [ 39.212102797046533, -6.800723290118396 ], [ 39.212104409129097, -6.800796250427402 ], [ 39.212141088860612, -6.800795440684435 ], [ 39.212117307955346, -6.800821062193577 ], [ 39.212118932550233, -6.800894588654447 ], [ 39.212262208670872, -6.800891425665758 ], [ 39.212260303111691, -6.800805184380392 ], [ 39.212227910038244, -6.800805899499085 ], [ 39.212221686857688, -6.800778575366841 ], [ 39.212210302423991, -6.800799486555627 ], [ 39.212153888155285, -6.800800906500784 ], [ 39.212200210816803, -6.800792326569939 ], [ 39.212198638669612, -6.800721174310164 ], [ 39.212102797046533, -6.800723290118396 ] ] ] } },
{ "type": "Feature", "properties": { "id": 303, "area_m2": 11.226638351731442, "status": "candidate - needs field verification" }, "geometry": { "type": "Polygon", "coordinates": [ [ [ 39.211410153013581, -6.80071401696405 ], [ 39.211407380443042, -6.800724559922886 ], [ 39.211416851838749, -6.800727048515201 ], [ 39.211414568434165, -6.800735731375044 ], [ 39.211420528790804, -6.800737297447998 ], [ 39.211419187724566, -6.800742396978094 ], [ 39.211445462519272, -6.800749300631991 ], [ 39.211454728396539, -6.800744664661042 ], [ 39.211457771047392, -6.800733094692327 ], [ 39.21145258576977, -6.80072949900915 ], [ 39.211431584911296, -6.800724698073394 ], [ 39.211415831448186, -6.800714647453111 ], [ 39.211410153013581, -6.80071401696405 ] ] ] } },
{ "type": "Feature", "properties": { "id": 304, "area_m2": 13.901500553767917, "status": "candidate - needs field verification" }, "geometry": { "type": "Polygon", "coordinates": [ [ [ 39.209617866348722, -6.800711155002875 ], [ 39.209621757412286, -6.800732044442807 ], [ 39.209627572079341, -6.800745471352196 ], [ 39.209636637219027, -6.800745156479843 ], [ 39.209648448262605, -6.800743402233764 ], [ 39.209660202605455, -6.800738606557559 ], [ 39.209657638233892, -6.800724721289443 ], [ 39.209645281567724, -6.800717127892391 ], [ 39.209643311364715, -6.80070645985837 ], [ 39.209617866348722, -6.800711155002875 ] ] ] } },
{ "type": "Feature", "properties": { "id": 305, "area_m2": 164.63295752934934, "status": "candidate - needs field verification" }, "geometry": { "type": "Polygon", "coordinates": [ [ [ 39.210433167078406, -6.800702449614267 ], [ 39.210413900195839, -6.800729754649621 ], [ 39.210467130906913, -6.800767282234628 ], [ 39.210442094924609, -6.800802763240935 ], [ 39.210459997782387, -6.800823510078769 ], [ 39.210540066523329, -6.800882931815162 ], [ 39.210557072616375, -6.800881180889239 ], [ 39.2106012147241, -6.800818622646505 ], [ 39.210534782835062, -6.800770566353856 ], [ 39.210480963619858, -6.800747851059775 ], [ 39.210433167078406, -6.800702449614267 ] ] ] } },
{ "type": "Feature", "properties": { "id": 306, "area_m2": 16.18356288943097, "status": "candidate - needs field verification" }, "geometry": { "type": "Polygon", "coordinates": [ [ [ 39.212210500428505, -6.800696068393107 ], [ 39.212208063590992, -6.800715467790663 ], [ 39.212208993091117, -6.800715584446762 ], [ 39.212207909779814, -6.800724208569628 ], [ 39.212258237730182, -6.800730524932898 ], [ 39.212261012832414, -6.800708432628699 ], [ 39.212248779162827, -6.80070772370252 ], [ 39.212239151471842, -6.800700294119252 ], [ 39.212210500428505, -6.800696068393107 ] ] ] } },
{ "type": "Feature", "properties": { "id": 307, "area_m2": 8.6121127659216832, "status": "candidate - needs field verification" }, "geometry": { "type": "Polygon", "coordinates": [ [ [ 39.211996356260258, -6.800706959752783 ], [ 39.212071164512594, -6.800707364267037 ], [ 39.212072037351462, -6.800702553775673 ], [ 39.212067662035899, -6.800701243844617 ], [ 39.212068097592514, -6.800696870827481 ], [ 39.212055850045289, -6.800700811736704 ], [ 39.212053660757832, -6.800696439869437 ], [ 39.212039224881757, -6.800698195323703 ], [ 39.212020410239553, -6.800690769760158 ], [ 39.212005540723169, -6.800701271056058 ], [ 39.212004230601288, -6.80070651902148 ], [ 39.212000291993164, -6.800703459768018 ], [ 39.211996356260258, -6.800706959752783 ] ] ] } },
{ "type": "Feature", "properties": { "id": 308, "area_m2": 52.491360671344424, "status": "candidate - needs field verification" }, "geometry": { "type": "Polygon", "coordinates": [ [ [ 39.210224193724642, -6.800687109791084 ], [ 39.210177935990224, -6.800764148439289 ], [ 39.210193555283759, -6.800775962038913 ], [ 39.210217982931489, -6.80078634562302 ], [ 39.210246037734699, -6.80074270576254 ], [ 39.210266893521869, -6.800714027177358 ], [ 39.210253897440879, -6.80070859429944 ], [ 39.210237265631875, -6.800690672933219 ], [ 39.210224193724642, -6.800687109791084 ] ] ] } },
{ "type": "Feature", "properties": { "id": 309, "area_m2": 14.340669115668275, "status": "candidate - needs field verification" }, "geometry": { "type": "Polygon", "coordinates": [ [ [ 39.212880039166336, -6.800673338454983 ], [ 39.212876540914245, -6.800676838254313 ], [ 39.212865603487167, -6.800675531216311 ], [ 39.212852046797295, -6.800686906525556 ], [ 39.212851180317109, -6.800706147341475 ], [ 39.212856874407706, -6.800721887011637 ], [ 39.212873497650897, -6.800720130571112 ], [ 39.21288093297705, -6.800716191757748 ], [ 39.212880039166336, -6.800673338454983 ] ] ] } },
{ "type": "Feature", "properties": { "id": 310, "area_m2": 20.661593017024618, "status": "candidate - needs field verification" }, "geometry": { "type": "Polygon", "coordinates": [ [ [ 39.210385999017497, -6.800672679722727 ], [ 39.210370693322005, -6.800686242137812 ], [ 39.210371577780549, -6.800708105887439 ], [ 39.210352773622098, -6.800724730801155 ], [ 39.210351465764376, -6.800735226153826 ], [ 39.210360222093783, -6.800750964525077 ], [ 39.210352791500199, -6.800765835365279 ], [ 39.210362852454395, -6.800763644579657 ], [ 39.210383403086482, -6.800739147818265 ], [ 39.210381644820423, -6.800719908144565 ], [ 39.210372015444847, -6.800708542979913 ], [ 39.210381202210449, -6.800708101704586 ], [ 39.210394755727272, -6.800689292658591 ], [ 39.210394751732458, -6.800680109724051 ], [ 39.210385999017497, -6.800672679722727 ] ] ] } },
{ "type": "Feature", "properties": { "id": 311, "area_m2": 36.90931906812424, "status": "candidate - needs field verification" }, "geometry": { "type": "Polygon", "coordinates": [ [ [ 39.211461962368936, -6.800669537027037 ], [ 39.211459126467425, -6.80068052049513 ], [ 39.211456946770447, -6.800701750712427 ], [ 39.211468324894057, -6.800706753435768 ], [ 39.211524323294178, -6.800710664512703 ], [ 39.211544415982544, -6.800709079371426 ], [ 39.211545946330745, -6.800689683335779 ], [ 39.211533761710193, -6.800675197048222 ], [ 39.211461962368936, -6.800669537027037 ] ] ] } },
{ "type": "Feature", "properties": { "id": 312, "area_m2": 82.966976767066214, "status": "candidate - needs field verification" }, "geometry": { "type": "Polygon", "coordinates": [ [ [ 39.212388545557182, -6.800644374182729 ], [ 39.212381621259873, -6.800649727288495 ], [ 39.212373666658635, -6.80069130570362 ], [ 39.212346165786265, -6.80068604895983 ], [ 39.212342770446192, -6.800703796273138 ], [ 39.212379627908462, -6.80071084151234 ], [ 39.212385891807756, -6.800718848546736 ], [ 39.212433909437692, -6.800728027027027 ], [ 39.212435592866626, -6.800735627841009 ], [ 39.212461390773043, -6.80070588130027 ], [ 39.212471951828924, -6.800662839666971 ], [ 39.212461807500517, -6.800658654594113 ], [ 39.212388545557182, -6.800644374182729 ] ] ] } },
{ "type": "Feature", "properties": { "id": 313, "area_m2": 94.56485029644989, "status": "candidate - needs field verification" }, "geometry": { "type": "Polygon", "coordinates": [ [ [ 39.210615231040357, -6.8006625225369 ], [ 39.210575427756893, -6.800678282029902 ], [ 39.21052135469246, -6.800731917517425 ], [ 39.210521359792942, -6.80074363494518 ], [ 39.210546594256058, -6.800769686651114 ], [ 39.210573089042263, -6.800782080107608 ], [ 39.210626820227191, -6.80073423219257 ], [ 39.21060363052959, -6.80070821394014 ], [ 39.210633960182832, -6.800681205211964 ], [ 39.210625278026086, -6.800671464051955 ], [ 39.210643445864612, -6.80065528548671 ], [ 39.210631772839363, -6.800642188647585 ], [ 39.210615231040357, -6.8006625225369 ] ] ] } },
{ "type": "Feature", "properties": { "id": 314, "area_m2": 184.18915151909971, "status": "candidate - needs field verification" }, "geometry": { "type": "Polygon", "coordinates": [ [ [ 39.209855026006046, -6.800774306968951 ], [ 39.209918201530314, -6.800823790610647 ], [ 39.209933711958719, -6.800813681113411 ], [ 39.2100228344475, -6.800699257611059 ], [ 39.210019307212455, -6.800677721539004 ], [ 39.209964437744809, -6.800634743807319 ], [ 39.209855026006046, -6.800774306968951 ] ] ] } },
{ "type": "Feature", "properties": { "id": 315, "area_m2": 46.403292705139883, "status": "candidate - needs field verification" }, "geometry": { "type": "Polygon", "coordinates": [ [ [ 39.210114751043321, -6.800640438619089 ], [ 39.210106881829823, -6.800652685950031 ], [ 39.210111263979165, -6.80066973807278 ], [ 39.210131398615353, -6.800694654445908 ], [ 39.210140146766982, -6.800691589669448 ], [ 39.21014190350332, -6.800707331083518 ], [ 39.210193087591954, -6.800706434295234 ], [ 39.210193071628041, -6.80066970255663 ], [ 39.210184322717019, -6.800671018203608 ], [ 39.210184764181889, -6.800680200948322 ], [ 39.210173831700885, -6.800690263196955 ], [ 39.210162891998685, -6.800683708706437 ], [ 39.210173383015125, -6.800664463713313 ], [ 39.21016987942221, -6.800655719580782 ], [ 39.210128309128585, -6.800632124362783 ], [ 39.210114751043321, -6.800640438619089 ] ] ] } },
{ "type": "Feature", "properties": { "id": 316, "area_m2": 78.571181977219496, "status": "candidate - needs field verification" }, "geometry": { "type": "Polygon", "coordinates": [ [ [ 39.210288621477758, -6.800616314270291 ], [ 39.210247700200981, -6.800677144688948 ], [ 39.210288457513727, -6.800707704721507 ], [ 39.210327919433041, -6.800718907815647 ], [ 39.210355957047241, -6.800677229248101 ], [ 39.210353260444776, -6.800659759541976 ], [ 39.210288621477758, -6.800616314270291 ] ] ] } },
{ "type": "Feature", "properties": { "id": 317, "area_m2": 318.68789710408737, "status": "candidate - needs field verification" }, "geometry": { "type": "Polygon", "coordinates": [ [ [ 39.20969039193578, -6.800619195779391 ], [ 39.209655849495881, -6.800660752597979 ], [ 39.209727617997302, -6.800713195432299 ], [ 39.209680434494246, -6.800860142859364 ], [ 39.209745635793624, -6.80090078190164 ], [ 39.209760931082492, -6.800863168962051 ], [ 39.209809061785982, -6.800882825823561 ], [ 39.209841841808398, -6.800812409100698 ], [ 39.209745141235977, -6.800769160024849 ], [ 39.209745115065246, -6.800708815024095 ], [ 39.209868056673464, -6.80073499869903 ], [ 39.209917455757392, -6.800653205415581 ], [ 39.209887699551665, -6.800634852445478 ], [ 39.209875905590081, -6.800675962132381 ], [ 39.209813339399311, -6.800658935230148 ], [ 39.209778796967512, -6.800700492057205 ], [ 39.209730672920536, -6.800696140083485 ], [ 39.209734154319051, -6.800653722153386 ], [ 39.20969039193578, -6.800619195779391 ] ] ] } },
{ "type": "Feature", "properties": { "id": 318, "area_m2": 142.03987761321036, "status": "candidate - needs field verification" }, "geometry": { "type": "Polygon", "coordinates": [ [ [ 39.211564219961005, -6.800613556590046 ], [ 39.211560348319132, -6.800748363951321 ], [ 39.211631194458448, -6.800750396852911 ], [ 39.211645509713371, -6.800733813893452 ], [ 39.21165030721049, -6.800690931724915 ], [ 39.21165187167275, -6.800616071720034 ], [ 39.211564219961005, -6.800613556590046 ] ] ] } },
{ "type": "Feature", "properties": { "id": 319, "area_m2": 4.8201189318466504, "status": "candidate - needs field verification" }, "geometry": { "type": "Polygon", "coordinates": [ [ [ 39.210056427079259, -6.800613268759903 ], [ 39.210046959810242, -6.800628780564879 ], [ 39.210065498877519, -6.800640085553273 ], [ 39.210074966146138, -6.800624573747953 ], [ 39.210056427079259, -6.800613268759903 ] ] ] } },
{ "type": "Feature", "properties": { "id": 320, "area_m2": 61.571173300274744, "status": "candidate - needs field verification" }, "geometry": { "type": "Polygon", "coordinates": [ [ [ 39.210477394937165, -6.800589556282248 ], [ 39.210470402584747, -6.800606176064329 ], [ 39.210480472479333, -6.800624537558387 ], [ 39.210468660490811, -6.800624105411621 ], [ 39.210460791857571, -6.800637664595818 ], [ 39.210463435159845, -6.800680079866343 ], [ 39.210488817219357, -6.800699746550378 ], [ 39.21049232367308, -6.800715049919297 ], [ 39.210510263156088, -6.800722038640831 ], [ 39.210526881080533, -6.800708038368048 ], [ 39.210539118362171, -6.800680484237119 ], [ 39.210523362824397, -6.80066562347862 ], [ 39.21048792247867, -6.800654269541025 ], [ 39.210511085952923, -6.80060222282957 ], [ 39.210503209137265, -6.800596978862844 ], [ 39.21049796420747, -6.800607913210592 ], [ 39.210477394937165, -6.800589556282248 ] ] ] } },
{ "type": "Feature", "properties": { "id": 321, "area_m2": 13.830709968937875, "status": "candidate - needs field verification" }, "geometry": { "type": "Polygon", "coordinates": [ [ [ 39.209911044291687, -6.800582453430535 ], [ 39.209896657195159, -6.800608701439891 ], [ 39.209931472862259, -6.800627767957984 ], [ 39.209937126335085, -6.800616902421404 ], [ 39.209941869819239, -6.800602387719174 ], [ 39.209920489226405, -6.800586737130639 ], [ 39.209911044291687, -6.800582453430535 ] ] ] } },
{ "type": "Feature", "properties": { "id": 322, "area_m2": 87.646955571474436, "status": "candidate - needs field verification" }, "geometry": { "type": "Polygon", "coordinates": [ [ [ 39.212358079508626, -6.800575780846135 ], [ 39.212351866551991, -6.800595102687234 ], [ 39.212316367324263, -6.800583697859545 ], [ 39.212302244924174, -6.800627617475802 ], [ 39.212309511716171, -6.800639075212192 ], [ 39.21234193606179, -6.800649492172589 ], [ 39.212354153972647, -6.800611495367844 ], [ 39.212469597383489, -6.800648583818547 ], [ 39.212486833844444, -6.800638329353245 ], [ 39.212493007680941, -6.800619129156138 ], [ 39.212358079508626, -6.800575780846135 ] ] ] } },
{ "type": "Feature", "properties": { "id": 323, "area_m2": 172.25978093938835, "status": "candidate - needs field verification" }, "geometry": { "type": "Polygon", "coordinates": [ [ [ 39.209343891494058, -6.800570807373386 ], [ 39.209329458069796, -6.800578247421218 ], [ 39.209328606211841, -6.800631596280231 ], [ 39.209297548014547, -6.800637294385219 ], [ 39.20929849752271, -6.800809583361956 ], [ 39.209359743343903, -6.800808245028059 ], [ 39.209378102304839, -6.800773691753478 ], [ 39.209367570554093, -6.800698920966009 ], [ 39.209303262428008, -6.80070026062462 ], [ 39.209330366706887, -6.800656083350637 ], [ 39.209343928592297, -6.800656514768408 ], [ 39.20935050224967, -6.800683186170654 ], [ 39.209373666417207, -6.800632451357791 ], [ 39.209395540687481, -6.800633753744096 ], [ 39.209394649457636, -6.800596147816721 ], [ 39.209343891494058, -6.800570807373386 ] ] ] } },
{ "type": "Feature", "properties": { "id": 324, "area_m2": 32.800130112504874, "status": "candidate - needs field verification" }, "geometry": { "type": "Polygon", "coordinates": [ [ [ 39.210262420021571, -6.800566717634989 ], [ 39.210256030251962, -6.800583093242703 ], [ 39.210238981692669, -6.800612835870084 ], [ 39.210220175822485, -6.800625525235313 ], [ 39.210210560897167, -6.800647393545073 ], [ 39.210208600475177, -6.800657153571514 ], [ 39.210228186241757, -6.800668835585168 ], [ 39.210249492664616, -6.800639505548626 ], [ 39.21028417665196, -6.800579694468869 ], [ 39.210262420021571, -6.800566717634989 ] ] ] } },
{ "type": "Feature", "properties": { "id": 325, "area_m2": 490.74905384073224, "status": "candidate - needs field verification" }, "geometry": { "type": "Polygon", "coordinates": [ [ [ 39.209591500065706, -6.800566764683388 ], [ 39.209557379179323, -6.800571589565499 ], [ 39.20956353223638, -6.800637179307322 ], [ 39.20938549090058, -6.800661744184604 ], [ 39.209392073269143, -6.800708530586953 ], [ 39.209549124580853, -6.800704089798087 ], [ 39.209560535855488, -6.800789354984779 ], [ 39.209425373374366, -6.800828768924782 ], [ 39.209450364136067, -6.800955132812664 ], [ 39.209575021960987, -6.800903479497586 ], [ 39.209618732430734, -6.800818190444493 ], [ 39.209591500065706, -6.800566764683388 ] ] ] } },
{ "type": "Feature", "properties": { "id": 326, "area_m2": 199.60449497586384, "status": "candidate - needs field verification" }, "geometry": { "type": "Polygon", "coordinates": [ [ [ 39.212305597039496, -6.800585259650191 ], [ 39.212227285369828, -6.800576548337594 ], [ 39.212215022861095, -6.800546381212026 ], [ 39.212152923627606, -6.800596695934913 ], [ 39.212093422569978, -6.800586227225593 ], [ 39.212068933808759, -6.800608539369058 ], [ 39.212125832272932, -6.800669734007186 ], [ 39.212151638827258, -6.800659665197026 ], [ 39.212138971837469, -6.800704710859496 ], [ 39.212162596586232, -6.800707324201195 ], [ 39.212180052574958, -6.800609365240637 ], [ 39.212227286329245, -6.800578734750323 ], [ 39.212188822965466, -6.800657025203048 ], [ 39.212252708177033, -6.800688918826718 ], [ 39.212305597039496, -6.800585259650191 ] ] ] } },
{ "type": "Feature", "properties": { "id": 327, "area_m2": 8.5432999789121329, "status": "candidate - needs field verification" }, "geometry": { "type": "Polygon", "coordinates": [ [ [ 39.209296112596419, -6.800546648599461 ], [ 39.209298757509075, -6.800567940822071 ], [ 39.209301296615322, -6.800570194853614 ], [ 39.209324010652871, -6.800567375790626 ], [ 39.209327981738845, -6.800562835429766 ], [ 39.209325517676028, -6.800542999104231 ], [ 39.209296112596419, -6.800546648599461 ] ] ] } },
{ "type": "Feature", "properties": { "id": 328, "area_m2": 99.01779564609987, "status": "candidate - needs field verification" }, "geometry": { "type": "Polygon", "coordinates": [ [ [ 39.2103803052442, -6.80054090409949 ], [ 39.210336143644689, -6.800611304579084 ], [ 39.210418727724232, -6.800663063519226 ], [ 39.210452905337576, -6.800610119215855 ], [ 39.210460563478364, -6.800591205331942 ], [ 39.2103803052442, -6.80054090409949 ] ] ] } },
{ "type": "Feature", "properties": { "id": 329, "area_m2": 8.0610279973556462, "status": "candidate - needs field verification" }, "geometry": { "type": "Polygon", "coordinates": [ [ [ 39.212112913540572, -6.800546217901425 ], [ 39.212117033504391, -6.800557356226106 ], [ 39.212120535980596, -6.800563476648199 ], [ 39.212126530484881, -6.800568881243953 ], [ 39.212149717564671, -6.800555935742056 ], [ 39.212144337920478, -6.80054630852648 ], [ 39.212142099728261, -6.800547558124241 ], [ 39.212138208684706, -6.800540594853881 ], [ 39.212132160945011, -6.800543971347527 ], [ 39.212128540898476, -6.800537493043254 ], [ 39.212112913540572, -6.800546217901425 ] ] ] } },
{ "type": "Feature", "properties": { "id": 330, "area_m2": 7.5842406546982248, "status": "candidate - needs field verification" }, "geometry": { "type": "Polygon", "coordinates": [ [ [ 39.211579835082709, -6.800511449177836 ], [ 39.211579053469912, -6.800526396270921 ], [ 39.211583302136283, -6.800527417307042 ], [ 39.211617945770065, -6.800529822927523 ], [ 39.211618670292395, -6.800515967576826 ], [ 39.211616498343751, -6.80051336469377 ], [ 39.211579835082709, -6.800511449177836 ] ] ] } },
{ "type": "Feature", "properties": { "id": 331, "area_m2": 103.84905615655322, "status": "candidate - needs field verification" }, "geometry": { "type": "Polygon", "coordinates": [ [ [ 39.210168714441757, -6.800516918818183 ], [ 39.210138778865968, -6.800563903718494 ], [ 39.210114434634519, -6.800607610354249 ], [ 39.21015676238892, -6.800630396368303 ], [ 39.210168530982806, -6.800608553916502 ], [ 39.210201896038434, -6.800626515097119 ], [ 39.21024280174646, -6.800550594279131 ], [ 39.210191403995566, -6.800522925681157 ], [ 39.210197778019975, -6.800511095519274 ], [ 39.210168714441757, -6.800516918818183 ] ] ] } },
{ "type": "Feature", "properties": { "id": 332, "area_m2": 9.1608911980943635, "status": "candidate - needs field verification" }, "geometry": { "type": "Polygon", "coordinates": [ [ [ 39.212078526294917, -6.800505503010209 ], [ 39.212066268508629, -6.800516273900572 ], [ 39.212061321927152, -6.800522588324104 ], [ 39.212073288704609, -6.800536934989099 ], [ 39.212078876317321, -6.80053724282078 ], [ 39.212097331454181, -6.800521507682929 ], [ 39.212100388226148, -6.800517053846313 ], [ 39.212093826293945, -6.800509265304901 ], [ 39.212088581452711, -6.800506089810923 ], [ 39.212078526294917, -6.800505503010209 ] ] ] } },
{ "type": "Feature", "properties": { "id": 333, "area_m2": 463.2688079664689, "status": "candidate - needs field verification" }, "geometry": { "type": "Polygon", "coordinates": [ [ [ 39.212668665586527, -6.800505952123318 ], [ 39.212627111531312, -6.800519526138762 ], [ 39.212605694150469, -6.800562389242655 ], [ 39.212575502301625, -6.800548409458189 ], [ 39.212637221108693, -6.800627967787751 ], [ 39.212529175227019, -6.800651191216304 ], [ 39.212489850600228, -6.800760529135611 ], [ 39.212497747805273, -6.800812125017978 ], [ 39.212650430887074, -6.800822552749281 ], [ 39.212623279999974, -6.800760033262135 ], [ 39.2126460055797, -6.800707549365336 ], [ 39.212615378745646, -6.800699254448885 ], [ 39.212614486688636, -6.800660336687661 ], [ 39.21264600154214, -6.800698366432144 ], [ 39.21274659594345, -6.800642350056277 ], [ 39.212668665586527, -6.800505952123318 ] ] ] } },
{ "type": "Feature", "properties": { "id": 334, "area_m2": 34.745617925093768, "status": "candidate - needs field verification" }, "geometry": { "type": "Polygon", "coordinates": [ [ [ 39.209967554324614, -6.800489162924656 ], [ 39.209939274920373, -6.800540947224011 ], [ 39.209941548859469, -6.800550022265761 ], [ 39.209970777884195, -6.800565970275893 ], [ 39.209978223642594, -6.800558725997846 ], [ 39.210003604278, -6.800510614655965 ], [ 39.210001437697734, -6.800504127144338 ], [ 39.209975569372787, -6.80049094833163 ], [ 39.209967554324614, -6.800489162924656 ] ] ] } },
{ "type": "Feature", "properties": { "id": 335, "area_m2": 5.7205746696311488, "status": "candidate - needs field verification" }, "geometry": { "type": "Polygon", "coordinates": [ [ [ 39.212156229829759, -6.800485476179045 ], [ 39.212157682269094, -6.800488776560751 ], [ 39.21214893975214, -6.800490438000889 ], [ 39.212141940350364, -6.800494236623977 ], [ 39.21214983937589, -6.800512185600888 ], [ 39.212169732010707, -6.800503438860143 ], [ 39.212168190711154, -6.800495239672641 ], [ 39.212162274915045, -6.800482818170353 ], [ 39.212156229829759, -6.800485476179045 ] ] ] } },
{ "type": "Feature", "properties": { "id": 336, "area_m2": 7.3519115452172521, "status": "candidate - needs field verification" }, "geometry": { "type": "Polygon", "coordinates": [ [ [ 39.210493844059066, -6.800479316095945 ], [ 39.210488869382687, -6.800484790630154 ], [ 39.210491777564187, -6.800509158683478 ], [ 39.210497113509042, -6.800508522427121 ], [ 39.210496437148834, -6.800502855112536 ], [ 39.21051348238948, -6.800500822643101 ], [ 39.210520105375444, -6.80049033072623 ], [ 39.21051934891441, -6.800483992238136 ], [ 39.210506842490737, -6.800485483500649 ], [ 39.210505934395556, -6.800477874447886 ], [ 39.210493844059066, -6.800479316095945 ] ] ] } },
{ "type": "Feature", "properties": { "id": 337, "area_m2": 43.07307841137991, "status": "candidate - needs field verification" }, "geometry": { "type": "Polygon", "coordinates": [ [ [ 39.212848516003426, -6.80047452794002 ], [ 39.21283183543796, -6.800487951823085 ], [ 39.212817214226128, -6.800504776384193 ], [ 39.212864243527626, -6.80056752300904 ], [ 39.212880356485201, -6.80058415941371 ], [ 39.212881254066886, -6.800513613795246 ], [ 39.212848516003426, -6.80047452794002 ] ] ] } },
{ "type": "Feature", "properties": { "id": 338, "area_m2": 75.024993047624719, "status": "candidate - needs field verification" }, "geometry": { "type": "Polygon", "coordinates": [ [ [ 39.209773428915277, -6.800514021608472 ], [ 39.209782218994363, -6.800521204668144 ], [ 39.209873669831964, -6.800564456014515 ], [ 39.209916772019646, -6.800572467968578 ], [ 39.209927118197733, -6.800552013295396 ], [ 39.209925603973176, -6.800547856615227 ], [ 39.209859649983123, -6.800516798278819 ], [ 39.209839954739401, -6.800496254530052 ], [ 39.209793709952244, -6.800473925474419 ], [ 39.209773428915277, -6.800514021608472 ] ] ] } },
{ "type": "Feature", "properties": { "id": 339, "area_m2": 132.263136175412, "status": "candidate - needs field verification" }, "geometry": { "type": "Polygon", "coordinates": [ [ [ 39.20940096306861, -6.800456862365654 ], [ 39.209402552966019, -6.800525262331891 ], [ 39.209424174174806, -6.800545383088028 ], [ 39.209442677289921, -6.800544953374122 ], [ 39.209443074011517, -6.800562020913317 ], [ 39.209477512450214, -6.800561221117612 ], [ 39.209477052326342, -6.800541425981215 ], [ 39.20952176214891, -6.800540387640059 ], [ 39.209519756528572, -6.800454103515451 ], [ 39.20940096306861, -6.800456862365654 ] ] ] } },
{ "type": "Feature", "properties": { "id": 340, "area_m2": 203.90587166313875, "status": "candidate - needs field verification" }, "geometry": { "type": "Polygon", "coordinates": [ [ [ 39.210399988083417, -6.800477184283484 ], [ 39.210328848229238, -6.80043923434607 ], [ 39.210277094675035, -6.800536165215511 ], [ 39.210347308234162, -6.800573621017393 ], [ 39.210373789967072, -6.800524022533514 ], [ 39.210450990918105, -6.800565205777735 ], [ 39.210482374087171, -6.800506427204904 ], [ 39.210468208055069, -6.800464513603301 ], [ 39.210420376723256, -6.80043899773213 ], [ 39.210399988083417, -6.800477184283484 ] ] ] } },
{ "type": "Feature", "properties": { "id": 341, "area_m2": 26.706637008813146, "status": "candidate - needs field verification" }, "geometry": { "type": "Polygon", "coordinates": [ [ [ 39.209295403170998, -6.800428182322785 ], [ 39.209299628499203, -6.80048336821501 ], [ 39.209304519622989, -6.800486920608238 ], [ 39.209297105522396, -6.800487487775383 ], [ 39.209298077693653, -6.80050018504515 ], [ 39.209307923459185, -6.800499431859397 ], [ 39.209313355558216, -6.800493221041538 ], [ 39.209312587479786, -6.800483189377768 ], [ 39.209322407361924, -6.800482438171747 ], [ 39.209335236807654, -6.800469603234946 ], [ 39.209331851911841, -6.800425394049745 ], [ 39.209295403170998, -6.800428182322785 ] ] ] } },
{ "type": "Feature", "properties": { "id": 342, "area_m2": 16.029737966959615, "status": "candidate - needs field verification" }, "geometry": { "type": "Polygon", "coordinates": [ [ [ 39.209806072403381, -6.800418182711229 ], [ 39.209797052124188, -6.800434780106758 ], [ 39.20978860235396, -6.800437036316693 ], [ 39.209778250813429, -6.8004499293077 ], [ 39.209772374209578, -6.800463259122759 ], [ 39.20978175913946, -6.800469605508852 ], [ 39.209795995275748, -6.800474328989324 ], [ 39.209822900923029, -6.800424822354604 ], [ 39.209809085762231, -6.800417320715062 ], [ 39.209806072403381, -6.800418182711229 ] ] ] } },
{ "type": "Feature", "properties": { "id": 343, "area_m2": 134.65942209521899, "status": "candidate - needs field verification" }, "geometry": { "type": "Polygon", "coordinates": [ [ [ 39.210097788337727, -6.800410311528939 ], [ 39.210049897709062, -6.800511239350625 ], [ 39.210139065129468, -6.800553512625791 ], [ 39.210186955743168, -6.800452584795886 ], [ 39.210097788337727, -6.800410311528939 ] ] ] } },
{ "type": "Feature", "properties": { "id": 344, "area_m2": 77.245079379573028, "status": "candidate - needs field verification" }, "geometry": { "type": "Polygon", "coordinates": [ [ [ 39.210280458735824, -6.800408278852309 ], [ 39.210272265034128, -6.800425618732215 ], [ 39.210251657139736, -6.800434555550111 ], [ 39.210223244789951, -6.800421141449764 ], [ 39.210195090382086, -6.800480723048084 ], [ 39.210211364952976, -6.800484286753746 ], [ 39.210270189904989, -6.800514198444785 ], [ 39.210302075180856, -6.800446721395314 ], [ 39.210291341281341, -6.800441653685135 ], [ 39.210302250453438, -6.800418567202756 ], [ 39.210280458735824, -6.800408278852309 ] ] ] } },
{ "type": "Feature", "properties": { "id": 345, "area_m2": 421.46191316349518, "status": "candidate - needs field verification" }, "geometry": { "type": "Polygon", "coordinates": [ [ [ 39.212411980609154, -6.800386363812453 ], [ 39.212376609192738, -6.800494965772677 ], [ 39.212295947441518, -6.800468717376047 ], [ 39.212280632648131, -6.800478147005796 ], [ 39.212261887900944, -6.800535699529301 ], [ 39.212348862368408, -6.800564002168619 ], [ 39.212368132768901, -6.800532758303581 ], [ 39.212362111527284, -6.800565147842589 ], [ 39.212489538511164, -6.800606614225971 ], [ 39.212512514516973, -6.800567677550026 ], [ 39.212531458838626, -6.800463691761793 ], [ 39.212556799431297, -6.800471937912773 ], [ 39.212568121883962, -6.800437174193969 ], [ 39.212411980609154, -6.800386363812453 ] ] ] } },
{ "type": "Feature", "properties": { "id": 346, "area_m2": 24.202154205551196, "status": "candidate - needs field verification" }, "geometry": { "type": "Polygon", "coordinates": [ [ [ 39.212097710248862, -6.800387699030098 ], [ 39.212089380209186, -6.800389895316139 ], [ 39.212078843622855, -6.80040201782119 ], [ 39.212088136691314, -6.800454859273215 ], [ 39.212111738366623, -6.80045372256176 ], [ 39.212118355223772, -6.800451239476765 ], [ 39.212109535080501, -6.80041742906832 ], [ 39.21211565223404, -6.800400372365091 ], [ 39.212112187820793, -6.80038746098449 ], [ 39.212097710248862, -6.800387699030098 ] ] ] } },
{ "type": "Feature", "properties": { "id": 347, "area_m2": 50.323200221707253, "status": "candidate - needs field verification" }, "geometry": { "type": "Polygon", "coordinates": [ [ [ 39.212243382098137, -6.800371893008169 ], [ 39.212230694208699, -6.800369274875123 ], [ 39.21215896386245, -6.800404288928528 ], [ 39.212188739128159, -6.800465932729457 ], [ 39.21220886253996, -6.80046504934294 ], [ 39.212208840859546, -6.800415636414806 ], [ 39.212222839252682, -6.800413881147517 ], [ 39.212248643104786, -6.800397690376881 ], [ 39.212243382098137, -6.800371893008169 ] ] ] } },
{ "type": "Feature", "properties": { "id": 348, "area_m2": 69.106399228633862, "status": "candidate - needs field verification" }, "geometry": { "type": "Polygon", "coordinates": [ [ [ 39.210504435343005, -6.800398889275603 ], [ 39.210500943165258, -6.800416382101448 ], [ 39.210477956775662, -6.800445568757428 ], [ 39.21051589615427, -6.800478915679219 ], [ 39.210520655753463, -6.80047671853898 ], [ 39.210583154615421, -6.800405613380684 ], [ 39.210573992344877, -6.800395798044787 ], [ 39.210549927478723, -6.800387062858701 ], [ 39.210530826513214, -6.800366873246602 ], [ 39.210504435343005, -6.800398889275603 ] ] ] } },
{ "type": "Feature", "properties": { "id": 349, "area_m2": 101.15352115785521, "status": "candidate - needs field verification" }, "geometry": { "type": "Polygon", "coordinates": [ [ [ 39.210345369932554, -6.80037354119064 ], [ 39.2103519554177, -6.800426529870519 ], [ 39.210374690369719, -6.800423706817123 ], [ 39.210376907684534, -6.800441547950882 ], [ 39.210468140620875, -6.800434762237066 ], [ 39.210472261602057, -6.800432176652331 ], [ 39.2104631565945, -6.800358915327511 ], [ 39.210345369932554, -6.80037354119064 ] ] ] } },
{ "type": "Feature", "properties": { "id": 350, "area_m2": 128.11145739186475, "status": "candidate - needs field verification" }, "geometry": { "type": "Polygon", "coordinates": [ [ [ 39.210966385356016, -6.80034752610257 ], [ 39.21095326324167, -6.800352341930421 ], [ 39.210943214314121, -6.800382081530998 ], [ 39.21089115283737, -6.800377294105028 ], [ 39.21088591440131, -6.800403096064731 ], [ 39.210917419379577, -6.800418824514965 ], [ 39.2109130757241, -6.80049010348264 ], [ 39.210941956819227, -6.800508019487583 ], [ 39.210973893939112, -6.800511503830828 ], [ 39.210988319131921, -6.800485260583692 ], [ 39.210983901473476, -6.800386873908865 ], [ 39.210961582681442, -6.800369392329058 ], [ 39.210984766311107, -6.800363697550478 ], [ 39.210987823667757, -6.800352326868545 ], [ 39.210966385356016, -6.80034752610257 ] ] ] } },
{ "type": "Feature", "properties": { "id": 351, "area_m2": 10.599316067535373, "status": "candidate - needs field verification" }, "geometry": { "type": "Polygon", "coordinates": [ [ [ 39.211152957133031, -6.800344862226858 ], [ 39.211142205062998, -6.800351585857811 ], [ 39.211138282825402, -6.800363352441449 ], [ 39.211141886615373, -6.800369200322597 ], [ 39.211161266492041, -6.800375654707127 ], [ 39.211173033777577, -6.800370502652703 ], [ 39.211176817862359, -6.800364925656066 ], [ 39.211179417444576, -6.800355553880042 ], [ 39.211171561876888, -6.800350497620995 ], [ 39.211152957133031, -6.800344862226858 ] ] ] } },
{ "type": "Feature", "properties": { "id": 352, "area_m2": 202.61073104359579, "status": "candidate - needs field verification" }, "geometry": { "type": "Polygon", "coordinates": [ [ [ 39.212880769183187, -6.800344064325474 ], [ 39.212861524767327, -6.800354130288198 ], [ 39.212865037258808, -6.800382989396397 ], [ 39.212830048212446, -6.800403119781225 ], [ 39.212796354461503, -6.800384331441162 ], [ 39.212757432572552, -6.800414521049882 ], [ 39.212727230535528, -6.800377365300249 ], [ 39.212697041387344, -6.800369507478537 ], [ 39.212658115070973, -6.800389639581081 ], [ 39.212657248006416, -6.800407568549494 ], [ 39.21270057559979, -6.800447779514798 ], [ 39.212725943886404, -6.800435961736761 ], [ 39.212718082436425, -6.80046570040952 ], [ 39.212757041841911, -6.800520780897857 ], [ 39.212808201461911, -6.800464348952267 ], [ 39.212880805367178, -6.800426273441445 ], [ 39.212880769183187, -6.800344064325474 ] ] ] } },
{ "type": "Feature", "properties": { "id": 353, "area_m2": 181.20611114279279, "status": "candidate - needs field verification" }, "geometry": { "type": "Polygon", "coordinates": [ [ [ 39.209911959220044, -6.800338520158252 ], [ 39.209879051660735, -6.800397916581379 ], [ 39.209887558442617, -6.800425273417852 ], [ 39.209862363090572, -6.800470749698636 ], [ 39.209945176622462, -6.800516590995 ], [ 39.210012882212766, -6.800394385917381 ], [ 39.209911959220044, -6.800338520158252 ] ] ] } },
{ "type": "Feature", "properties": { "id": 354, "area_m2": 7.9023575663163923, "status": "candidate - needs field verification" }, "geometry": { "type": "Polygon", "coordinates": [ [ [ 39.212074038592363, -6.800342246544298 ], [ 39.212078785933379, -6.800358571687331 ], [ 39.212085272542645, -6.800362890100126 ], [ 39.212106265949103, -6.800356790564344 ], [ 39.212105565791433, -6.800344404606995 ], [ 39.21210209823473, -6.800334093946979 ], [ 39.212074038592363, -6.800342246544298 ] ] ] } },
{ "type": "Feature", "properties": { "id": 355, "area_m2": 59.170892729116801, "status": "candidate - needs field verification" }, "geometry": { "type": "Polygon", "coordinates": [ [ [ 39.210562335750765, -6.800311559109907 ], [ 39.210544559682788, -6.800327946625717 ], [ 39.210554551400755, -6.800338775496513 ], [ 39.210554559438059, -6.800357237904522 ], [ 39.210607473238511, -6.800414585056205 ], [ 39.210627222791928, -6.8003963782092 ], [ 39.210641254699766, -6.800411585768103 ], [ 39.210640353382161, -6.800346575724078 ], [ 39.210622536606415, -6.800363000771994 ], [ 39.210571333233823, -6.800317088318979 ], [ 39.210562335750765, -6.800311559109907 ] ] ] } },
{ "type": "Feature", "properties": { "id": 356, "area_m2": 108.38286675548626, "status": "candidate - needs field verification" }, "geometry": { "type": "Polygon", "coordinates": [ [ [ 39.209765895016155, -6.800299116971264 ], [ 39.209738824500519, -6.800326195386811 ], [ 39.209717875627462, -6.80036330068936 ], [ 39.209746289999416, -6.800391784557677 ], [ 39.209794685848998, -6.800428225776301 ], [ 39.209839030085078, -6.800381686863688 ], [ 39.209848096676858, -6.800366591299132 ], [ 39.209765895016155, -6.800299116971264 ] ] ] } },
{ "type": "Feature", "properties": { "id": 357, "area_m2": 165.33831085235838, "status": "candidate - needs field verification" }, "geometry": { "type": "Polygon", "coordinates": [ [ [ 39.212431897166987, -6.800289601183869 ], [ 39.21237765581062, -6.80030186889712 ], [ 39.212375918012576, -6.800329418465312 ], [ 39.212346177673126, -6.800347360099843 ], [ 39.212270930276624, -6.800343020275246 ], [ 39.212270090449813, -6.800423043365405 ], [ 39.212338351716902, -6.80045799603833 ], [ 39.212351033081482, -6.800445746561906 ], [ 39.212345743847102, -6.800355668660133 ], [ 39.212396064269562, -6.800380571694192 ], [ 39.212447247351705, -6.80037748825603 ], [ 39.212431897166987, -6.800289601183869 ] ] ] } },
{ "type": "Feature", "properties": { "id": 358, "area_m2": 31.723468112933006, "status": "candidate - needs field verification" }, "geometry": { "type": "Polygon", "coordinates": [ [ [ 39.209828707105878, -6.800283441345681 ], [ 39.209809227405167, -6.800325449477178 ], [ 39.209860116963689, -6.800349026990004 ], [ 39.209879596660798, -6.800307018856608 ], [ 39.209828707105878, -6.800283441345681 ] ] ] } },
{ "type": "Feature", "properties": { "id": 359, "area_m2": 126.89630269783953, "status": "candidate - needs field verification" }, "geometry": { "type": "Polygon", "coordinates": [ [ [ 39.211012476419697, -6.800277607448049 ], [ 39.211003591227396, -6.800394736414859 ], [ 39.210991228974848, -6.800432323520612 ], [ 39.211059418786029, -6.800442336345885 ], [ 39.211067294663273, -6.800435366145811 ], [ 39.211070576015182, -6.800413038848414 ], [ 39.211019385492655, -6.800405522158738 ], [ 39.211016848789747, -6.800401796838728 ], [ 39.211020354320638, -6.800377944176511 ], [ 39.211079946094692, -6.800386694485123 ], [ 39.211094214254146, -6.800289609631834 ], [ 39.211012476419697, -6.800277607448049 ] ] ] } },
{ "type": "Feature", "properties": { "id": 360, "area_m2": 100.04906395557225, "status": "candidate - needs field verification" }, "geometry": { "type": "Polygon", "coordinates": [ [ [ 39.21243514963318, -6.800290380030968 ], [ 39.212462666771572, -6.800386906911553 ], [ 39.212510244721315, -6.800380084300347 ], [ 39.212538743281989, -6.800367736301875 ], [ 39.212524212368955, -6.800308363817592 ], [ 39.21250644152709, -6.80027007443838 ], [ 39.21243514963318, -6.800290380030968 ] ] ] } },
{ "type": "Feature", "properties": { "id": 361, "area_m2": 62.539107755160174, "status": "candidate - needs field verification" }, "geometry": { "type": "Polygon", "coordinates": [ [ [ 39.212131672920869, -6.800296018778978 ], [ 39.212143136066942, -6.800325451926796 ], [ 39.212123932923639, -6.80033292432249 ], [ 39.212124813483896, -6.800341772477278 ], [ 39.212134874077684, -6.800366984004966 ], [ 39.212215808061053, -6.800335490677648 ], [ 39.212191385724374, -6.800272783113689 ], [ 39.212131672920869, -6.800296018778978 ] ] ] } },
{ "type": "Feature", "properties": { "id": 362, "area_m2": 20.946714742076143, "status": "candidate - needs field verification" }, "geometry": { "type": "Polygon", "coordinates": [ [ [ 39.210462039196592, -6.800276495115521 ], [ 39.210450342838648, -6.800277399557562 ], [ 39.210451197619598, -6.800302284922308 ], [ 39.210437708788568, -6.800320393761021 ], [ 39.210438545043871, -6.800328301679838 ], [ 39.210453904396367, -6.800339732490822 ], [ 39.210489583010613, -6.800291833726311 ], [ 39.210464512049057, -6.800273175295358 ], [ 39.210462039196592, -6.800276495115521 ] ] ] } },
{ "type": "Feature", "properties": { "id": 363, "area_m2": 209.94463849783662, "status": "candidate - needs field verification" }, "geometry": { "type": "Polygon", "coordinates": [ [ [ 39.20968630224597, -6.800267622257527 ], [ 39.209619410462402, -6.800363853423021 ], [ 39.209598892021312, -6.800462688199135 ], [ 39.209759473004866, -6.800527336482798 ], [ 39.209777828512749, -6.800484912106737 ], [ 39.209697318905654, -6.800451713504077 ], [ 39.209664054399397, -6.800413684317493 ], [ 39.209715627963028, -6.80030215488779 ], [ 39.20968630224597, -6.800267622257527 ] ] ] } },
{ "type": "Feature", "properties": { "id": 364, "area_m2": 8.8957944249749321, "status": "candidate - needs field verification" }, "geometry": { "type": "Polygon", "coordinates": [ [ [ 39.210870673119878, -6.800263797025791 ], [ 39.210868939923856, -6.800269073338962 ], [ 39.210866235054056, -6.800268185602575 ], [ 39.210864803154308, -6.80027254468897 ], [ 39.210877808112699, -6.800292488852499 ], [ 39.210872481482731, -6.800308704541146 ], [ 39.210876744384137, -6.800310103622206 ], [ 39.210878031130818, -6.800306186420578 ], [ 39.210880172309878, -6.800306889153925 ], [ 39.210882302314062, -6.800300404850316 ], [ 39.210879759727995, -6.800295689891319 ], [ 39.210894988232333, -6.800288518561985 ], [ 39.210898625891893, -6.800289712439007 ], [ 39.210899423296873, -6.800287284924184 ], [ 39.210896337806155, -6.80028627226854 ], [ 39.210898509154283, -6.800279662101878 ], [ 39.210892756282611, -6.800271044703702 ], [ 39.210870673119878, -6.800263797025791 ] ] ] } },
{ "type": "Feature", "properties": { "id": 365, "area_m2": 113.88537975532299, "status": "candidate - needs field verification" }, "geometry": { "type": "Polygon", "coordinates": [ [ [ 39.210253259564375, -6.800257819833727 ], [ 39.210244715280538, -6.800285365182678 ], [ 39.2101990476324, -6.800271211917802 ], [ 39.210189349543214, -6.800302476929742 ], [ 39.210174777118546, -6.800297960659607 ], [ 39.210167546118221, -6.800319887488453 ], [ 39.2101647441403, -6.800354138275627 ], [ 39.210195560752936, -6.800363688925829 ], [ 39.210192206034705, -6.800374503972709 ], [ 39.21021919576846, -6.800383708334683 ], [ 39.210245751177297, -6.800387513339873 ], [ 39.210283111038308, -6.800267071365329 ], [ 39.210253259564375, -6.800257819833727 ] ] ] } },
{ "type": "Feature", "properties": { "id": 366, "area_m2": 42.714723995953129, "status": "candidate - needs field verification" }, "geometry": { "type": "Polygon", "coordinates": [ [ [ 39.212879847082014, -6.800236930489541 ], [ 39.212820796420971, -6.800255759606133 ], [ 39.2128229868676, -6.800262755165082 ], [ 39.212831298096596, -6.800261002380624 ], [ 39.21285407539817, -6.800326147476222 ], [ 39.212862391246908, -6.800334889472015 ], [ 39.212880763794125, -6.800331820414575 ], [ 39.212879847082014, -6.800236930489541 ] ] ] } },
{ "type": "Feature", "properties": { "id": 367, "area_m2": 148.80188631201815, "status": "candidate - needs field verification" }, "geometry": { "type": "Polygon", "coordinates": [ [ [ 39.210346578850327, -6.800230957367122 ], [ 39.210339713748475, -6.800263126387545 ], [ 39.210321517291398, -6.800259246522735 ], [ 39.210312806369274, -6.800300064816115 ], [ 39.210294700439128, -6.800296204252851 ], [ 39.210281812704935, -6.800356594543266 ], [ 39.210309306243644, -6.800362679625686 ], [ 39.21036135388605, -6.800364673479497 ], [ 39.210371114058525, -6.800318938512408 ], [ 39.210400008244257, -6.800325099352112 ], [ 39.210420436188066, -6.800308165756135 ], [ 39.210432981442558, -6.800249380194751 ], [ 39.210346578850327, -6.800230957367122 ] ] ] } },
{ "type": "Feature", "properties": { "id": 368, "area_m2": 149.4448446099039, "status": "candidate - needs field verification" }, "geometry": { "type": "Polygon", "coordinates": [ [ [ 39.211217517299538, -6.800228158711451 ], [ 39.211205212410839, -6.800270460213007 ], [ 39.211198704979317, -6.800319136481916 ], [ 39.211267573964804, -6.800328618326564 ], [ 39.2112641555251, -6.800353425621107 ], [ 39.21128878784765, -6.800356816983435 ], [ 39.211314694541834, -6.800333778622108 ], [ 39.211328320360636, -6.800234897246776 ], [ 39.211293564325658, -6.800229754370031 ], [ 39.211217517299538, -6.800228158711451 ] ] ] } },
{ "type": "Feature", "properties": { "id": 369, "area_m2": 91.339927544412163, "status": "candidate - needs field verification" }, "geometry": { "type": "Polygon", "coordinates": [ [ [ 39.21113112089418, -6.80022534766669 ], [ 39.211122696706724, -6.800266396431931 ], [ 39.211141781210564, -6.800276172558061 ], [ 39.21111839697727, -6.800276983775353 ], [ 39.211107253129306, -6.800331284689917 ], [ 39.211147497575844, -6.800343074312615 ], [ 39.211179288617629, -6.800341440535139 ], [ 39.21119962358361, -6.800242353741512 ], [ 39.211159262784903, -6.800236372210332 ], [ 39.21113112089418, -6.80022534766669 ] ] ] } },
{ "type": "Feature", "properties": { "id": 370, "area_m2": 45.38932227655306, "status": "candidate - needs field verification" }, "geometry": { "type": "Polygon", "coordinates": [ [ [ 39.210477516829606, -6.800232130213159 ], [ 39.210483376275661, -6.800260279822064 ], [ 39.210501368107117, -6.800292299467522 ], [ 39.210550910910328, -6.800280346544461 ], [ 39.21053586831988, -6.800218052066903 ], [ 39.210477516829606, -6.800232130213159 ] ] ] } },
{ "type": "Feature", "properties": { "id": 371, "area_m2": 10.055059346609104, "status": "candidate - needs field verification" }, "geometry": { "type": "Polygon", "coordinates": [ [ [ 39.210192001510023, -6.800220613699265 ], [ 39.210188065197315, -6.800222801821842 ], [ 39.210174940417666, -6.800221495672219 ], [ 39.210166631458435, -6.800228495802678 ], [ 39.210165759551259, -6.800235492704312 ], [ 39.210167949389728, -6.800241176428614 ], [ 39.210166200825114, -6.800244238166616 ], [ 39.210171892543229, -6.800254730480194 ], [ 39.21018151791435, -6.800256912714636 ], [ 39.210183268949237, -6.800259535650544 ], [ 39.210192890139751, -6.800252097667335 ], [ 39.210192001510023, -6.800220613699265 ] ] ] } },
{ "type": "Feature", "properties": { "id": 372, "area_m2": 50.655031239516511, "status": "candidate - needs field verification" }, "geometry": { "type": "Polygon", "coordinates": [ [ [ 39.211034241573572, -6.800206635386244 ], [ 39.211034450429636, -6.800223374686104 ], [ 39.211052960459092, -6.800238320366373 ], [ 39.211043452839057, -6.800249334088804 ], [ 39.211061208821612, -6.800249112740358 ], [ 39.211061538817056, -6.800275560936858 ], [ 39.211086661435942, -6.800280569422744 ], [ 39.211106086100052, -6.80027641538493 ], [ 39.211109837616043, -6.800257820617555 ], [ 39.21110982578886, -6.800214241694222 ], [ 39.211089238278028, -6.80021449834285 ], [ 39.211089131633436, -6.800205951118482 ], [ 39.211034241573572, -6.800206635386244 ] ] ] } },
{ "type": "Feature", "properties": { "id": 373, "area_m2": 19.524464869637946, "status": "candidate - needs field verification" }, "geometry": { "type": "Polygon", "coordinates": [ [ [ 39.210240558582171, -6.800184624823118 ], [ 39.210232446477228, -6.800203695585425 ], [ 39.210260682972105, -6.800216211046238 ], [ 39.210272696576745, -6.800224836384126 ], [ 39.210268231034263, -6.800235334437392 ], [ 39.210284630653781, -6.800242304229084 ], [ 39.21029429819729, -6.800239698061132 ], [ 39.210299897554535, -6.800226534518406 ], [ 39.21029677955179, -6.800215126368227 ], [ 39.210277303548629, -6.800208332738563 ], [ 39.210258922052162, -6.800190849414942 ], [ 39.210240558582171, -6.800184624823118 ] ] ] } },
{ "type": "Feature", "properties": { "id": 374, "area_m2": 139.20520459625931, "status": "candidate - needs field verification" }, "geometry": { "type": "Polygon", "coordinates": [ [ [ 39.209297352919393, -6.800186455990954 ], [ 39.209297379221454, -6.800247238277377 ], [ 39.209320132774224, -6.800258597789981 ], [ 39.209297385465874, -6.800261668604346 ], [ 39.209297437503153, -6.800381921328781 ], [ 39.209338561935006, -6.800386276373678 ], [ 39.209357766112866, -6.800283069348017 ], [ 39.209323633699384, -6.80026121997247 ], [ 39.209381824139207, -6.800276062419433 ], [ 39.209400618470703, -6.800236698845739 ], [ 39.209297352919393, -6.800186455990954 ] ] ] } },
{ "type": "Feature", "properties": { "id": 375, "area_m2": 111.87217435349153, "status": "candidate - needs field verification" }, "geometry": { "type": "Polygon", "coordinates": [ [ [ 39.212443235372987, -6.800207387073591 ], [ 39.212423111396468, -6.800206958621862 ], [ 39.21241743307403, -6.800227076114588 ], [ 39.212392499767489, -6.800233209011379 ], [ 39.212388557704628, -6.800222278675096 ], [ 39.212413926563841, -6.800211772761082 ], [ 39.212400351248853, -6.800180731650594 ], [ 39.212334297349578, -6.800191255410846 ], [ 39.212344381702991, -6.800242413055759 ], [ 39.212273954209152, -6.800255562422288 ], [ 39.212246406035668, -6.800284435155343 ], [ 39.212346141004488, -6.800263839133085 ], [ 39.21235708514088, -6.800280451072386 ], [ 39.212418764123314, -6.800269491945802 ], [ 39.212435380822967, -6.800252867914138 ], [ 39.212443235372987, -6.800207387073591 ] ] ] } },
{ "type": "Feature", "properties": { "id": 376, "area_m2": 43.793753206307848, "status": "candidate - needs field verification" }, "geometry": { "type": "Polygon", "coordinates": [ [ [ 39.211412099226905, -6.800182913373675 ], [ 39.211386337533433, -6.800186768255831 ], [ 39.211386299370005, -6.800208287034493 ], [ 39.211391940429756, -6.800259975340498 ], [ 39.211427532350612, -6.800259498106644 ], [ 39.211427434695906, -6.800237567008664 ], [ 39.211442735185528, -6.800212197931725 ], [ 39.211441669495983, -6.800189549840835 ], [ 39.211434756584076, -6.800181659779047 ], [ 39.211412099226905, -6.800182913373675 ] ] ] } },
{ "type": "Feature", "properties": { "id": 377, "area_m2": 98.686550725531561, "status": "candidate - needs field verification" }, "geometry": { "type": "Polygon", "coordinates": [ [ [ 39.210858774090887, -6.800174837615839 ], [ 39.210846022125878, -6.800214644609342 ], [ 39.210843258847149, -6.80024356690266 ], [ 39.210909908720502, -6.800250036676076 ], [ 39.210936767111733, -6.800247658424199 ], [ 39.210955838138503, -6.80022999233667 ], [ 39.210958879640593, -6.800190107611776 ], [ 39.210954266749603, -6.800171532706836 ], [ 39.210915560029022, -6.800167825071187 ], [ 39.210858774090887, -6.800174837615839 ] ] ] } },
{ "type": "Feature", "properties": { "id": 378, "area_m2": 6.90394441917271, "status": "candidate - needs field verification" }, "geometry": { "type": "Polygon", "coordinates": [ [ [ 39.210191978326158, -6.800167265220672 ], [ 39.210184542795112, -6.800170766710625 ], [ 39.210174491733056, -6.800195696188053 ], [ 39.210174497623555, -6.800209251949027 ], [ 39.210178435646405, -6.800210999370048 ], [ 39.210182371388996, -6.80020749939971 ], [ 39.210192870756337, -6.800207494841027 ], [ 39.210191978326158, -6.800167265220672 ] ] ] } },
{ "type": "Feature", "properties": { "id": 379, "area_m2": 90.298672080372143, "status": "candidate - needs field verification" }, "geometry": { "type": "Polygon", "coordinates": [ [ [ 39.211466189785554, -6.800179820354126 ], [ 39.211474425854753, -6.800225687476034 ], [ 39.21149986727535, -6.800245746000543 ], [ 39.211585533193414, -6.800230376931399 ], [ 39.211580970149896, -6.80019683264085 ], [ 39.211568442890211, -6.800161475430245 ], [ 39.211466189785554, -6.800179820354126 ] ] ] } },
{ "type": "Feature", "properties": { "id": 380, "area_m2": 83.34223459663869, "status": "candidate - needs field verification" }, "geometry": { "type": "Polygon", "coordinates": [ [ [ 39.212511942716375, -6.800182368146589 ], [ 39.212534009109163, -6.800250488660126 ], [ 39.212622922842037, -6.800221711823556 ], [ 39.212619535492657, -6.800203374129258 ], [ 39.212602434558114, -6.800153080557336 ], [ 39.212511942716375, -6.800182368146589 ] ] ] } },
{ "type": "Feature", "properties": { "id": 381, "area_m2": 133.17014287790252, "status": "candidate - needs field verification" }, "geometry": { "type": "Polygon", "coordinates": [ [ [ 39.209526535912154, -6.800150239936148 ], [ 39.209516200466801, -6.800172752112889 ], [ 39.209504231253973, -6.800178010774736 ], [ 39.209483937822696, -6.800222212954082 ], [ 39.209518220068752, -6.800237938353154 ], [ 39.209521640556865, -6.80023048800933 ], [ 39.209527187073185, -6.800244330858614 ], [ 39.20960348045071, -6.800279326911671 ], [ 39.209639050155154, -6.800201850638675 ], [ 39.209526535912154, -6.800150239936148 ] ] ] } },
{ "type": "Feature", "properties": { "id": 382, "area_m2": 191.17698590269808, "status": "candidate - needs field verification" }, "geometry": { "type": "Polygon", "coordinates": [ [ [ 39.212767406751098, -6.800215115790974 ], [ 39.212727144758063, -6.8001823372883 ], [ 39.212696089328368, -6.800194157564878 ], [ 39.212660196309187, -6.800148258658004 ], [ 39.212628723783197, -6.800206431071965 ], [ 39.212647111515224, -6.80023790734425 ], [ 39.212672482099691, -6.800231336959706 ], [ 39.212679490522099, -6.800251448881441 ], [ 39.212647556678952, -6.80025539845371 ], [ 39.212618234028824, -6.800228299810601 ], [ 39.212547382139199, -6.80027118462172 ], [ 39.212583717243831, -6.800327578125667 ], [ 39.212679067277378, -6.800283807981559 ], [ 39.212682555529341, -6.800257569491593 ], [ 39.212726303659942, -6.800259299399643 ], [ 39.212759980664558, -6.800240044164279 ], [ 39.212767406751098, -6.800215115790974 ] ] ] } },
{ "type": "Feature", "properties": { "id": 383, "area_m2": 168.67245298679811, "status": "candidate - needs field verification" }, "geometry": { "type": "Polygon", "coordinates": [ [ [ 39.210001304240571, -6.800145927427667 ], [ 39.209952861564396, -6.800283997469068 ], [ 39.210041918738341, -6.800315216402592 ], [ 39.210090361391671, -6.80017714635314 ], [ 39.210001304240571, -6.800145927427667 ] ] ] } },
{ "type": "Feature", "properties": { "id": 384, "area_m2": 80.947694272150699, "status": "candidate - needs field verification" }, "geometry": { "type": "Polygon", "coordinates": [ [ [ 39.210346809261893, -6.800177267090157 ], [ 39.210356554193403, -6.80020158811564 ], [ 39.210373112176853, -6.800212663939408 ], [ 39.21043174505926, -6.800238875416976 ], [ 39.210454195155712, -6.800245412504686 ], [ 39.210468861456725, -6.800219750263749 ], [ 39.210459882242702, -6.800196220887447 ], [ 39.210417205637512, -6.800171851951355 ], [ 39.210416736184783, -6.800169199620419 ], [ 39.210367490773436, -6.800141079796407 ], [ 39.210346809261893, -6.800177267090157 ] ] ] } },
{ "type": "Feature", "properties": { "id": 385, "area_m2": 54.415817870593088, "status": "candidate - needs field verification" }, "geometry": { "type": "Polygon", "coordinates": [ [ [ 39.212797779775862, -6.800151812344722 ], [ 39.21278846821415, -6.800173778306201 ], [ 39.212794085328397, -6.800198487324935 ], [ 39.212808985212916, -6.800222956887004 ], [ 39.212801903988442, -6.800226322928062 ], [ 39.212810058785131, -6.800243463396506 ], [ 39.212826733693056, -6.800235537023461 ], [ 39.212818395245009, -6.800218010541674 ], [ 39.212864542593088, -6.800196074518645 ], [ 39.212835054516837, -6.800134093892789 ], [ 39.212797779775862, -6.800151812344722 ] ] ] } },
{ "type": "Feature", "properties": { "id": 386, "area_m2": 29.386690214067432, "status": "candidate - needs field verification" }, "geometry": { "type": "Polygon", "coordinates": [ [ [ 39.210470199698761, -6.800124794920106 ], [ 39.2104522665555, -6.800147474414453 ], [ 39.210445917436147, -6.800159368946142 ], [ 39.210473280510001, -6.800182447893556 ], [ 39.210475470732362, -6.800189006181587 ], [ 39.210486693527201, -6.800193753736157 ], [ 39.210513906685414, -6.800159954515988 ], [ 39.210470199698761, -6.800124794920106 ] ] ] } },
{ "type": "Feature", "properties": { "id": 387, "area_m2": 60.267993414745156, "status": "candidate - needs field verification" }, "geometry": { "type": "Polygon", "coordinates": [ [ [ 39.211716927253121, -6.800151035478621 ], [ 39.211725601923355, -6.800184233124485 ], [ 39.211730780976509, -6.800187499509439 ], [ 39.21180220052625, -6.800168853596013 ], [ 39.211807410261251, -6.800188791046751 ], [ 39.211835335221359, -6.800181500513216 ], [ 39.211832059304989, -6.800149496307572 ], [ 39.211824404215449, -6.800122975845587 ], [ 39.211716927253121, -6.800151035478621 ] ] ] } },
{ "type": "Feature", "properties": { "id": 388, "area_m2": 203.27844797217256, "status": "candidate - needs field verification" }, "geometry": { "type": "Polygon", "coordinates": [ [ [ 39.212078769262241, -6.800092104263151 ], [ 39.212015244499277, -6.800120643296413 ], [ 39.212070806262673, -6.800257929918025 ], [ 39.212109358948027, -6.800242340741365 ], [ 39.2121191996481, -6.800223040498113 ], [ 39.21217870673744, -6.800198978181456 ], [ 39.212154906718311, -6.800130989057518 ], [ 39.212135861247624, -6.800099177944738 ], [ 39.212118747387315, -6.800106098114473 ], [ 39.2121133498243, -6.800092761370338 ], [ 39.212078769262241, -6.800092104263151 ] ] ] } },
{ "type": "Feature", "properties": { "id": 389, "area_m2": 210.07666520354999, "status": "candidate - needs field verification" }, "geometry": { "type": "Polygon", "coordinates": [ [ [ 39.211850852280357, -6.800107508949431 ], [ 39.211865766220498, -6.800198457213536 ], [ 39.211963757811631, -6.80019272964298 ], [ 39.211985202066231, -6.800211086124104 ], [ 39.211984771108852, -6.80022595392272 ], [ 39.211943219739062, -6.80024564983531 ], [ 39.211954169227013, -6.800274505695864 ], [ 39.212029844883794, -6.800257855815723 ], [ 39.21198473354503, -6.800140246540797 ], [ 39.211983840582917, -6.800099142363086 ], [ 39.211966334552883, -6.800082970570545 ], [ 39.211850852280357, -6.800107508949431 ] ] ] } },
{ "type": "Feature", "properties": { "id": 390, "area_m2": 29.923185739858646, "status": "candidate - needs field verification" }, "geometry": { "type": "Polygon", "coordinates": [ [ [ 39.210400793163771, -6.800074106740832 ], [ 39.210390558814623, -6.800092403617761 ], [ 39.210381824940512, -6.800128264594016 ], [ 39.210379676776157, -6.800137798876962 ], [ 39.210415876481761, -6.800146536889477 ], [ 39.210416826059394, -6.800135683187582 ], [ 39.210430380891147, -6.800119935118919 ], [ 39.210430749802768, -6.800105308374617 ], [ 39.210424418769136, -6.800103780167686 ], [ 39.210427896958407, -6.800089383350391 ], [ 39.21041773224578, -6.800086929756477 ], [ 39.210419726103424, -6.800078676840731 ], [ 39.210400793163771, -6.800074106740832 ] ] ] } },
{ "type": "Feature", "properties": { "id": 391, "area_m2": 43.036027882483708, "status": "candidate - needs field verification" }, "geometry": { "type": "Polygon", "coordinates": [ [ [ 39.209794711131408, -6.800072547201024 ], [ 39.209781595080834, -6.800091356041326 ], [ 39.209799977315413, -6.80011058851429 ], [ 39.209780287591272, -6.800102725958292 ], [ 39.209769361182978, -6.800126781241871 ], [ 39.209796481130681, -6.800118898400856 ], [ 39.209796051243984, -6.800136389895407 ], [ 39.209806548144179, -6.800130700671038 ], [ 39.209833676628207, -6.800142495545974 ], [ 39.209826678378661, -6.800145559558254 ], [ 39.209835433352055, -6.800158236961881 ], [ 39.209843301806046, -6.800144240504657 ], [ 39.209816610226213, -6.800131133592791 ], [ 39.209845924370988, -6.800138991975386 ], [ 39.209860343923665, -6.800099630281241 ], [ 39.209835398445939, -6.800077776959277 ], [ 39.209813543358649, -6.800120640137079 ], [ 39.209814401044213, -6.800080847039101 ], [ 39.209794711131408, -6.800072547201024 ] ] ] } },
{ "type": "Feature", "properties": { "id": 392, "area_m2": 72.953792835932148, "status": "candidate - needs field verification" }, "geometry": { "type": "Polygon", "coordinates": [ [ [ 39.211446618922608, -6.80003336915389 ], [ 39.211425882475794, -6.800061607297874 ], [ 39.211430122537919, -6.800087691896393 ], [ 39.211454055206623, -6.80008800471178 ], [ 39.211413339616414, -6.800094724764309 ], [ 39.211421618140562, -6.800145653731236 ], [ 39.211490790365474, -6.800134419566175 ], [ 39.211482848662541, -6.800085562745399 ], [ 39.211457117329921, -6.800087566091586 ], [ 39.211479829875337, -6.800082569015855 ], [ 39.211471183907193, -6.800029379587944 ], [ 39.211446618922608, -6.80003336915389 ] ] ] } },
{ "type": "Feature", "properties": { "id": 393, "area_m2": 5.2719113983429153, "status": "candidate - needs field verification" }, "geometry": { "type": "Polygon", "coordinates": [ [ [ 39.212575667372725, -6.80002069832363 ], [ 39.212577045530011, -6.800034620834703 ], [ 39.212579137915846, -6.800036710470854 ], [ 39.212606291240427, -6.800034024969718 ], [ 39.212606335554021, -6.800031090570875 ], [ 39.212601958705648, -6.800026282384104 ], [ 39.212600152498048, -6.800018276711281 ], [ 39.212575667372725, -6.80002069832363 ] ] ] } },
{ "type": "Feature", "properties": { "id": 394, "area_m2": 86.182128219656946, "status": "candidate - needs field verification" }, "geometry": { "type": "Polygon", "coordinates": [ [ [ 39.212754633461635, -6.800018344223752 ], [ 39.212728508999461, -6.800024252270986 ], [ 39.212747749189589, -6.800119130893754 ], [ 39.212780048277608, -6.800112348818219 ], [ 39.212819922823535, -6.800100152323009 ], [ 39.21280221997921, -6.800012854835904 ], [ 39.212754633461635, -6.800018344223752 ] ] ] } },
{ "type": "Feature", "properties": { "id": 395, "area_m2": 4.7865824692512984, "status": "candidate - needs field verification" }, "geometry": { "type": "Polygon", "coordinates": [ [ [ 39.212568437566304, -6.799994676329318 ], [ 39.212566512597959, -6.800001810122033 ], [ 39.212566803051956, -6.800014749484087 ], [ 39.212571768620457, -6.800016238140991 ], [ 39.212586019109573, -6.80001619456167 ], [ 39.212585657968646, -6.799999647383782 ], [ 39.212580418769008, -6.799994415068835 ], [ 39.212568437566304, -6.799994676329318 ] ] ] } },
{ "type": "Feature", "properties": { "id": 396, "area_m2": 253.30973971079791, "status": "candidate - needs field verification" }, "geometry": { "type": "Polygon", "coordinates": [ [ [ 39.211256711686296, -6.799989702270043 ], [ 39.211234346534965, -6.799993100799609 ], [ 39.211237593879979, -6.8000206136723 ], [ 39.211174862362732, -6.800028011412087 ], [ 39.21118859811984, -6.800144386610618 ], [ 39.211169030208374, -6.80017548157991 ], [ 39.211260328723419, -6.800164715020546 ], [ 39.211246711675798, -6.800131386217985 ], [ 39.211253648692569, -6.800095907963375 ], [ 39.211318274566544, -6.80008828681779 ], [ 39.211312494212663, -6.800039313305239 ], [ 39.211393096047821, -6.800029808147864 ], [ 39.211389891678145, -6.800002659456077 ], [ 39.211370932606627, -6.799987809448479 ], [ 39.211256711686296, -6.799989702270043 ] ] ] } },
{ "type": "Feature", "properties": { "id": 397, "area_m2": 5.4461416491548764, "status": "candidate - needs field verification" }, "geometry": { "type": "Polygon", "coordinates": [ [ [ 39.211861930820916, -6.799969430204879 ], [ 39.211863310398982, -6.799973756767026 ], [ 39.211870111387967, -6.799971590078483 ], [ 39.21187185728045, -6.799977065456832 ], [ 39.211868899315611, -6.799978007818095 ], [ 39.211879669087629, -6.799985177728018 ], [ 39.211894431962094, -6.799980474506912 ], [ 39.211892789968189, -6.799971058408239 ], [ 39.21188689075607, -6.799961478360038 ], [ 39.211861930820916, -6.799969430204879 ] ] ] } },
{ "type": "Feature", "properties": { "id": 398, "area_m2": 12.062681252953011, "status": "candidate - needs field verification" }, "geometry": { "type": "Polygon", "coordinates": [ [ [ 39.212234169792161, -6.799961999346799 ], [ 39.212246660150868, -6.799991442928399 ], [ 39.212275457977412, -6.799979237160975 ], [ 39.212267700233852, -6.799960836666372 ], [ 39.212260889991001, -6.799950674168334 ], [ 39.212234169792161, -6.799961999346799 ] ] ] } },
{ "type": "Feature", "properties": { "id": 399, "area_m2": 228.66899043129189, "status": "candidate - needs field verification" }, "geometry": { "type": "Polygon", "coordinates": [ [ [ 39.212657974141109, -6.799950913733185 ], [ 39.212678403894898, -6.800024439974157 ], [ 39.212575895376126, -6.800052897791295 ], [ 39.212583909501262, -6.800081740468895 ], [ 39.212488443699144, -6.800108243106004 ], [ 39.212501781906646, -6.800156247075868 ], [ 39.212732470365943, -6.800092204706532 ], [ 39.212690688246958, -6.799941831828923 ], [ 39.212657974141109, -6.799950913733185 ] ] ] } },
{ "type": "Feature", "properties": { "id": 400, "area_m2": 67.067076178892179, "status": "candidate - needs field verification" }, "geometry": { "type": "Polygon", "coordinates": [ [ [ 39.211764176881104, -6.799948905450616 ], [ 39.211772047507125, -6.799971548524081 ], [ 39.211773810419643, -6.800001282973382 ], [ 39.211774626111996, -6.800050973758268 ], [ 39.211752629305394, -6.800054927506293 ], [ 39.211757254322052, -6.800080636489461 ], [ 39.211809480324803, -6.800071249286178 ], [ 39.211820641845136, -6.800055513963009 ], [ 39.211800295186769, -6.799942413474745 ], [ 39.211764176881104, -6.799948905450616 ] ] ] } },
{ "type": "Feature", "properties": { "id": 401, "area_m2": 62.472538592290633, "status": "candidate - needs field verification" }, "geometry": { "type": "Polygon", "coordinates": [ [ [ 39.21273380571126, -6.799935196945421 ], [ 39.212736832975203, -6.79995190862609 ], [ 39.212712542805299, -6.799956304869933 ], [ 39.212722905482948, -6.800013510908353 ], [ 39.212734069711821, -6.80001266858647 ], [ 39.212758565528823, -6.800006535864766 ], [ 39.212795323592616, -6.80000041317639 ], [ 39.212781932040855, -6.799926486624663 ], [ 39.21273380571126, -6.799935196945421 ] ] ] } },
{ "type": "Feature", "properties": { "id": 402, "area_m2": 65.432458540241925, "status": "candidate - needs field verification" }, "geometry": { "type": "Polygon", "coordinates": [ [ [ 39.211891741035053, -6.799923377486767 ], [ 39.211891024366679, -6.799935202003597 ], [ 39.211903045053319, -6.799988781835649 ], [ 39.211897250386663, -6.799994802023225 ], [ 39.211900372215872, -6.800031935396118 ], [ 39.211941044643162, -6.800028519017058 ], [ 39.211951088577258, -6.800017084602669 ], [ 39.211943883006498, -6.799931376245108 ], [ 39.211930959649848, -6.799920083224489 ], [ 39.211891741035053, -6.799923377486767 ] ] ] } },
{ "type": "Feature", "properties": { "id": 403, "area_m2": 5.096463965518728, "status": "candidate - needs field verification" }, "geometry": { "type": "Polygon", "coordinates": [ [ [ 39.21270690501732, -6.799918664757621 ], [ 39.212695093622621, -6.79991954451234 ], [ 39.212691594989863, -6.799922169745218 ], [ 39.212691598835534, -6.799930915396132 ], [ 39.212693351036236, -6.799936162017876 ], [ 39.212696852745715, -6.799940533305701 ], [ 39.212705164546612, -6.799940092371185 ], [ 39.212711724915778, -6.799936153945047 ], [ 39.212715660252613, -6.799931779389617 ], [ 39.212716533468495, -6.799927843462271 ], [ 39.212714782229099, -6.799924783253348 ], [ 39.212712594670236, -6.799924346931903 ], [ 39.21270690501732, -6.799918664757621 ] ] ] } },
{ "type": "Feature", "properties": { "id": 404, "area_m2": 140.82718410975022, "status": "candidate - needs field verification" }, "geometry": { "type": "Polygon", "coordinates": [ [ [ 39.211981259570315, -6.799910778957883 ], [ 39.211976822596462, -6.800048306852788 ], [ 39.21206056490692, -6.800051006212979 ], [ 39.212065001856949, -6.79991347831806 ], [ 39.211981259570315, -6.799910778957883 ] ] ] } },
{ "type": "Feature", "properties": { "id": 405, "area_m2": 138.78087562076138, "status": "candidate - needs field verification" }, "geometry": { "type": "Polygon", "coordinates": [ [ [ 39.21088977928995, -6.799887696599184 ], [ 39.210875322831505, -6.799931014872341 ], [ 39.210911809951028, -6.79994318097506 ], [ 39.210900832902581, -6.799976073319855 ], [ 39.210920910235451, -6.800019415240612 ], [ 39.210958372814744, -6.800031906589775 ], [ 39.210999132024988, -6.80000979487348 ], [ 39.211013617617482, -6.799966389270647 ], [ 39.210957898843454, -6.799947416154455 ], [ 39.21098609713875, -6.799947700421638 ], [ 39.210994472169219, -6.799922604917785 ], [ 39.21088977928995, -6.799887696599184 ] ] ] } },
{ "type": "Feature", "properties": { "id": 406, "area_m2": 14.126442524882036, "status": "candidate - needs field verification" }, "geometry": { "type": "Polygon", "coordinates": [ [ [ 39.210815277169871, -6.799863959765489 ], [ 39.210801417322706, -6.799879924090577 ], [ 39.210838889309471, -6.799908987123649 ], [ 39.210843091519337, -6.799911051788089 ], [ 39.210849649012033, -6.799903498605639 ], [ 39.210850134381545, -6.799890739746061 ], [ 39.210838000257837, -6.799876628592393 ], [ 39.210825309910206, -6.799868325748039 ], [ 39.210815277169871, -6.799863959765489 ] ] ] } },
{ "type": "Feature", "properties": { "id": 407, "area_m2": 4.3997133040135097, "status": "candidate - needs field verification" }, "geometry": { "type": "Polygon", "coordinates": [ [ [ 39.211414360386144, -6.799847824997602 ], [ 39.211411226568785, -6.799850568309725 ], [ 39.211410889943089, -6.799874183964876 ], [ 39.211424897801294, -6.799874383463466 ], [ 39.211425230889063, -6.799851015960844 ], [ 39.211421698867483, -6.79984792951157 ], [ 39.211414360386144, -6.799847824997602 ] ] ] } },
{ "type": "Feature", "properties": { "id": 408, "area_m2": 79.773331043695606, "status": "candidate - needs field verification" }, "geometry": { "type": "Polygon", "coordinates": [ [ [ 39.212244469438055, -6.799858959996063 ], [ 39.212238357284058, -6.799887386047483 ], [ 39.212261998112318, -6.799926731120502 ], [ 39.212291310168609, -6.799929779246117 ], [ 39.212306629604477, -6.799947701116345 ], [ 39.212370055175505, -6.799929307426243 ], [ 39.212374422228876, -6.799911814204954 ], [ 39.212360413483779, -6.799889956218209 ], [ 39.212313176157345, -6.799912278351459 ], [ 39.212273774389693, -6.799845828668206 ], [ 39.212262836982688, -6.79984452161592 ], [ 39.212244469438055, -6.799858959996063 ] ] ] } },
{ "type": "Feature", "properties": { "id": 409, "area_m2": 9.5138596865810729, "status": "candidate - needs field verification" }, "geometry": { "type": "Polygon", "coordinates": [ [ [ 39.212464578566696, -6.79985072618332 ], [ 39.21247034445333, -6.799868939296134 ], [ 39.21248030504082, -6.799873082601979 ], [ 39.212501989831757, -6.799866223638321 ], [ 39.212494125032997, -6.799841380548824 ], [ 39.212464578566696, -6.79985072618332 ] ] ] } },
{ "type": "Feature", "properties": { "id": 410, "area_m2": 421.25721513008091, "status": "candidate - needs field verification" }, "geometry": { "type": "Polygon", "coordinates": [ [ [ 39.209518610674436, -6.799839746112507 ], [ 39.209468469142962, -6.800030490802818 ], [ 39.209509187490696, -6.80008628502272 ], [ 39.209681284865809, -6.80013148518254 ], [ 39.209707295006226, -6.800032539197881 ], [ 39.209598133501849, -6.800003868707612 ], [ 39.209578484695712, -6.800078615281578 ], [ 39.20954560011802, -6.800069978376444 ], [ 39.209562746460996, -6.80000475151096 ], [ 39.20958774232966, -6.799991174231184 ], [ 39.209620513074505, -6.79986651007999 ], [ 39.209518610674436, -6.799839746112507 ] ] ] } },
{ "type": "Feature", "properties": { "id": 411, "area_m2": 113.16640257667758, "status": "candidate - needs field verification" }, "geometry": { "type": "Polygon", "coordinates": [ [ [ 39.211336078473451, -6.799834045121367 ], [ 39.211331905337104, -6.799871165848253 ], [ 39.211321848609337, -6.799882976870256 ], [ 39.211316208926448, -6.799951558173474 ], [ 39.211338943504202, -6.799959493874662 ], [ 39.211385416704772, -6.799963451549166 ], [ 39.211397990370443, -6.799931919286289 ], [ 39.211404455657167, -6.799846436160111 ], [ 39.211382199670062, -6.799836598559981 ], [ 39.211336078473451, -6.799834045121367 ] ] ] } },
{ "type": "Feature", "properties": { "id": 412, "area_m2": 10.479804853808485, "status": "candidate - needs field verification" }, "geometry": { "type": "Polygon", "coordinates": [ [ [ 39.212851439727054, -6.799811918394678 ], [ 39.212851480786206, -6.799841452197415 ], [ 39.212880529934488, -6.799841411846335 ], [ 39.212880488873559, -6.799811878043672 ], [ 39.212851439727054, -6.799811918394678 ] ] ] } },
{ "type": "Feature", "properties": { "id": 413, "area_m2": 58.492644346470257, "status": "candidate - needs field verification" }, "geometry": { "type": "Polygon", "coordinates": [ [ [ 39.21263209289166, -6.799818139117404 ], [ 39.212637735805494, -6.799860949925941 ], [ 39.212646448722843, -6.799869255864984 ], [ 39.21269025641962, -6.799862699895563 ], [ 39.212732227591957, -6.799852017064781 ], [ 39.212726129739927, -6.799805754867963 ], [ 39.21263209289166, -6.799818139117404 ] ] ] } },
{ "type": "Feature", "properties": { "id": 414, "area_m2": 84.39906033498329, "status": "candidate - needs field verification" }, "geometry": { "type": "Polygon", "coordinates": [ [ [ 39.212123268823888, -6.799812223873593 ], [ 39.212100993412385, -6.799823155142233 ], [ 39.212111479674071, -6.799863828391398 ], [ 39.212126136181247, -6.799906003285335 ], [ 39.212199169360034, -6.799887166996258 ], [ 39.212177983559997, -6.799805095776196 ], [ 39.212123268823888, -6.799812223873593 ] ] ] } },
{ "type": "Feature", "properties": { "id": 415, "area_m2": 139.42567274652905, "status": "candidate - needs field verification" }, "geometry": { "type": "Polygon", "coordinates": [ [ [ 39.211861584373018, -6.799810440654975 ], [ 39.211860282375433, -6.799839715177201 ], [ 39.211908483836027, -6.799845114135123 ], [ 39.211852765656133, -6.799843400582241 ], [ 39.211850449547008, -6.799895476682326 ], [ 39.211956632338115, -6.799905438063111 ], [ 39.212022132780213, -6.799894294573178 ], [ 39.212023918062016, -6.799854153435274 ], [ 39.211940060766764, -6.799850427116 ], [ 39.211941680878851, -6.799813999871987 ], [ 39.211861584373018, -6.799810440654975 ] ] ] } },
{ "type": "Feature", "properties": { "id": 416, "area_m2": 367.50505833432118, "status": "candidate - needs field verification" }, "geometry": { "type": "Polygon", "coordinates": [ [ [ 39.211800413579127, -6.799812365228187 ], [ 39.211693232635916, -6.799812412107244 ], [ 39.211708561233209, -6.799851323560872 ], [ 39.211551516550884, -6.79987019536644 ], [ 39.211581742568356, -6.79996244879867 ], [ 39.211556802569362, -6.799953276762196 ], [ 39.211523583660075, -6.800019758242168 ], [ 39.211589643104539, -6.800021915787307 ], [ 39.211596217831598, -6.800050773569089 ], [ 39.211535850510437, -6.800059982886912 ], [ 39.211535867531104, -6.800098901036119 ], [ 39.211646542395222, -6.800085296900137 ], [ 39.211630745900372, -6.799976857706967 ], [ 39.211581747924249, -6.799974692710808 ], [ 39.211610180059672, -6.799966371913138 ], [ 39.211603156190442, -6.799910840085492 ], [ 39.211687144562951, -6.799895935757204 ], [ 39.211697194009254, -6.799867507990062 ], [ 39.211693288710229, -6.799940535901635 ], [ 39.211774217451598, -6.799931754853254 ], [ 39.211805265612689, -6.799903317897796 ], [ 39.211778553893573, -6.799844296425112 ], [ 39.211800413579127, -6.799812365228187 ] ] ] } },
{ "type": "Feature", "properties": { "id": 417, "area_m2": 25.373400092574961, "status": "candidate - needs field verification" }, "geometry": { "type": "Polygon", "coordinates": [ [ [ 39.211554435799599, -6.799814631685807 ], [ 39.21155830147066, -6.799857614321157 ], [ 39.211606240643619, -6.799853306635923 ], [ 39.211602374968351, -6.79981032400108 ], [ 39.211554435799599, -6.799814631685807 ] ] ] } },
{ "type": "Feature", "properties": { "id": 418, "area_m2": 104.76048102077198, "status": "candidate - needs field verification" }, "geometry": { "type": "Polygon", "coordinates": [ [ [ 39.211476965327407, -6.799817481312575 ], [ 39.211477472762553, -6.799826345762574 ], [ 39.211486595328296, -6.79983415478616 ], [ 39.211487428507802, -6.799848709700203 ], [ 39.211441949419488, -6.79985131082767 ], [ 39.211444791608528, -6.799912658410125 ], [ 39.211448060904154, -6.799927951932558 ], [ 39.211515230169766, -6.799924871554468 ], [ 39.211537094814013, -6.799920573776986 ], [ 39.211531016428644, -6.799814389913571 ], [ 39.211476965327407, -6.799817481312575 ] ] ] } },
{ "type": "Feature", "properties": { "id": 419, "area_m2": 164.42630062522775, "status": "candidate - needs field verification" }, "geometry": { "type": "Polygon", "coordinates": [ [ [ 39.211174904280185, -6.799811243596791 ], [ 39.211167676952279, -6.799963974507076 ], [ 39.211221855591631, -6.799966536037815 ], [ 39.211223595524977, -6.799929766958849 ], [ 39.211310094280933, -6.799933856551199 ], [ 39.211312869503843, -6.799875209022921 ], [ 39.211227820518715, -6.79987118797438 ], [ 39.211230532662576, -6.799813873670923 ], [ 39.211174904280185, -6.799811243596791 ] ] ] } },
{ "type": "Feature", "properties": { "id": 420, "area_m2": 133.28249024802335, "status": "candidate - needs field verification" }, "geometry": { "type": "Polygon", "coordinates": [ [ [ 39.210983702577501, -6.799807173846697 ], [ 39.210978523551866, -6.799873182395896 ], [ 39.21099120000067, -6.799885842273837 ], [ 39.211118371769579, -6.799895811443411 ], [ 39.211124460502766, -6.799818208056446 ], [ 39.210983702577501, -6.799807173846697 ] ] ] } },
{ "type": "Feature", "properties": { "id": 421, "area_m2": 228.73682703989718, "status": "candidate - needs field verification" }, "geometry": { "type": "Polygon", "coordinates": [ [ [ 39.209868969119562, -6.799813206368989 ], [ 39.209782349407618, -6.799813243911192 ], [ 39.209734697810404, -6.79988935174945 ], [ 39.209697067518029, -6.799871876742077 ], [ 39.209635404812381, -6.799920441828788 ], [ 39.209660346292637, -6.799933112226483 ], [ 39.209695770643087, -6.799907734486275 ], [ 39.209718962799386, -6.799921717486789 ], [ 39.20970631133396, -6.800003057551569 ], [ 39.209762322539873, -6.800036704054004 ], [ 39.209795106119287, -6.799974595703294 ], [ 39.209769288738471, -6.799959739278727 ], [ 39.209745236232948, -6.799979427422207 ], [ 39.209744781504014, -6.79993963489257 ], [ 39.209801226953999, -6.799965847396546 ], [ 39.209811715314849, -6.799940480453961 ], [ 39.209788958731885, -6.799922124442171 ], [ 39.209868969119562, -6.799813206368989 ] ] ] } },
{ "type": "Feature", "properties": { "id": 422, "area_m2": 22.897868125238031, "status": "candidate - needs field verification" }, "geometry": { "type": "Polygon", "coordinates": [ [ [ 39.209743851757707, -6.79981326059164 ], [ 39.209718478685765, -6.799814146149165 ], [ 39.209702743675933, -6.799846511886019 ], [ 39.209700998332501, -6.79985700742717 ], [ 39.209703626205808, -6.799864002812284 ], [ 39.20971325289441, -6.799869246034787 ], [ 39.209728126798581, -6.799868802308703 ], [ 39.209744740167103, -6.799844307279348 ], [ 39.209744733909737, -6.799829876952546 ], [ 39.209749543651071, -6.799824190193439 ], [ 39.209743851757707, -6.79981326059164 ] ] ] } },
{ "type": "Feature", "properties": { "id": 423, "area_m2": 22.045085851046963, "status": "candidate - needs field verification" }, "geometry": { "type": "Polygon", "coordinates": [ [ [ 39.209674345779199, -6.799809637598985 ], [ 39.209667742208389, -6.799838218674507 ], [ 39.209657944997467, -6.799868668098345 ], [ 39.209681854139966, -6.799874550576866 ], [ 39.209686566261986, -6.799867508463467 ], [ 39.209699678139842, -6.799839079407751 ], [ 39.209705177997748, -6.799817223394109 ], [ 39.209674345779199, -6.799809637598985 ] ] ] } },
{ "type": "Feature", "properties": { "id": 424, "area_m2": 27.004716094358823, "status": "candidate - needs field verification" }, "geometry": { "type": "Polygon", "coordinates": [ [ [ 39.209614797135139, -6.799813316486721 ], [ 39.209601243800307, -6.799832562794371 ], [ 39.209600375864689, -6.799848742630659 ], [ 39.209641942464458, -6.799864029527603 ], [ 39.209648938626394, -6.799856155409083 ], [ 39.209655925311253, -6.799826417158823 ], [ 39.209663794144511, -6.799813295269587 ], [ 39.209614797135139, -6.799813316486721 ] ] ] } },
{ "type": "Feature", "properties": { "id": 425, "area_m2": 440.83712258591282, "status": "candidate - needs field verification" }, "geometry": { "type": "Polygon", "coordinates": [ [ [ 39.209507616176595, -6.799813362881909 ], [ 39.209468681052691, -6.799813379729795 ], [ 39.209450776458375, -6.799886850973397 ], [ 39.209297208546147, -6.799852809336833 ], [ 39.209298118876056, -6.79993458081261 ], [ 39.209442924280609, -6.799938453731424 ], [ 39.2094035586776, -6.799954650221256 ], [ 39.209362500529103, -6.800103344103918 ], [ 39.209297305803346, -6.800077572614155 ], [ 39.209297329645104, -6.800132670226573 ], [ 39.209432536062025, -6.800195143180475 ], [ 39.209474071060235, -6.800137403891319 ], [ 39.209429869186359, -6.80009806757135 ], [ 39.209507616176595, -6.799813362881909 ] ] ] } },
{ "type": "Feature", "properties": { "id": 426, "area_m2": 44.432239362457622, "status": "candidate - needs field verification" }, "geometry": { "type": "Polygon", "coordinates": [ [ [ 39.209297196625748, -6.799825260530322 ], [ 39.209325196999714, -6.799830058534271 ], [ 39.20933351523793, -6.799844485267431 ], [ 39.209351450509075, -6.799841853815562 ], [ 39.209414891525526, -6.79985888040333 ], [ 39.209430184727317, -6.799816457363775 ], [ 39.209298066463631, -6.79981345352069 ], [ 39.209297196625748, -6.799825260530322 ] ] ] } }
]
}
