{
"type": "FeatureCollection",
"name": "parcel_candidates_utm",
"crs": { "type": "name", "properties": { "name": "urn:ogc:def:crs:EPSG::32737" } },
"features": [
{ "type": "Feature", "properties": { "id": 0, "area_m2": 7.318718538316582, "status": "candidate - needs field verification" }, "geometry": { "type": "Polygon", "coordinates": [ [ [ 523301.89084, 9247980.498860001564026 ], [ 523301.939179999986663, 9247980.015460001304746 ], [ 523309.770259999961127, 9247980.112140001729131 ], [ 523303.872779999976046, 9247981.659020001068711 ], [ 523302.5676, 9247981.368980001658201 ], [ 523301.89084, 9247980.498860001564026 ] ] ] } },
{ "type": "Feature", "properties": { "id": 1, "area_m2": 7.6669661801977416, "status": "candidate - needs field verification" }, "geometry": { "type": "Polygon", "coordinates": [ [ [ 523243.641139999963343, 9247982.045740000903606 ], [ 523242.674339999968652, 9247981.465660002082586 ], [ 523242.07980877434602, 9247981.456347439438105 ], [ 523240.798341167392209, 9247980.407873943448067 ], [ 523240.787419433239847, 9247980.120448546484113 ], [ 523246.311215294816066, 9247979.910552585497499 ], [ 523246.32833962404402, 9247980.36121060885489 ], [ 523245.122420486004557, 9247981.62455446831882 ], [ 523244.51126, 9247981.900720002129674 ], [ 523243.641139999963343, 9247982.045740000903606 ] ] ] } },
{ "type": "Feature", "properties": { "id": 2, "area_m2": 11.02481292134973, "status": "candidate - needs field verification" }, "geometry": { "type": "Polygon", "coordinates": [ [ [ 523491.867039999982808, 9247980.015460001304746 ], [ 523496.94273999996949, 9247980.015460001304746 ], [ 523497.232779999962077, 9247980.353840000927448 ], [ 523497.232779999962077, 9247981.272300001233816 ], [ 523495.1541599999764, 9247982.722500002011657 ], [ 523494.042339999985415, 9247983.012540001422167 ], [ 523492.640479999943636, 9247981.562340000644326 ], [ 523491.867039999982808, 9247980.015460001304746 ] ] ] } },
{ "type": "Feature", "properties": { "id": 3, "area_m2": 6.9343222450193958, "status": "candidate - needs field verification" }, "geometry": { "type": "Polygon", "coordinates": [ [ [ 523228.075659999973141, 9247983.302580000832677 ], [ 523227.640599999984261, 9247983.109220001846552 ], [ 523227.59226, 9247981.949060002341866 ], [ 523227.012179999961518, 9247981.659020001068711 ], [ 523226.867159999965224, 9247980.982260001823306 ], [ 523226.335420000017621, 9247980.933920001611114 ], [ 523225.9487, 9247981.804040001705289 ], [ 523225.465299999981653, 9247981.852380001917481 ], [ 523223.725059999967925, 9247980.402180001139641 ], [ 523223.725059999967925, 9247980.015460001304746 ], [ 523228.94578, 9247980.015460001304746 ], [ 523228.607399999978952, 9247980.160480001941323 ], [ 523228.752419999975245, 9247980.595540001988411 ], [ 523227.8823, 9247980.692220002412796 ], [ 523227.8823, 9247981.562340000644326 ], [ 523227.59226, 9247981.659020001068711 ], [ 523228.55906, 9247982.577480001375079 ], [ 523228.075659999973141, 9247983.302580000832677 ] ] ] } },
{ "type": "Feature", "properties": { "id": 4, "area_m2": 28.239691422387939, "status": "candidate - needs field verification" }, "geometry": { "type": "Polygon", "coordinates": [ [ [ 523319.679959999979474, 9247982.867520000785589 ], [ 523319.63162, 9247980.015460001304746 ], [ 523333.456859999976587, 9247980.112140001729131 ], [ 523333.360179999959655, 9247980.740560000762343 ], [ 523331.426579999970272, 9247981.514000002294779 ], [ 523328.9129, 9247981.272300001233816 ], [ 523325.7708, 9247982.867520000785589 ], [ 523324.030559999984689, 9247982.190760001540184 ], [ 523321.081819999963045, 9247983.302580000832677 ], [ 523319.679959999979474, 9247982.867520000785589 ] ] ] } },
{ "type": "Feature", "properties": { "id": 5, "area_m2": 15.331453493295186, "status": "candidate - needs field verification" }, "geometry": { "type": "Polygon", "coordinates": [ [ [ 523219.519480000017211, 9247980.498860001564026 ], [ 523218.117619999975432, 9247982.915860000997782 ], [ 523216.522400000016205, 9247983.592620002105832 ], [ 523215.023860000015702, 9247982.625820001587272 ], [ 523212.945239999971818, 9247980.498860001564026 ], [ 523212.848560000013094, 9247980.015460001304746 ], [ 523219.181099999987055, 9247980.015460001304746 ], [ 523219.519480000017211, 9247980.498860001564026 ] ] ] } },
{ "type": "Feature", "properties": { "id": 6, "area_m2": 5.5614759867997705, "status": "candidate - needs field verification" }, "geometry": { "type": "Polygon", "coordinates": [ [ [ 523398.737101725302637, 9247984.822361726313829 ], [ 523398.353955636208411, 9247984.439215637743473 ], [ 523398.598407183366362, 9247982.014406127855182 ], [ 523399.081415374530479, 9247982.063099479302764 ], [ 523399.102547938469797, 9247981.853477397933602 ], [ 523400.579906950646546, 9247982.002413921058178 ], [ 523400.306530532543547, 9247984.714140420779586 ], [ 523399.2476, 9247984.849460002034903 ], [ 523398.737101725302637, 9247984.822361726313829 ] ] ] } },
{ "type": "Feature", "properties": { "id": 7, "area_m2": 29.303828383698516, "status": "candidate - needs field verification" }, "geometry": { "type": "Polygon", "coordinates": [ [ [ 523404.763209382479545, 9247984.906054671853781 ], [ 523404.698871345259249, 9247980.056330090388656 ], [ 523410.740177704778034, 9247979.976184139028192 ], [ 523410.804515742056537, 9247984.825908718630672 ], [ 523404.763209382479545, 9247984.906054671853781 ] ] ] } },
{ "type": "Feature", "properties": { "id": 8, "area_m2": 19.760516474458743, "status": "candidate - needs field verification" }, "geometry": { "type": "Polygon", "coordinates": [ [ [ 523235.858399999968242, 9247983.205900002270937 ], [ 523234.897168806754053, 9247982.271325170993805 ], [ 523236.472308991593309, 9247979.863654710352421 ], [ 523237.646979999961331, 9247980.015460001304746 ], [ 523241.324892540113069, 9247982.763745607808232 ], [ 523239.421123908949085, 9247985.673738978803158 ], [ 523235.858399999968242, 9247983.205900002270937 ] ] ] } },
{ "type": "Feature", "properties": { "id": 9, "area_m2": 6.3209238985453915, "status": "candidate - needs field verification" }, "geometry": { "type": "Polygon", "coordinates": [ [ [ 523230.20262, 9247985.429540000855923 ], [ 523229.960919999983162, 9247985.139500001445413 ], [ 523229.86423999996623, 9247984.221040001139045 ], [ 523230.44432, 9247983.25424000248313 ], [ 523231.604479999979958, 9247982.480800000950694 ], [ 523232.039539999968838, 9247982.867520000785589 ], [ 523232.426259999978356, 9247982.432460000738502 ], [ 523233.15136000001803, 9247982.239100001752377 ], [ 523233.393059999973048, 9247983.205900002270937 ], [ 523232.52294, 9247984.366060001775622 ], [ 523231.21775999997044, 9247984.752780001610518 ], [ 523230.686019999964628, 9247985.526220001280308 ], [ 523230.20262, 9247985.429540000855923 ] ] ] } },
{ "type": "Feature", "properties": { "id": 10, "area_m2": 32.576709821056568, "status": "candidate - needs field verification" }, "geometry": { "type": "Polygon", "coordinates": [ [ [ 523439.07976, 9247980.015460001304746 ], [ 523448.21602, 9247980.015460001304746 ], [ 523448.554399999964517, 9247982.432460000738502 ], [ 523443.43036, 9247985.671240001916885 ], [ 523439.07976, 9247980.015460001304746 ] ] ] } },
{ "type": "Feature", "properties": { "id": 11, "area_m2": 25.198404013613526, "status": "candidate - needs field verification" }, "geometry": { "type": "Polygon", "coordinates": [ [ [ 523485.921219999960158, 9247986.106300001963973 ], [ 523484.519359999976587, 9247986.831400001421571 ], [ 523482.682439999945927, 9247986.202980002388358 ], [ 523481.908999999985099, 9247985.332860002294183 ], [ 523482.199039999977686, 9247984.221040001139045 ], [ 523478.428519999957643, 9247980.015460001304746 ], [ 523485.727859999984503, 9247980.015460001304746 ], [ 523483.504219999944326, 9247983.495940001681447 ], [ 523485.051099999982398, 9247984.414400001987815 ], [ 523485.921219999960158, 9247986.106300001963973 ] ] ] } },
{ "type": "Feature", "properties": { "id": 12, "area_m2": 5.8122064036785659, "status": "candidate - needs field verification" }, "geometry": { "type": "Polygon", "coordinates": [ [ [ 523276.306392951402813, 9247987.205206790938973 ], [ 523275.831324940780178, 9247985.248888835310936 ], [ 523278.16366076504346, 9247984.682509461417794 ], [ 523278.88693765870994, 9247985.116475597023964 ], [ 523279.14799656154355, 9247986.191509503871202 ], [ 523278.909522165369708, 9247986.573068536818027 ], [ 523276.306392951402813, 9247987.205206790938973 ] ] ] } },
{ "type": "Feature", "properties": { "id": 13, "area_m2": 5.138492090929212, "status": "candidate - needs field verification" }, "geometry": { "type": "Polygon", "coordinates": [ [ [ 523411.820605221611913, 9247988.236012030392885 ], [ 523411.719319999974687, 9247987.459820002317429 ], [ 523411.968923749402165, 9247986.008037976920605 ], [ 523414.302063465933315, 9247986.393999487161636 ], [ 523413.970571443147492, 9247988.397870814427733 ], [ 523413.0245, 9247988.474960001185536 ], [ 523411.820605221611913, 9247988.236012030392885 ] ] ] } },
{ "type": "Feature", "properties": { "id": 14, "area_m2": 174.80100267482425, "status": "candidate - needs field verification" }, "geometry": { "type": "Polygon", "coordinates": [ [ [ 523255.242740000016056, 9247982.867520000785589 ], [ 523255.871159999980591, 9247980.015460001304746 ], [ 523293.624699999985751, 9247980.595540001988411 ], [ 523282.313139999983832, 9247984.5110800024122 ], [ 523275.352179999987129, 9247983.592620002105832 ], [ 523260.415119999961462, 9247989.538440002128482 ], [ 523255.242740000016056, 9247982.867520000785589 ] ] ] } },
{ "type": "Feature", "properties": { "id": 15, "area_m2": 106.80491982461915, "status": "candidate - needs field verification" }, "geometry": { "type": "Polygon", "coordinates": [ [ [ 523478.815239999967162, 9247985.38120000064373 ], [ 523475.47978, 9247988.136580001562834 ], [ 523473.497839999967255, 9247988.039900001138449 ], [ 523470.887479999975767, 9247989.731800001114607 ], [ 523465.13501999998698, 9247982.432460000738502 ], [ 523461.509519999963231, 9247984.221040001139045 ], [ 523457.884019999939483, 9247980.112140001729131 ], [ 523475.576459999952931, 9247980.015460001304746 ], [ 523478.815239999967162, 9247985.38120000064373 ] ] ] } },
{ "type": "Feature", "properties": { "id": 16, "area_m2": 45.757179783673138, "status": "candidate - needs field verification" }, "geometry": { "type": "Polygon", "coordinates": [ [ [ 523442.80193999997573, 9247988.378280000761151 ], [ 523439.273119999968912, 9247989.97350000217557 ], [ 523432.988919999974314, 9247980.015460001304746 ], [ 523438.64469999994617, 9247980.112140001729131 ], [ 523442.80193999997573, 9247988.378280000761151 ] ] ] } },
{ "type": "Feature", "properties": { "id": 17, "area_m2": 20.289775464423816, "status": "candidate - needs field verification" }, "geometry": { "type": "Polygon", "coordinates": [ [ [ 523393.016974387108348, 9247991.001746626570821 ], [ 523392.443728070356883, 9247990.476270837709308 ], [ 523392.566427787416615, 9247985.379431566223502 ], [ 523393.446799999976065, 9247985.187840001657605 ], [ 523395.854012760974001, 9247985.253953721374273 ], [ 523396.105499999946915, 9247986.202980002388358 ], [ 523396.010505143145565, 9247990.919983867555857 ], [ 523395.187039999989793, 9247991.03698000125587 ], [ 523393.016974387108348, 9247991.001746626570821 ] ] ] } },
{ "type": "Feature", "properties": { "id": 18, "area_m2": 58.680747368460061, "status": "candidate - needs field verification" }, "geometry": { "type": "Polygon", "coordinates": [ [ [ 523457.624287838931195, 9247991.642391560599208 ], [ 523455.611525290179998, 9247988.523657308891416 ], [ 523453.460569531132933, 9247989.911836884915829 ], [ 523449.521446594037116, 9247983.808246754109859 ], [ 523454.46027081774082, 9247980.620838135480881 ], [ 523457.835679999960121, 9247985.76792000234127 ], [ 523459.334219999960624, 9247986.541360002011061 ], [ 523461.092751337739173, 9247989.403921443969011 ], [ 523457.624287838931195, 9247991.642391560599208 ] ] ] } },
{ "type": "Feature", "properties": { "id": 19, "area_m2": 247.86083485588534, "status": "candidate - needs field verification" }, "geometry": { "type": "Polygon", "coordinates": [ [ [ 523351.922739999950863, 9247989.635120000690222 ], [ 523353.082899999979418, 9247981.610680000856519 ], [ 523355.548239999974612, 9247985.719580002129078 ], [ 523361.107339999987744, 9247985.76792000234127 ], [ 523357.868559999973513, 9247984.60776000097394 ], [ 523357.53018, 9247980.015460001304746 ], [ 523372.612259999965318, 9247980.015460001304746 ], [ 523377.15622, 9247983.060880001634359 ], [ 523374.255819999962114, 9247985.5745600014925 ], [ 523385.470699999947101, 9247986.154640002176166 ], [ 523385.61572, 9247980.112140001729131 ], [ 523388.854499999957625, 9247980.160480001941323 ], [ 523388.806159999978263, 9247987.653180001303554 ], [ 523385.470699999947101, 9247986.251320000737906 ], [ 523375.41598, 9247990.360220002010465 ], [ 523363.28264, 9247988.039900001138449 ], [ 523361.784099999989849, 9247991.81042000092566 ], [ 523351.922739999950863, 9247989.635120000690222 ] ] ] } },
{ "type": "Feature", "properties": { "id": 20, "area_m2": 55.898860951404636, "status": "candidate - needs field verification" }, "geometry": { "type": "Polygon", "coordinates": [ [ [ 523225.814102735777851, 9247992.195624392479658 ], [ 523224.06344, 9247991.03698000125587 ], [ 523218.688513687287923, 9247985.021473605185747 ], [ 523220.196240000019316, 9247983.785980001091957 ], [ 523223.367455655243248, 9247981.881197972223163 ], [ 523225.803680000011809, 9247984.172700000926852 ], [ 523229.549270068120677, 9247988.506458476185799 ], [ 523227.398899999971036, 9247990.891960002481937 ], [ 523225.814102735777851, 9247992.195624392479658 ] ] ] } },
{ "type": "Feature", "properties": { "id": 21, "area_m2": 5.2027184032105076, "status": "candidate - needs field verification" }, "geometry": { "type": "Polygon", "coordinates": [ [ [ 523260.346342961071059, 9247992.780235907062888 ], [ 523259.74846901599085, 9247992.361724145710468 ], [ 523259.338552687433548, 9247990.979835089296103 ], [ 523260.221759999985807, 9247990.45690000243485 ], [ 523260.9952, 9247990.360220002010465 ], [ 523261.797324147541076, 9247990.404297765344381 ], [ 523262.327760718297213, 9247992.192478526383638 ], [ 523260.346342961071059, 9247992.780235907062888 ] ] ] } },
{ "type": "Feature", "properties": { "id": 22, "area_m2": 120.88947857355704, "status": "candidate - needs field verification" }, "geometry": { "type": "Polygon", "coordinates": [ [ [ 523401.56792, 9247996.016000000759959 ], [ 523397.95645450433949, 9247995.417573479935527 ], [ 523397.939863742154557, 9247992.24632415920496 ], [ 523397.06577766709961, 9247991.464247144758701 ], [ 523397.038652617717162, 9247986.279416372999549 ], [ 523410.622017358895391, 9247986.208353409543633 ], [ 523410.660070264595561, 9247993.481994606554508 ], [ 523408.013548966031522, 9247993.495840193703771 ], [ 523408.025980606558733, 9247995.872092178091407 ], [ 523401.56792, 9247996.016000000759959 ] ] ] } },
{ "type": "Feature", "properties": { "id": 23, "area_m2": 137.2294777457013, "status": "candidate - needs field verification" }, "geometry": { "type": "Polygon", "coordinates": [ [ [ 523260.80183999997098, 9247999.689840001985431 ], [ 523257.32136, 9248000.269920000806451 ], [ 523254.03424, 9247992.438840001821518 ], [ 523249.4419399999897, 9247987.653180001303554 ], [ 523244.51126, 9247991.71374000236392 ], [ 523242.819359999964945, 9247991.32702000066638 ], [ 523242.04592, 9247988.233260001987219 ], [ 523246.9766, 9247982.915860000997782 ], [ 523251.375539999979082, 9247981.368980001658201 ], [ 523257.369699999981094, 9247987.991560000926256 ], [ 523261.14022, 9247997.65956000238657 ], [ 523260.80183999997098, 9247999.689840001985431 ] ] ] } },
{ "type": "Feature", "properties": { "id": 24, "area_m2": 113.41008121550877, "status": "candidate - needs field verification" }, "geometry": { "type": "Polygon", "coordinates": [ [ [ 523287.08265506697353, 9248001.491540042683482 ], [ 523285.3585599999642, 9247995.870980001986027 ], [ 523285.357022883894388, 9247997.260850222781301 ], [ 523284.424239694199059, 9247997.505491802468896 ], [ 523282.472889434196986, 9247990.065273700281978 ], [ 523291.83612, 9247987.169780001044273 ], [ 523296.109738171158824, 9247986.338145026937127 ], [ 523298.532799676759169, 9247987.659814938902855 ], [ 523299.355061186244711, 9247990.794979903846979 ], [ 523296.33174, 9247992.245480000972748 ], [ 523288.236397914530244, 9247994.058908199891448 ], [ 523289.986046280304436, 9248000.73006596788764 ], [ 523287.08265506697353, 9248001.491540042683482 ] ] ] } },
{ "type": "Feature", "properties": { "id": 25, "area_m2": 52.635636796483972, "status": "candidate - needs field verification" }, "geometry": { "type": "Polygon", "coordinates": [ [ [ 523444.590298276336398, 9248001.645482372492552 ], [ 523440.555217746295966, 9247996.385951805859804 ], [ 523440.648023574205581, 9247995.133073128759861 ], [ 523444.611195133125875, 9247992.09255151078105 ], [ 523446.466937760589644, 9247994.511421469971538 ], [ 523448.738787349197082, 9247992.768471993505955 ], [ 523450.235908006841782, 9247992.965461554005742 ], [ 523451.742572320858017, 9247994.929324965924025 ], [ 523446.620799999975134, 9247998.481340002268553 ], [ 523445.992379999952391, 9248000.414940001443028 ], [ 523444.590298276336398, 9248001.645482372492552 ] ] ] } },
{ "type": "Feature", "properties": { "id": 26, "area_m2": 183.05129814941532, "status": "candidate - needs field verification" }, "geometry": { "type": "Polygon", "coordinates": [ [ [ 523265.055759999959264, 9247999.883200000971556 ], [ 523262.672417994413991, 9247990.62000847235322 ], [ 523267.037699999986216, 9247989.006700001657009 ], [ 523272.242719166446477, 9247988.371827207505703 ], [ 523273.889825029997155, 9247993.499860202893615 ], [ 523276.27064, 9247991.665400002151728 ], [ 523280.426528457726818, 9247990.275232879444957 ], [ 523282.933444941125344, 9247998.080165596678853 ], [ 523277.933642036630772, 9247999.686084413900971 ], [ 523275.034896618570201, 9247998.486603550612926 ], [ 523275.520256240677554, 9247999.99770263209939 ], [ 523267.001182407198939, 9248002.733998687937856 ], [ 523265.055759999959264, 9247999.883200000971556 ] ] ] } },
{ "type": "Feature", "properties": { "id": 27, "area_m2": 124.6145026363218, "status": "candidate - needs field verification" }, "geometry": { "type": "Polygon", "coordinates": [ [ [ 523309.52856, 9248002.590240001678467 ], [ 523307.78832, 9247999.206440001726151 ], [ 523309.431879999989178, 9247998.336320001631975 ], [ 523310.10864, 9247990.601920001208782 ], [ 523307.885, 9247990.070180000737309 ], [ 523306.048079999978654, 9247984.12436000071466 ], [ 523316.441179999965243, 9247980.595540001988411 ], [ 523317.3113, 9247984.12436000071466 ], [ 523312.042239999980666, 9247986.589700002223253 ], [ 523315.52272, 9247987.943220000714064 ], [ 523313.540779999981169, 9247996.064340000972152 ], [ 523314.120859999966342, 9248002.686920002102852 ], [ 523309.52856, 9248002.590240001678467 ] ] ] } },
{ "type": "Feature", "properties": { "id": 28, "area_m2": 236.45508148171686, "status": "candidate - needs field verification" }, "geometry": { "type": "Polygon", "coordinates": [ [ [ 523413.728563491080422, 9247999.04186269082129 ], [ 523414.232999999949243, 9247995.484260002151132 ], [ 523416.476066226197872, 9247987.973490856587887 ], [ 523436.432069993286859, 9247993.357028987258673 ], [ 523433.462325331580359, 9248004.365446539595723 ], [ 523413.728563491080422, 9247999.04186269082129 ] ] ] } },
{ "type": "Feature", "properties": { "id": 29, "area_m2": 6.4965096628871688, "status": "candidate - needs field verification" }, "geometry": { "type": "Polygon", "coordinates": [ [ [ 523263.427615511871409, 9248004.947845811024308 ], [ 523263.257260522805154, 9248004.29670736938715 ], [ 523263.702240000013262, 9248003.992100002244115 ], [ 523263.2303009130992, 9248003.973234800621867 ], [ 523262.852261479012668, 9248002.528275607153773 ], [ 523264.064627599611413, 9248002.211088655516505 ], [ 523265.14056306052953, 9248003.018040250986814 ], [ 523266.335474925814196, 9248002.705419793725014 ], [ 523266.698281024524476, 9248004.092153452336788 ], [ 523263.427615511871409, 9248004.947845811024308 ] ] ] } },
{ "type": "Feature", "properties": { "id": 30, "area_m2": 106.55390774451151, "status": "candidate - needs field verification" }, "geometry": { "type": "Polygon", "coordinates": [ [ [ 523244.904686193331145, 9248006.993801085278392 ], [ 523243.592799999983981, 9248002.783600000664592 ], [ 523243.45314544136636, 9247997.792930470779538 ], [ 523243.182141120021697, 9247997.857850175350904 ], [ 523242.671760452794842, 9247995.72728955745697 ], [ 523244.343877195846289, 9247995.326730169355869 ], [ 523246.107032667263411, 9247996.301105560734868 ], [ 523252.430686876410618, 9247994.786259736865759 ], [ 523254.85602, 9248001.430080002173781 ], [ 523255.106929850880988, 9248003.764536969363689 ], [ 523250.515437306603417, 9248004.864439506083727 ], [ 523250.693346731946804, 9248005.607114218175411 ], [ 523244.904686193331145, 9248006.993801085278392 ] ] ] } },
{ "type": "Feature", "properties": { "id": 31, "area_m2": 6.5510943245633717, "status": "candidate - needs field verification" }, "geometry": { "type": "Polygon", "coordinates": [ [ [ 523423.80432, 9248007.134200001135468 ], [ 523421.33898, 9248006.119060002267361 ], [ 523420.227159999951255, 9248005.345620000734925 ], [ 523420.033799999975599, 9248004.86222000233829 ], [ 523421.290639999962877, 9248004.717200001701713 ], [ 523421.967399999964982, 9248004.137120001018047 ], [ 523422.837519999942742, 9248004.18546000123024 ], [ 523423.22423999995226, 9248004.765540001913905 ], [ 523423.80432, 9248004.813880002126098 ], [ 523423.80432, 9248007.134200001135468 ] ] ] } },
{ "type": "Feature", "properties": { "id": 32, "area_m2": 11.648839992168199, "status": "candidate - needs field verification" }, "geometry": { "type": "Polygon", "coordinates": [ [ [ 523283.183259999961592, 9248007.472580000758171 ], [ 523282.416386383585632, 9248007.369369490072131 ], [ 523282.179297320719343, 9248005.73173601552844 ], [ 523281.58509513392346, 9248005.22894954867661 ], [ 523281.535817251831759, 9248004.888574888929725 ], [ 523283.24333172099432, 9248004.64136877655983 ], [ 523283.163942732906435, 9248004.093009172007442 ], [ 523284.829697361099534, 9248003.851848859339952 ], [ 523284.975577275152318, 9248004.859477922320366 ], [ 523286.269478262285702, 9248004.672152873128653 ], [ 523286.430289053241722, 9248005.78291323967278 ], [ 523285.40835545520531, 9248007.194154875352979 ], [ 523283.183259999961592, 9248007.472580000758171 ] ] ] } },
{ "type": "Feature", "properties": { "id": 33, "area_m2": 44.238237347053413, "status": "candidate - needs field verification" }, "geometry": { "type": "Polygon", "coordinates": [ [ [ 523387.350251223193482, 9248008.259696392342448 ], [ 523388.66113999998197, 9248004.717200001701713 ], [ 523388.6128, 9248002.638580001890659 ], [ 523389.556910199346021, 9247998.961236085742712 ], [ 523391.89992, 9247998.771380001679063 ], [ 523393.314691141247749, 9247999.003653449937701 ], [ 523393.945933403156232, 9248000.175960507243872 ], [ 523391.673629005730618, 9248009.332584241405129 ], [ 523387.350251223193482, 9248008.259696392342448 ] ] ] } },
{ "type": "Feature", "properties": { "id": 34, "area_m2": 107.17144777766732, "status": "candidate - needs field verification" }, "geometry": { "type": "Polygon", "coordinates": [ [ [ 523228.106676652736496, 9248010.440887361764908 ], [ 523221.844089518417604, 9248005.496809305623174 ], [ 523228.371745276381262, 9247997.228328811004758 ], [ 523233.7570965369232, 9248001.479861989617348 ], [ 523233.413575507758651, 9247999.521792123094201 ], [ 523229.751517748110928, 9247996.630734639242291 ], [ 523231.770687666255981, 9247994.07308336161077 ], [ 523236.126791349786799, 9247997.512064116075635 ], [ 523235.08496, 9248000.704980000853539 ], [ 523233.006339999963529, 9248004.717200001701713 ], [ 523228.106676652736496, 9248010.440887361764908 ] ] ] } },
{ "type": "Feature", "properties": { "id": 35, "area_m2": 114.56501442962397, "status": "candidate - needs field verification" }, "geometry": { "type": "Polygon", "coordinates": [ [ [ 523398.853538754803594, 9248010.506473099812865 ], [ 523398.67332621634705, 9247999.911363445222378 ], [ 523404.03326, 9248000.124900002032518 ], [ 523410.401077792223077, 9247999.16283873282373 ], [ 523410.340521107311361, 9247995.602571934461594 ], [ 523412.106477723747957, 9247995.57253472507 ], [ 523412.251059999980498, 9248001.768460001796484 ], [ 523411.85981014650315, 9248003.003389973193407 ], [ 523407.604159606678877, 9248003.07577446103096 ], [ 523407.711649247969035, 9248009.395337717607617 ], [ 523403.259819999977481, 9248010.469660000875592 ], [ 523398.853538754803594, 9248010.506473099812865 ] ] ] } },
{ "type": "Feature", "properties": { "id": 36, "area_m2": 8.9046509528641575, "status": "candidate - needs field verification" }, "geometry": { "type": "Polygon", "coordinates": [ [ [ 523449.276569253823254, 9248009.880787763744593 ], [ 523449.004205281962641, 9248009.063695847988129 ], [ 523450.252968807180878, 9248006.813064912334085 ], [ 523452.822202184353955, 9248008.238605137914419 ], [ 523451.589099403936416, 9248010.461010906845331 ], [ 523450.766867621568963, 9248010.707680441439152 ], [ 523449.276569253823254, 9248009.880787763744593 ] ] ] } },
{ "type": "Feature", "properties": { "id": 37, "area_m2": 51.879479445745098, "status": "candidate - needs field verification" }, "geometry": { "type": "Polygon", "coordinates": [ [ [ 523232.76464, 9248010.90472000092268 ], [ 523232.281239999982063, 9248009.647880000993609 ], [ 523232.812979999987874, 9248008.149340001866221 ], [ 523233.924799999978859, 9248007.907640000805259 ], [ 523233.973140000016429, 9248006.940840002149343 ], [ 523237.01856, 9248003.170320002362132 ], [ 523239.58058, 9248002.493560001254082 ], [ 523241.320819999964442, 9248004.86222000233829 ], [ 523241.07912, 9248009.647880000993609 ], [ 523237.40528, 9248011.726500000804663 ], [ 523234.84326, 9248008.874440001323819 ], [ 523235.036619999969844, 9248009.889580002054572 ], [ 523234.1665, 9248010.953060001134872 ], [ 523232.76464, 9248010.90472000092268 ] ] ] } },
{ "type": "Feature", "properties": { "id": 38, "area_m2": 143.63778702800568, "status": "candidate - needs field verification" }, "geometry": { "type": "Polygon", "coordinates": [ [ [ 523325.469825008418411, 9248008.631881235167384 ], [ 523328.652922198758461, 9248001.83170229382813 ], [ 523327.958101488824468, 9247999.226124633103609 ], [ 523330.255008873296902, 9247994.319148724898696 ], [ 523335.1971, 9247996.161020001396537 ], [ 523339.446615917026065, 9247998.335496950894594 ], [ 523335.05208, 9248009.116140002384782 ], [ 523333.411065267806407, 9248012.349098058417439 ], [ 523325.469825008418411, 9248008.631881235167384 ] ] ] } },
{ "type": "Feature", "properties": { "id": 39, "area_m2": 33.546632281258063, "status": "candidate - needs field verification" }, "geometry": { "type": "Polygon", "coordinates": [ [ [ 523156.523032314085867, 9248015.877867575734854 ], [ 523153.830489495769143, 9248014.570005046203732 ], [ 523153.315542079217266, 9248013.437120730057359 ], [ 523156.396440703247208, 9248007.094365833327174 ], [ 523157.305899999977555, 9248007.279220001772046 ], [ 523159.04614, 9248008.052660001441836 ], [ 523160.213365583040286, 9248008.949583172798157 ], [ 523157.209220000018831, 9248015.110300000756979 ], [ 523156.523032314085867, 9248015.877867575734854 ] ] ] } },
{ "type": "Feature", "properties": { "id": 40, "area_m2": 5.0999690974300709, "status": "candidate - needs field verification" }, "geometry": { "type": "Polygon", "coordinates": [ [ [ 523126.8517, 9248018.445760002359748 ], [ 523126.8517, 9248013.853460000827909 ], [ 523128.301900000020396, 9248013.950140001252294 ], [ 523128.688619999971706, 9248013.321720002219081 ], [ 523128.88198, 9248013.611760001629591 ], [ 523128.688619999971706, 9248014.820260001346469 ], [ 523127.38344, 9248015.255320001393557 ], [ 523127.480120000021998, 9248015.642040001228452 ], [ 523128.20522, 9248016.028760001063347 ], [ 523128.301900000020396, 9248016.512160001322627 ], [ 523127.915180000010878, 9248017.285600000992417 ], [ 523126.99672, 9248017.865680001676083 ], [ 523126.8517, 9248018.445760002359748 ] ] ] } },
{ "type": "Feature", "properties": { "id": 41, "area_m2": 54.164960464645475, "status": "candidate - needs field verification" }, "geometry": { "type": "Polygon", "coordinates": [ [ [ 523233.72817087941803, 9248018.004868200048804 ], [ 523233.831742269860115, 9248015.733480298891664 ], [ 523235.549699632450938, 9248015.811816206201911 ], [ 523235.669236895046197, 9248013.190286355093122 ], [ 523242.842549866472837, 9248013.517377115786076 ], [ 523244.106653036316857, 9248012.051017438992858 ], [ 523245.400378613790963, 9248012.110009105876088 ], [ 523245.1079223358538, 9248018.523765338584781 ], [ 523233.72817087941803, 9248018.004868200048804 ] ] ] } },
{ "type": "Feature", "properties": { "id": 42, "area_m2": 85.237507363708403, "status": "candidate - needs field verification" }, "geometry": { "type": "Polygon", "coordinates": [ [ [ 523423.734038306749426, 9248014.520039053633809 ], [ 523427.896006786206271, 9248007.264446331188083 ], [ 523430.352362683333922, 9248008.673466408625245 ], [ 523431.191807894210797, 9248007.210054902359843 ], [ 523436.503448092844337, 9248010.256929213181138 ], [ 523431.502034402568825, 9248018.975933441892266 ], [ 523423.734038306749426, 9248014.520039053633809 ] ] ] } },
{ "type": "Feature", "properties": { "id": 43, "area_m2": 95.15606283470828, "status": "candidate - needs field verification" }, "geometry": { "type": "Polygon", "coordinates": [ [ [ 523248.379798471345566, 9248018.5361547190696 ], [ 523248.709452260518447, 9248009.699544949457049 ], [ 523252.922419999958947, 9248010.179620001465082 ], [ 523259.503184800443705, 9248010.345091216266155 ], [ 523259.690019999979995, 9248014.723580000922084 ], [ 523259.466671917121857, 9248018.949755629524589 ], [ 523248.379798471345566, 9248018.5361547190696 ] ] ] } },
{ "type": "Feature", "properties": { "id": 44, "area_m2": 149.40757484300994, "status": "candidate - needs field verification" }, "geometry": { "type": "Polygon", "coordinates": [ [ [ 523214.255601455515716, 9248020.14638203009963 ], [ 523208.022452244884335, 9248013.790909398347139 ], [ 523208.022452244884335, 9248011.769264880567789 ], [ 523216.996935136732645, 9248002.967513352632523 ], [ 523217.767389040498529, 9248002.9399971421808 ], [ 523224.647183980501723, 9248009.954805703833699 ], [ 523214.255601455515716, 9248020.14638203009963 ] ] ] } },
{ "type": "Feature", "properties": { "id": 45, "area_m2": 4.8629288538172686, "status": "candidate - needs field verification" }, "geometry": { "type": "Polygon", "coordinates": [ [ [ 523399.003792596922722, 9248019.360209539532661 ], [ 523399.202316946815699, 9248016.988225240260363 ], [ 523401.238207878777757, 9248017.158620096743107 ], [ 523401.039683528942987, 9248019.530604396015406 ], [ 523399.003792596922722, 9248019.360209539532661 ] ] ] } },
{ "type": "Feature", "properties": { "id": 46, "area_m2": 80.018752174057099, "status": "candidate - needs field verification" }, "geometry": { "type": "Polygon", "coordinates": [ [ [ 523391.319839999952819, 9248020.234340000897646 ], [ 523388.148726029670797, 9248019.472683114930987 ], [ 523388.503618691756856, 9248014.080593422055244 ], [ 523385.93114762508776, 9248013.911280380561948 ], [ 523386.126879885036033, 9248010.93740682862699 ], [ 523392.142893700918648, 9248011.33336447738111 ], [ 523392.286639999947511, 9248013.128360001370311 ], [ 523392.71297280600993, 9248012.14304487966001 ], [ 523394.957875378022436, 9248012.29079825617373 ], [ 523394.77135571494, 9248015.124699490144849 ], [ 523398.532788924931083, 9248015.372266782447696 ], [ 523398.200705886760261, 9248020.417796652764082 ], [ 523391.319839999952819, 9248020.234340000897646 ] ] ] } },
{ "type": "Feature", "properties": { "id": 47, "area_m2": 355.19419550146887, "status": "candidate - needs field verification" }, "geometry": { "type": "Polygon", "coordinates": [ [ [ 523356.400804739911109, 9248017.762431222945452 ], [ 523359.826063811022323, 9248010.186420226469636 ], [ 523352.004203326941933, 9248006.650007912889123 ], [ 523358.604781311587431, 9247992.050805237144232 ], [ 523364.791591357148718, 9247994.847980061545968 ], [ 523361.955643488036003, 9248001.120548587292433 ], [ 523366.560081933275796, 9247999.321939820423722 ], [ 523376.517684315505903, 9248003.823961781337857 ], [ 523371.9031569386716, 9248014.030404396355152 ], [ 523368.69760151731316, 9248012.581111649051309 ], [ 523364.665606330090668, 9248021.499105658382177 ], [ 523356.400804739911109, 9248017.762431222945452 ] ] ] } },
{ "type": "Feature", "properties": { "id": 48, "area_m2": 11.050589301609744, "status": "candidate - needs field verification" }, "geometry": { "type": "Polygon", "coordinates": [ [ [ 523337.430696088413242, 9248022.619009424000978 ], [ 523337.75912, 9248021.491180000826716 ], [ 523338.427421339962166, 9248019.992468863725662 ], [ 523342.054224343562964, 9248021.66325637884438 ], [ 523340.88157154712826, 9248024.208751030266285 ], [ 523337.430696088413242, 9248022.619009424000978 ] ] ] } },
{ "type": "Feature", "properties": { "id": 49, "area_m2": 203.89765054181979, "status": "candidate - needs field verification" }, "geometry": { "type": "Polygon", "coordinates": [ [ [ 523280.435039909149054, 9248019.555970868095756 ], [ 523271.524052082095295, 9248019.593948321416974 ], [ 523269.077267298707739, 9248016.804613668471575 ], [ 523269.043636748509016, 9248008.91357808932662 ], [ 523277.485676127136685, 9248008.87759923376143 ], [ 523277.481484433345031, 9248007.894064778462052 ], [ 523285.36526707035955, 9248007.86046513915062 ], [ 523285.503579999960493, 9248011.726500000804663 ], [ 523284.91067777533317, 9248013.972599832341075 ], [ 523286.460063081642147, 9248013.965996557846665 ], [ 523286.484276583069004, 9248019.647426083683968 ], [ 523280.461643465736415, 9248025.798200331628323 ], [ 523280.435039909149054, 9248019.555970868095756 ] ] ] } },
{ "type": "Feature", "properties": { "id": 50, "area_m2": 49.946982572156145, "status": "candidate - needs field verification" }, "geometry": { "type": "Polygon", "coordinates": [ [ [ 523422.740839999984019, 9248025.21336000226438 ], [ 523420.420519999985117, 9248023.76316000148654 ], [ 523422.740839999984019, 9248020.766080001369119 ], [ 523421.725699999951757, 9248019.364220000803471 ], [ 523421.870719999948051, 9248017.237260000780225 ], [ 523418.19687999994494, 9248015.400340002030134 ], [ 523418.19687999994494, 9248013.273380002006888 ], [ 523417.471779999963474, 9248013.225040001794696 ], [ 523419.405379999952856, 9248011.09808000177145 ], [ 523419.212019999977201, 9248009.55120000243187 ], [ 523421.677359999972396, 9248008.826100001111627 ], [ 523422.499139999970794, 9248009.792900001630187 ], [ 523422.4508, 9248013.273380002006888 ], [ 523423.80432, 9248013.225040001794696 ], [ 523423.80432, 9248025.02000000141561 ], [ 523422.740839999984019, 9248025.21336000226438 ] ] ] } },
{ "type": "Feature", "properties": { "id": 51, "area_m2": 416.63067130592685, "status": "candidate - needs field verification" }, "geometry": { "type": "Polygon", "coordinates": [ [ [ 523169.584259999974165, 9248027.823720000684261 ], [ 523160.64136, 9248024.53660000115633 ], [ 523168.47243999998318, 9248018.397420002147555 ], [ 523161.60816, 9248013.901800001040101 ], [ 523164.556899999966845, 9248011.049740001559258 ], [ 523173.306440000014845, 9248015.352000001817942 ], [ 523167.89236, 9248011.291440000757575 ], [ 523168.810820000013337, 9248008.487720001488924 ], [ 523166.345480000018142, 9248010.953060001134872 ], [ 523157.160879999981262, 9248005.780680000782013 ], [ 523160.834719999984372, 9248001.671780001372099 ], [ 523165.088639999972656, 9248002.735260002315044 ], [ 523163.348400000017136, 9248000.318260001018643 ], [ 523168.230739999969956, 9247994.372440000995994 ], [ 523175.33672000002116, 9247998.626360001042485 ], [ 523168.95584, 9248008.391040001064539 ], [ 523171.614539999980479, 9248004.765540001913905 ], [ 523176.303520000015851, 9248006.892500001937151 ], [ 523181.52424, 9248000.656640000641346 ], [ 523186.648279999964871, 9248002.880280001088977 ], [ 523169.584259999974165, 9248027.823720000684261 ] ] ] } },
{ "type": "Feature", "properties": { "id": 52, "area_m2": 58.519579902425377, "status": "candidate - needs field verification" }, "geometry": { "type": "Polygon", "coordinates": [ [ [ 523440.72332, 9248027.872060000896454 ], [ 523438.067225353617687, 9248026.432949230074883 ], [ 523441.01335999998264, 9248021.104460000991821 ], [ 523442.611667822580785, 9248016.952003106474876 ], [ 523443.744873529300094, 9248016.532297288998961 ], [ 523444.644775651802775, 9248014.823311621323228 ], [ 523446.355357854918111, 9248014.451445925980806 ], [ 523448.218062789470423, 9248015.432292141020298 ], [ 523443.023695071227849, 9248025.296809358522296 ], [ 523444.488539445679635, 9248026.068153781816363 ], [ 523443.335735699045472, 9248028.257419737055898 ], [ 523440.72332, 9248027.872060000896454 ] ] ] } },
{ "type": "Feature", "properties": { "id": 53, "area_m2": 38.456224668136336, "status": "candidate - needs field verification" }, "geometry": { "type": "Polygon", "coordinates": [ [ [ 523442.594869480410125, 9248030.117661420255899 ], [ 523442.876673819613643, 9248029.363013803958893 ], [ 523444.357515147363301, 9248029.915997082367539 ], [ 523444.958443493000232, 9248028.306763013824821 ], [ 523448.611995653132908, 9248027.108877060934901 ], [ 523448.090448682196438, 9248026.181682445108891 ], [ 523449.582115094934124, 9248022.187128974124789 ], [ 523453.055190984625369, 9248023.484062584117055 ], [ 523452.469939999980852, 9248025.406720001250505 ], [ 523450.519096570904367, 9248029.838680112734437 ], [ 523448.691734364430886, 9248029.156297251582146 ], [ 523447.63053240213776, 9248031.998104203492403 ], [ 523442.594869480410125, 9248030.117661420255899 ] ] ] } },
{ "type": "Feature", "properties": { "id": 54, "area_m2": 11.23745768253379, "status": "candidate - needs field verification" }, "geometry": { "type": "Polygon", "coordinates": [ [ [ 523398.71586, 9248033.141120001673698 ], [ 523395.57376, 9248031.594240002334118 ], [ 523395.477079999982379, 9248030.820800000801682 ], [ 523395.71878, 9248029.612300001084805 ], [ 523397.0723, 9248029.515620000660419 ], [ 523397.604039999947418, 9248028.887200001627207 ], [ 523398.619179999979679, 9248029.080560002475977 ], [ 523399.054239999968559, 9248027.823720000684261 ], [ 523399.054239999968559, 9248029.225580001249909 ], [ 523398.812539999955334, 9248029.322260001674294 ], [ 523399.054239999968559, 9248029.563960000872612 ], [ 523399.054239999968559, 9248033.092780001461506 ], [ 523398.71586, 9248033.141120001673698 ] ] ] } },
{ "type": "Feature", "properties": { "id": 55, "area_m2": 149.59489820608297, "status": "candidate - needs field verification" }, "geometry": { "type": "Polygon", "coordinates": [ [ [ 523219.567254117748234, 9248034.114753734320402 ], [ 523219.442139864433557, 9248030.301306378096342 ], [ 523221.915610958996695, 9248030.220155006274581 ], [ 523221.524324269848876, 9248018.293846450746059 ], [ 523225.827031440625433, 9248014.597931317985058 ], [ 523225.991758434916846, 9248019.618763906881213 ], [ 523229.709337674139533, 9248019.496794963255525 ], [ 523230.552409138006624, 9248020.460305206477642 ], [ 523230.986769833485596, 9248033.69949739612639 ], [ 523226.782347564992961, 9248033.837439028546214 ], [ 523226.045379999966826, 9248030.772460002452135 ], [ 523225.866713921772316, 9248033.908076642081141 ], [ 523219.567254117748234, 9248034.114753734320402 ] ] ] } },
{ "type": "Feature", "properties": { "id": 56, "area_m2": 21.513256713359659, "status": "candidate - needs field verification" }, "geometry": { "type": "Polygon", "coordinates": [ [ [ 523266.598686805111356, 9248034.063577011227608 ], [ 523266.000580062274821, 9248033.000276135280728 ], [ 523266.354056417476386, 9248031.090215150266886 ], [ 523265.585153037274722, 9248030.947921700775623 ], [ 523265.331940461997874, 9248032.316192744299769 ], [ 523264.765719999966677, 9248032.222660001367331 ], [ 523263.895122653455473, 9248031.805177116766572 ], [ 523264.217157016391866, 9248030.065017515793443 ], [ 523265.587499999965075, 9248030.530760001391172 ], [ 523267.907819999963976, 9248030.095700001344085 ], [ 523270.034779999987222, 9248030.48242000117898 ], [ 523271.079086759826168, 9248031.031574664637446 ], [ 523270.388202984118834, 9248034.76486580632627 ], [ 523266.598686805111356, 9248034.063577011227608 ] ] ] } },
{ "type": "Feature", "properties": { "id": 57, "area_m2": 342.91137536133567, "status": "candidate - needs field verification" }, "geometry": { "type": "Polygon", "coordinates": [ [ [ 523156.967342041083612, 9248034.513122212141752 ], [ 523156.174155368236825, 9248026.679441971704364 ], [ 523151.093634118326008, 9248027.193861965090036 ], [ 523150.189980537805241, 9248018.269187055528164 ], [ 523143.238959999987856, 9248019.267540002241731 ], [ 523149.006779946968891, 9248019.034722594544291 ], [ 523150.41440602944931, 9248032.936737097799778 ], [ 523140.369133500556927, 9248033.953854985535145 ], [ 523138.348783223074861, 9248014.000446043908596 ], [ 523152.801330488175154, 9248012.537076653912663 ], [ 523154.212140000017826, 9248019.944300001487136 ], [ 523154.088297941780183, 9248015.01935001462698 ], [ 523159.50638249469921, 9248019.314768400043249 ], [ 523159.855904852738604, 9248022.766725528985262 ], [ 523155.323790139053017, 9248023.225617503747344 ], [ 523155.606829303200357, 9248026.020972471684217 ], [ 523161.674781396228354, 9248025.406571758911014 ], [ 523162.539721075620037, 9248033.948899950832129 ], [ 523156.967342041083612, 9248034.513122212141752 ] ] ] } },
{ "type": "Feature", "properties": { "id": 58, "area_m2": 5.6023715509011947, "status": "candidate - needs field verification" }, "geometry": { "type": "Polygon", "coordinates": [ [ [ 523176.35186, 9248035.026380000635982 ], [ 523176.35186, 9248029.757320001721382 ], [ 523176.59356, 9248030.047360001131892 ], [ 523176.835260000021663, 9248029.515620000660419 ], [ 523177.753719999978784, 9248029.515620000660419 ], [ 523177.463679999986198, 9248031.545900002121925 ], [ 523177.608699999982491, 9248033.382820000872016 ], [ 523176.35186, 9248035.026380000635982 ] ] ] } },
{ "type": "Feature", "properties": { "id": 59, "area_m2": 84.55393904504939, "status": "candidate - needs field verification" }, "geometry": { "type": "Polygon", "coordinates": [ [ [ 523272.878374707361218, 9248035.750959441065788 ], [ 523273.091146400547586, 9248031.386923681944609 ], [ 523271.379906718269922, 9248031.303490964695811 ], [ 523271.24328, 9248029.467280002310872 ], [ 523271.485450217267498, 9248025.75411369279027 ], [ 523280.888823124929331, 9248026.212581884115934 ], [ 523280.669579999987036, 9248033.479500001296401 ], [ 523280.236708402633667, 9248034.981830598786473 ], [ 523278.773774614091963, 9248036.038393890485168 ], [ 523272.878374707361218, 9248035.750959441065788 ] ] ] } },
{ "type": "Feature", "properties": { "id": 60, "area_m2": 9.4738999103248709, "status": "candidate - needs field verification" }, "geometry": { "type": "Polygon", "coordinates": [ [ [ 523363.944486383465119, 9248036.094704322516918 ], [ 523362.314620941353496, 9248035.264044016599655 ], [ 523362.557539999950677, 9248033.866220001131296 ], [ 523363.266393515572418, 9248032.344961388036609 ], [ 523364.394459999981336, 9248032.512700000777841 ], [ 523365.216239999979734, 9248032.996100001037121 ], [ 523366.090835600160062, 9248033.778114324435592 ], [ 523365.142851688317023, 9248035.638184206560254 ], [ 523363.944486383465119, 9248036.094704322516918 ] ] ] } },
{ "type": "Feature", "properties": { "id": 61, "area_m2": 166.62526450801028, "status": "candidate - needs field verification" }, "geometry": { "type": "Polygon", "coordinates": [ [ [ 523403.88824, 9248036.669940002262592 ], [ 523400.768871197884437, 9248034.26595376431942 ], [ 523402.351916328538209, 9248029.397065050899982 ], [ 523402.794816472567618, 9248029.54106729850173 ], [ 523402.67974, 9248026.566880000755191 ], [ 523403.472302743408363, 9248023.886652806773782 ], [ 523404.663477965863422, 9248023.220996065065265 ], [ 523405.326659101003315, 9248021.181284699589014 ], [ 523401.253557583317161, 9248019.856977675110102 ], [ 523403.05817814724287, 9248014.306601047515869 ], [ 523413.393939711851999, 9248017.667116759344935 ], [ 523406.904200258955825, 9248037.627267330884933 ], [ 523403.88824, 9248036.669940002262592 ] ] ] } },
{ "type": "Feature", "properties": { "id": 62, "area_m2": 266.01898100494276, "status": "candidate - needs field verification" }, "geometry": { "type": "Polygon", "coordinates": [ [ [ 523191.315511003369465, 9248032.433560574427247 ], [ 523199.847775082162116, 9248014.778616474941373 ], [ 523212.062578711833339, 9248020.68177479878068 ], [ 523203.530314632982481, 9248038.336718900129199 ], [ 523191.315511003369465, 9248032.433560574427247 ] ] ] } },
{ "type": "Feature", "properties": { "id": 63, "area_m2": 18.156591010903021, "status": "candidate - needs field verification" }, "geometry": { "type": "Polygon", "coordinates": [ [ [ 523285.890299999970011, 9248038.941920001059771 ], [ 523285.600259999977425, 9248037.733420001342893 ], [ 523284.58512, 9248038.506860001012683 ], [ 523285.26188, 9248029.177240001037717 ], [ 523286.76042, 9248028.210440002381802 ], [ 523287.630539999983739, 9248029.032220002263784 ], [ 523285.890299999970011, 9248038.941920001059771 ] ] ] } },
{ "type": "Feature", "properties": { "id": 64, "area_m2": 270.46236228813552, "status": "candidate - needs field verification" }, "geometry": { "type": "Polygon", "coordinates": [ [ [ 523232.148288475524168, 9248040.488874278962612 ], [ 523231.21775999997044, 9248037.20168000087142 ], [ 523231.306755773199257, 9248033.28315575607121 ], [ 523236.064092719869222, 9248029.318708300590515 ], [ 523249.1519, 9248029.563960000872612 ], [ 523256.164700185821857, 9248030.495000164955854 ], [ 523255.68669993855292, 9248041.51030464656651 ], [ 523232.148288475524168, 9248040.488874278962612 ] ] ] } },
{ "type": "Feature", "properties": { "id": 65, "area_m2": 164.75536919030307, "status": "candidate - needs field verification" }, "geometry": { "type": "Polygon", "coordinates": [ [ [ 523417.616799999959767, 9248042.760780001059175 ], [ 523412.781441333529074, 9248041.445984529331326 ], [ 523416.277815470646601, 9248026.007762497290969 ], [ 523426.739199814561289, 9248028.377006415277719 ], [ 523425.699186533107422, 9248032.969179714098573 ], [ 523423.928130268934183, 9248032.568079425022006 ], [ 523422.95987691701157, 9248036.843397123739123 ], [ 523425.423273635387886, 9248037.401295343413949 ], [ 523424.146857437794097, 9248043.037304501980543 ], [ 523417.616799999959767, 9248042.760780001059175 ] ] ] } },
{ "type": "Feature", "properties": { "id": 66, "area_m2": 4.7295933342318532, "status": "candidate - needs field verification" }, "geometry": { "type": "Polygon", "coordinates": [ [ [ 523206.99942, 9248042.760780001059175 ], [ 523206.370999999984633, 9248041.262240001931787 ], [ 523206.854400000011083, 9248040.633820001035929 ], [ 523207.67618, 9248040.585480000823736 ], [ 523207.386140000016894, 9248039.425320001319051 ], [ 523207.531160000013188, 9248038.941920001059771 ], [ 523208.11124, 9248038.748560002073646 ], [ 523208.739659999962896, 9248039.231960002332926 ], [ 523208.304599999974016, 9248040.440460002049804 ], [ 523208.546299999987241, 9248041.648960001766682 ], [ 523208.40128, 9248041.939000001177192 ], [ 523207.67618, 9248042.035680001601577 ], [ 523206.99942, 9248042.760780001059175 ] ] ] } },
{ "type": "Feature", "properties": { "id": 67, "area_m2": 11.693835224864042, "status": "candidate - needs field verification" }, "geometry": { "type": "Polygon", "coordinates": [ [ [ 523261.453103706066031, 9248043.147900747135282 ], [ 523261.28524, 9248041.310580002143979 ], [ 523261.561567405471578, 9248040.117137551307678 ], [ 523265.221596684365068, 9248040.004942376166582 ], [ 523265.297459999972489, 9248042.277380000799894 ], [ 523265.169207781727891, 9248043.033986644819379 ], [ 523261.453103706066031, 9248043.147900747135282 ] ] ] } },
{ "type": "Feature", "properties": { "id": 68, "area_m2": 13.847457135794411, "status": "candidate - needs field verification" }, "geometry": { "type": "Polygon", "coordinates": [ [ [ 523378.891062792507, 9248042.233829509466887 ], [ 523380.524595706956461, 9248039.199802439659834 ], [ 523384.062952135573141, 9248041.104868398979306 ], [ 523382.42941922112368, 9248044.138895468786359 ], [ 523378.891062792507, 9248042.233829509466887 ] ] ] } },
{ "type": "Feature", "properties": { "id": 69, "area_m2": 124.14323530235028, "status": "candidate - needs field verification" }, "geometry": { "type": "Polygon", "coordinates": [ [ [ 523143.369408427795861, 9248044.29199350066483 ], [ 523142.775863767950796, 9248040.561013698577881 ], [ 523141.41680332220858, 9248040.777220463380218 ], [ 523140.629042434447911, 9248035.825411172583699 ], [ 523155.871202093898319, 9248033.400605103000998 ], [ 523156.534255288832355, 9248037.568510644137859 ], [ 523154.884112537780311, 9248039.857418332248926 ], [ 523155.234702148765791, 9248042.061199858784676 ], [ 523149.136439999972936, 9248043.679240001365542 ], [ 523143.369408427795861, 9248044.29199350066483 ] ] ] } },
{ "type": "Feature", "properties": { "id": 70, "area_m2": 246.00658211906921, "status": "candidate - needs field verification" }, "geometry": { "type": "Polygon", "coordinates": [ [ [ 523379.471936687477864, 9248038.051415195688605 ], [ 523386.352172727405559, 9248021.906201340258121 ], [ 523395.190012793580536, 9248025.672421241179109 ], [ 523393.483275473234244, 9248029.677463928237557 ], [ 523392.308601515891496, 9248029.176880028098822 ], [ 523393.336662917223293, 9248032.672288794070482 ], [ 523399.267852542398032, 9248035.199848042801023 ], [ 523395.196976941544563, 9248044.752595474943519 ], [ 523379.471936687477864, 9248038.051415195688605 ] ] ] } },
{ "type": "Feature", "properties": { "id": 71, "area_m2": 5.632749373201138, "status": "candidate - needs field verification" }, "geometry": { "type": "Polygon", "coordinates": [ [ [ 523522.659619999933057, 9248044.791060000658035 ], [ 523521.741159999975935, 9248044.452680001035333 ], [ 523521.547799999942072, 9248043.582560000941157 ], [ 523522.031199999968521, 9248042.229040002450347 ], [ 523522.224559999944177, 9248039.763700000941753 ], [ 523521.982859999989159, 9248037.926780002191663 ], [ 523522.127879999985453, 9248037.250020001083612 ], [ 523522.804639999987558, 9248036.766620000824332 ], [ 523522.659619999933057, 9248044.791060000658035 ] ] ] } },
{ "type": "Feature", "properties": { "id": 72, "area_m2": 4.3203723790821975, "status": "candidate - needs field verification" }, "geometry": { "type": "Polygon", "coordinates": [ [ [ 523229.741025570372585, 9248045.280044944956899 ], [ 523229.686575379862916, 9248043.355919916182756 ], [ 523230.250959999975748, 9248043.195840001106262 ], [ 523231.840803928149398, 9248043.053711237385869 ], [ 523231.886271063063759, 9248044.66039895825088 ], [ 523231.226134643133264, 9248045.23801832459867 ], [ 523229.741025570372585, 9248045.280044944956899 ] ] ] } },
{ "type": "Feature", "properties": { "id": 73, "area_m2": 44.441150447666544, "status": "candidate - needs field verification" }, "geometry": { "type": "Polygon", "coordinates": [ [ [ 523507.819239999982528, 9248045.564500002190471 ], [ 523506.440512871486135, 9248044.17300958558917 ], [ 523508.399319999967702, 9248041.552280001342297 ], [ 523512.846599999989849, 9248036.476580001413822 ], [ 523514.220291946723592, 9248035.402643021196127 ], [ 523516.590794239134993, 9248037.479570562019944 ], [ 523513.958419999980833, 9248041.213900001719594 ], [ 523509.470553204067983, 9248046.300516432151198 ], [ 523507.819239999982528, 9248045.564500002190471 ] ] ] } },
{ "type": "Feature", "properties": { "id": 74, "area_m2": 6.3847164555098503, "status": "candidate - needs field verification" }, "geometry": { "type": "Polygon", "coordinates": [ [ [ 523293.048598986875731, 9248046.908295903354883 ], [ 523292.86816872342024, 9248046.502327810972929 ], [ 523293.57636, 9248044.356000002473593 ], [ 523293.922690922743641, 9248043.778260374441743 ], [ 523295.759475942002609, 9248044.341004159301519 ], [ 523294.97821999998996, 9248046.627980001270771 ], [ 523294.704532817238942, 9248047.131130989640951 ], [ 523293.72138, 9248047.111380001530051 ], [ 523293.048598986875731, 9248046.908295903354883 ] ] ] } },
{ "type": "Feature", "properties": { "id": 75, "area_m2": 5.78419715961798, "status": "candidate - needs field verification" }, "geometry": { "type": "Polygon", "coordinates": [ [ [ 523158.868942246190272, 9248047.094836495816708 ], [ 523158.469550819485448, 9248046.495749356225133 ], [ 523158.806284387828782, 9248043.870303558185697 ], [ 523160.668855616590008, 9248044.109192607924342 ], [ 523160.284863570181187, 9248047.103103522211313 ], [ 523159.7229, 9248047.159720001742244 ], [ 523158.868942246190272, 9248047.094836495816708 ] ] ] } },
{ "type": "Feature", "properties": { "id": 76, "area_m2": 7.9860497939943018, "status": "candidate - needs field verification" }, "geometry": { "type": "Polygon", "coordinates": [ [ [ 523377.682148347666953, 9248047.220145002007484 ], [ 523377.204559999983758, 9248046.918020000681281 ], [ 523376.028286666667555, 9248045.169876793399453 ], [ 523376.028286666667555, 9248044.610468916594982 ], [ 523377.019069994858, 9248043.7141651827842 ], [ 523378.031822212331463, 9248043.802230592817068 ], [ 523379.284463916614186, 9248045.186913562938571 ], [ 523379.158582091331482, 9248046.445731814950705 ], [ 523378.302537823736202, 9248047.220145002007484 ], [ 523377.682148347666953, 9248047.220145002007484 ] ] ] } },
{ "type": "Feature", "properties": { "id": 77, "area_m2": 23.312879110220933, "status": "candidate - needs field verification" }, "geometry": { "type": "Polygon", "coordinates": [ [ [ 523297.419023662339896, 9248046.975928651168942 ], [ 523297.053839524742216, 9248046.336856411769986 ], [ 523299.833000001381151, 9248036.546036316081882 ], [ 523301.942587464232929, 9248037.144850516691804 ], [ 523299.022780241561122, 9248047.431160885840654 ], [ 523297.419023662339896, 9248046.975928651168942 ] ] ] } },
{ "type": "Feature", "properties": { "id": 78, "area_m2": 132.34899506680819, "status": "candidate - needs field verification" }, "geometry": { "type": "Polygon", "coordinates": [ [ [ 523165.602874997013714, 9248048.161873448640108 ], [ 523162.372258810617495, 9248046.564996428787708 ], [ 523166.395946816133801, 9248038.424738008528948 ], [ 523164.146138807816897, 9248037.312669444829226 ], [ 523161.507263871433679, 9248042.651334840804338 ], [ 523158.209773147187661, 9248041.021402079612017 ], [ 523165.000527423166204, 9248027.283136440441012 ], [ 523172.465621906449087, 9248030.973094373941422 ], [ 523168.677965798473451, 9248038.635840460658073 ], [ 523166.973899999982677, 9248038.16848000138998 ], [ 523169.64134319301229, 9248039.991713462397456 ], [ 523165.602874997013714, 9248048.161873448640108 ] ] ] } },
{ "type": "Feature", "properties": { "id": 79, "area_m2": 36.485203058373926, "status": "candidate - needs field verification" }, "geometry": { "type": "Polygon", "coordinates": [ [ [ 523427.693010925722774, 9248050.37089498154819 ], [ 523428.44496, 9248045.999560002237558 ], [ 523429.12172, 9248044.017620000988245 ], [ 523430.15611380658811, 9248041.851214624941349 ], [ 523432.231530903431121, 9248041.03587219491601 ], [ 523434.063444552884903, 9248041.61840963922441 ], [ 523431.200339999981225, 9248050.011780001223087 ], [ 523430.539677422726527, 9248051.276117686182261 ], [ 523427.693010925722774, 9248050.37089498154819 ] ] ] } },
{ "type": "Feature", "properties": { "id": 80, "area_m2": 209.83130585919781, "status": "candidate - needs field verification" }, "geometry": { "type": "Polygon", "coordinates": [ [ [ 523129.752099999983329, 9248051.558660002425313 ], [ 523127.96352, 9248048.223200000822544 ], [ 523132.55582, 9248046.337940001860261 ], [ 523129.123680000018794, 9248038.845240000635386 ], [ 523132.217439999978524, 9248037.636740000918508 ], [ 523129.31704, 9248033.962900001555681 ], [ 523126.8517, 9248035.944840000942349 ], [ 523127.480120000021998, 9248020.137660002335906 ], [ 523136.036299999977928, 9248027.582020001485944 ], [ 523136.713059999980032, 9248037.008320001885295 ], [ 523140.048520000011194, 9248045.951220002025366 ], [ 523134.87614, 9248048.948300002142787 ], [ 523132.942540000018198, 9248047.739800002425909 ], [ 523133.329260000027716, 9248050.108460001647472 ], [ 523129.752099999983329, 9248051.558660002425313 ] ] ] } },
{ "type": "Feature", "properties": { "id": 81, "area_m2": 22.759796185105809, "status": "candidate - needs field verification" }, "geometry": { "type": "Polygon", "coordinates": [ [ [ 523205.50088, 9248051.655340000987053 ], [ 523203.227675593807362, 9248051.449227385222912 ], [ 523203.18056, 9248048.948300002142787 ], [ 523203.426070308196358, 9248048.05992336012423 ], [ 523204.188198878138792, 9248048.018553908914328 ], [ 523203.76064, 9248046.531300000846386 ], [ 523203.73877509025624, 9248045.365338809788227 ], [ 523206.46768, 9248044.936080001294613 ], [ 523207.488209466566332, 9248044.962070103734732 ], [ 523207.701518234214745, 9248048.891750136390328 ], [ 523206.152705059561413, 9248048.975821975618601 ], [ 523206.291073124797549, 9248051.524907177314162 ], [ 523205.50088, 9248051.655340000987053 ] ] ] } },
{ "type": "Feature", "properties": { "id": 82, "area_m2": 137.17182454640584, "status": "candidate - needs field verification" }, "geometry": { "type": "Polygon", "coordinates": [ [ [ 523234.061680212907959, 9248052.74350319430232 ], [ 523234.098163686110638, 9248042.868029404431581 ], [ 523247.684923986613285, 9248042.918223675340414 ], [ 523248.08841999998549, 9248045.177780002355576 ], [ 523247.900680029822979, 9248052.794629326090217 ], [ 523234.061680212907959, 9248052.74350319430232 ] ] ] } },
{ "type": "Feature", "properties": { "id": 83, "area_m2": 243.033405752916, "status": "candidate - needs field verification" }, "geometry": { "type": "Polygon", "coordinates": [ [ [ 523210.926817147934344, 9248053.277069492265582 ], [ 523210.33487999998033, 9248051.268620001152158 ], [ 523210.459880640206393, 9248045.740383708849549 ], [ 523213.621999999973923, 9248044.936080001294613 ], [ 523209.535085035080556, 9248043.97243051417172 ], [ 523209.851480000012089, 9248028.307120000943542 ], [ 523210.710844070534222, 9248023.836172867566347 ], [ 523218.305553564685397, 9248023.808427369222045 ], [ 523218.413110457884613, 9248053.249720066785812 ], [ 523210.926817147934344, 9248053.277069492265582 ] ] ] } },
{ "type": "Feature", "properties": { "id": 84, "area_m2": 44.779429610708775, "status": "candidate - needs field verification" }, "geometry": { "type": "Polygon", "coordinates": [ [ [ 523400.823868548555765, 9248053.957535719498992 ], [ 523401.628713138401508, 9248051.97009427472949 ], [ 523396.063636285020038, 9248049.716431902721524 ], [ 523397.555668267130386, 9248046.032085591927171 ], [ 523406.288482790347189, 9248049.568571431562304 ], [ 523403.99160621833289, 9248055.24035918712616 ], [ 523400.823868548555765, 9248053.957535719498992 ] ] ] } },
{ "type": "Feature", "properties": { "id": 85, "area_m2": 12.893798775373105, "status": "candidate - needs field verification" }, "geometry": { "type": "Polygon", "coordinates": [ [ [ 523299.920696512039285, 9248055.352813640609384 ], [ 523298.398756680660881, 9248054.833954805508256 ], [ 523297.971654404827859, 9248053.872974684461951 ], [ 523299.431644889060408, 9248049.590465608984232 ], [ 523299.863597436400596, 9248049.312781827524304 ], [ 523301.759506591304671, 9248049.959134066477418 ], [ 523299.920696512039285, 9248055.352813640609384 ] ] ] } },
{ "type": "Feature", "properties": { "id": 86, "area_m2": 61.274117211015344, "status": "candidate - needs field verification" }, "geometry": { "type": "Polygon", "coordinates": [ [ [ 523510.529149892972782, 9248056.271805889904499 ], [ 523509.77099579910282, 9248054.37353690341115 ], [ 523510.964975320035592, 9248053.896670626476407 ], [ 523508.494384543038905, 9248052.591452857479453 ], [ 523506.932415565941483, 9248048.68058923445642 ], [ 523511.365531744377222, 9248046.910036586225033 ], [ 523512.701579999935348, 9248048.899960001930594 ], [ 523512.128951994818635, 9248046.760331656783819 ], [ 523514.383534467488062, 9248045.859868684783578 ], [ 523517.44234550523106, 9248053.518530922010541 ], [ 523515.091160852636676, 9248054.457576062530279 ], [ 523513.136639999982435, 9248050.446840001270175 ], [ 523514.559125351486728, 9248054.662264557555318 ], [ 523510.529149892972782, 9248056.271805889904499 ] ] ] } },
{ "type": "Feature", "properties": { "id": 87, "area_m2": 28.327319767543937, "status": "candidate - needs field verification" }, "geometry": { "type": "Polygon", "coordinates": [ [ [ 523217.440859999973327, 9248055.184160001575947 ], [ 523216.087339999969117, 9248057.069420002400875 ], [ 523212.268479999969713, 9248057.74618000164628 ], [ 523207.627839999971911, 9248056.150960002094507 ], [ 523206.951079999969807, 9248054.652420001104474 ], [ 523203.32558, 9248054.265700001269579 ], [ 523217.19916000001831, 9248054.265700001269579 ], [ 523217.440859999973327, 9248055.184160001575947 ] ] ] } },
{ "type": "Feature", "properties": { "id": 88, "area_m2": 1022.3855110957023, "status": "candidate - needs field verification" }, "geometry": { "type": "Polygon", "coordinates": [ [ [ 523311.059637367608957, 9248056.390179421752691 ], [ 523309.848869666748215, 9248057.155811939388514 ], [ 523301.320424833626021, 9248055.340902736410499 ], [ 523310.175919254659675, 9248013.728024492040277 ], [ 523334.029177468677517, 9248018.804154863581061 ], [ 523325.382011781563051, 9248059.438074979931116 ], [ 523311.059637367608957, 9248056.390179421752691 ] ] ] } },
{ "type": "Feature", "properties": { "id": 89, "area_m2": 73.915695162897876, "status": "candidate - needs field verification" }, "geometry": { "type": "Polygon", "coordinates": [ [ [ 523161.539218011777848, 9248058.852869614958763 ], [ 523161.922898392251227, 9248054.834142507985234 ], [ 523159.819580000010319, 9248054.217360001057386 ], [ 523157.320705767080653, 9248054.096354389563203 ], [ 523157.862548015953507, 9248048.421015633270144 ], [ 523167.189950384316035, 9248049.311531757935882 ], [ 523166.236195681383833, 9248059.301304686814547 ], [ 523161.539218011777848, 9248058.852869614958763 ] ] ] } },
{ "type": "Feature", "properties": { "id": 90, "area_m2": 27.945643177224124, "status": "candidate - needs field verification" }, "geometry": { "type": "Polygon", "coordinates": [ [ [ 523398.647794765071012, 9248059.574469890445471 ], [ 523400.028555651661009, 9248056.316311223432422 ], [ 523401.808398546767421, 9248055.79958264157176 ], [ 523406.002622468222398, 9248057.577034549787641 ], [ 523405.773499999952037, 9248058.471280001103878 ], [ 523404.806699999957345, 9248060.839940002188087 ], [ 523404.16922695498215, 9248061.914373617619276 ], [ 523398.647794765071012, 9248059.574469890445471 ] ] ] } },
{ "type": "Feature", "properties": { "id": 91, "area_m2": 176.21435996777748, "status": "candidate - needs field verification" }, "geometry": { "type": "Polygon", "coordinates": [ [ [ 523128.677413422381505, 9248062.44723741337657 ], [ 523125.925737131852657, 9248055.765169411897659 ], [ 523138.695, 9248049.963440001010895 ], [ 523143.581637384486385, 9248048.11066235601902 ], [ 523147.11716550384881, 9248056.696206884458661 ], [ 523130.808826826047152, 9248063.411982428282499 ], [ 523128.677413422381505, 9248062.44723741337657 ] ] ] } },
{ "type": "Feature", "properties": { "id": 92, "area_m2": 54.348359022085745, "status": "candidate - needs field verification" }, "geometry": { "type": "Polygon", "coordinates": [ [ [ 523502.788800500216894, 9248064.184479525312781 ], [ 523497.777580866008066, 9248059.256313782185316 ], [ 523502.65142638765974, 9248054.300329823046923 ], [ 523503.740972374915145, 9248054.21651859395206 ], [ 523508.240215125842951, 9248058.641192747280002 ], [ 523502.788800500216894, 9248064.184479525312781 ] ] ] } },
{ "type": "Feature", "properties": { "id": 93, "area_m2": 441.34887204993703, "status": "candidate - needs field verification" }, "geometry": { "type": "Polygon", "coordinates": [ [ [ 523254.711000000010245, 9248064.513780001550913 ], [ 523254.517639999976382, 9248057.021080002188683 ], [ 523256.741279999958351, 9248060.018160002306104 ], [ 523260.9952, 9248057.166100000962615 ], [ 523259.06160000001546, 9248045.564500002190471 ], [ 523269.98644, 9248044.694380002096295 ], [ 523266.941019999969285, 9248043.002480002120137 ], [ 523270.083119999966584, 9248040.343780001625419 ], [ 523267.037699999986216, 9248036.573260001838207 ], [ 523280.669579999987036, 9248037.250020001083612 ], [ 523277.140759999980219, 9248044.936080001294613 ], [ 523280.186179999960586, 9248057.021080002188683 ], [ 523265.732519999961369, 9248054.217360001057386 ], [ 523262.49374, 9248056.876060001552105 ], [ 523277.38246, 9248057.842860002070665 ], [ 523277.09242, 9248064.948840001598001 ], [ 523254.711000000010245, 9248064.513780001550913 ] ] ] } },
{ "type": "Feature", "properties": { "id": 94, "area_m2": 383.08094933910849, "status": "candidate - needs field verification" }, "geometry": { "type": "Polygon", "coordinates": [ [ [ 523417.084779768367298, 9248062.089258588850498 ], [ 523415.307305254624225, 9248066.734669422730803 ], [ 523407.042441042256542, 9248063.572282711043954 ], [ 523411.929520516947377, 9248050.799952214583755 ], [ 523397.154654152982403, 9248045.146642023697495 ], [ 523403.374530459346715, 9248042.561758363619447 ], [ 523399.698295172769576, 9248035.902917090803385 ], [ 523407.457233763707336, 9248038.871721377596259 ], [ 523410.784081147110555, 9248030.177040942013264 ], [ 523414.558679318695795, 9248031.621316226199269 ], [ 523410.233472327468917, 9248042.925198933109641 ], [ 523406.546939999971073, 9248042.374060001224279 ], [ 523425.616713343537413, 9248049.832631565630436 ], [ 523418.809581694717053, 9248067.622998103499413 ], [ 523417.084779768367298, 9248062.089258588850498 ] ] ] } },
{ "type": "Feature", "properties": { "id": 95, "area_m2": 162.6730531892284, "status": "candidate - needs field verification" }, "geometry": { "type": "Polygon", "coordinates": [ [ [ 523332.30848721350776, 9248062.608642702922225 ], [ 523330.947204836527817, 9248058.470344277098775 ], [ 523329.432048762973864, 9248060.863612933084369 ], [ 523327.969109459139872, 9248059.937439698725939 ], [ 523329.72206343722064, 9248057.168556753546 ], [ 523331.56098107463913, 9248058.33275836519897 ], [ 523335.05208, 9248051.993720002472401 ], [ 523338.152805876045022, 9248048.336262850090861 ], [ 523345.870278047514148, 9248053.222122529521585 ], [ 523344.57506, 9248054.265700001269579 ], [ 523341.519020032894332, 9248060.408434169366956 ], [ 523342.689061430923175, 9248064.197139648720622 ], [ 523340.436846647993661, 9248067.754631277173758 ], [ 523332.30848721350776, 9248062.608642702922225 ] ] ] } },
{ "type": "Feature", "properties": { "id": 96, "area_m2": 159.1528172016437, "status": "candidate - needs field verification" }, "geometry": { "type": "Polygon", "coordinates": [ [ [ 523374.859361753449775, 9248065.766162456944585 ], [ 523375.174279999977443, 9248064.513780001550913 ], [ 523374.217037439520936, 9248065.810500126332045 ], [ 523369.576324085239321, 9248064.090509859845042 ], [ 523370.678659999975935, 9248058.471280001103878 ], [ 523372.662789048685227, 9248053.908111473545432 ], [ 523373.218678701727185, 9248054.1141411755234 ], [ 523375.524701833201107, 9248047.892249953001738 ], [ 523381.706702187890187, 9248050.183488309383392 ], [ 523379.835874241543934, 9248055.231177475303411 ], [ 523383.082570877624676, 9248056.434502521529794 ], [ 523379.048520151933189, 9248067.318792648613453 ], [ 523374.859361753449775, 9248065.766162456944585 ] ] ] } },
{ "type": "Feature", "properties": { "id": 97, "area_m2": 67.249724351167544, "status": "candidate - needs field verification" }, "geometry": { "type": "Polygon", "coordinates": [ [ [ 523145.687038205971476, 9248068.978946272283792 ], [ 523144.604884200904053, 9248066.057179229333997 ], [ 523142.43866969429655, 9248066.859494291245937 ], [ 523141.422322638973128, 9248064.115403044968843 ], [ 523137.896261292218696, 9248065.421373492106795 ], [ 523137.034172231738921, 9248063.093771880492568 ], [ 523138.695, 9248062.096780002117157 ], [ 523147.637899999972433, 9248058.519620001316071 ], [ 523148.61190984887071, 9248058.418178286403418 ], [ 523150.558121917827521, 9248063.672863161191344 ], [ 523146.369717294524889, 9248065.224150026217103 ], [ 523147.510293787810951, 9248068.303655155003071 ], [ 523145.687038205971476, 9248068.978946272283792 ] ] ] } },
{ "type": "Feature", "properties": { "id": 98, "area_m2": 294.25773721815654, "status": "candidate - needs field verification" }, "geometry": { "type": "Polygon", "coordinates": [ [ [ 523170.308564039296471, 9248070.628892965614796 ], [ 523174.616598231543321, 9248054.24316306784749 ], [ 523175.704326540697366, 9248054.529141828417778 ], [ 523176.870643772359472, 9248050.093021249398589 ], [ 523168.235920897859614, 9248047.822833616286516 ], [ 523169.715076705382671, 9248042.196822665631771 ], [ 523185.337394077738281, 9248046.304145185276866 ], [ 523184.90804, 9248054.217360001057386 ], [ 523178.76408464735141, 9248072.851965853944421 ], [ 523170.308564039296471, 9248070.628892965614796 ] ] ] } },
{ "type": "Feature", "properties": { "id": 99, "area_m2": 130.62811662394606, "status": "candidate - needs field verification" }, "geometry": { "type": "Polygon", "coordinates": [ [ [ 523394.24493696790887, 9248071.15567521750927 ], [ 523394.800319999980275, 9248068.526000002399087 ], [ 523397.156397521670442, 9248061.735851688310504 ], [ 523409.717943016963545, 9248065.98398127220571 ], [ 523406.560437491105404, 9248075.320596016943455 ], [ 523394.24493696790887, 9248071.15567521750927 ] ] ] } },
{ "type": "Feature", "properties": { "id": 100, "area_m2": 68.185299152825976, "status": "candidate - needs field verification" }, "geometry": { "type": "Polygon", "coordinates": [ [ [ 523220.736762064974755, 9248075.757153388112783 ], [ 523214.816285921726376, 9248074.022186379879713 ], [ 523213.558962957700714, 9248071.658419206738472 ], [ 523214.322241671092343, 9248069.053774053230882 ], [ 523216.425968851253856, 9248067.592852400615811 ], [ 523218.456, 9248068.139280000701547 ], [ 523223.96675999998115, 9248067.752560000866652 ], [ 523224.973208823357709, 9248068.341647658497095 ], [ 523224.643519999983255, 9248069.782840002328157 ], [ 523222.7437148130266, 9248074.879111561924219 ], [ 523220.736762064974755, 9248075.757153388112783 ] ] ] } },
{ "type": "Feature", "properties": { "id": 101, "area_m2": 46.098621458081503, "status": "candidate - needs field verification" }, "geometry": { "type": "Polygon", "coordinates": [ [ [ 523340.272799999976996, 9248076.55044000223279 ], [ 523334.402990318660159, 9248073.89062375202775 ], [ 523335.342119999986608, 9248071.909800002351403 ], [ 523338.229100131313317, 9248068.508477723225951 ], [ 523343.842977443011478, 9248071.251067003235221 ], [ 523343.414899999974295, 9248072.683240002021194 ], [ 523341.461563773569651, 9248076.84345668181777 ], [ 523340.272799999976996, 9248076.55044000223279 ] ] ] } },
{ "type": "Feature", "properties": { "id": 102, "area_m2": 151.56164431509987, "status": "candidate - needs field verification" }, "geometry": { "type": "Polygon", "coordinates": [ [ [ 523318.289864426129498, 9248069.629057774320245 ], [ 523324.167588050477207, 9248060.503927506506443 ], [ 523335.906435102748219, 9248068.065211195498705 ], [ 523330.02871147840051, 9248077.190341463312507 ], [ 523318.289864426129498, 9248069.629057774320245 ] ] ] } },
{ "type": "Feature", "properties": { "id": 103, "area_m2": 291.30696335691914, "status": "candidate - needs field verification" }, "geometry": { "type": "Polygon", "coordinates": [ [ [ 523386.340819999983069, 9248077.275540001690388 ], [ 523368.938419999962207, 9248071.764780001714826 ], [ 523366.763119999959599, 9248073.021620001643896 ], [ 523367.3432, 9248070.89466000162065 ], [ 523363.427659999986645, 9248071.668100001290441 ], [ 523362.75089999998454, 9248068.187620000913739 ], [ 523364.926199999987148, 9248067.075800001621246 ], [ 523358.932039999985136, 9248062.580180002376437 ], [ 523367.246519999986049, 9248048.803280001506209 ], [ 523372.708939999982249, 9248051.123600002378225 ], [ 523367.198179999948479, 9248065.818960001692176 ], [ 523378.9448, 9248069.734500002115965 ], [ 523383.972159999946598, 9248065.093860002234578 ], [ 523389.627939999976661, 9248070.314580000936985 ], [ 523386.340819999983069, 9248077.275540001690388 ] ] ] } },
{ "type": "Feature", "properties": { "id": 104, "area_m2": 35.988372993088277, "status": "candidate - needs field verification" }, "geometry": { "type": "Polygon", "coordinates": [ [ [ 523270.179799999983516, 9248078.967440001666546 ], [ 523270.4215, 9248078.339020000770688 ], [ 523269.696399999957066, 9248077.517240000888705 ], [ 523270.373159999959171, 9248074.423480002209544 ], [ 523269.696399999957066, 9248072.731580002233386 ], [ 523269.88976, 9248070.60462000221014 ], [ 523272.06506, 9248070.024540001526475 ], [ 523273.99865999998292, 9248070.652960002422333 ], [ 523274.288699999975506, 9248071.281380001455545 ], [ 523275.30384, 9248070.60462000221014 ], [ 523275.30384, 9248073.263320000842214 ], [ 523272.113399999972899, 9248078.967440001666546 ], [ 523270.179799999983516, 9248078.967440001666546 ] ] ] } },
{ "type": "Feature", "properties": { "id": 105, "area_m2": 23.64971315367303, "status": "candidate - needs field verification" }, "geometry": { "type": "Polygon", "coordinates": [ [ [ 523189.698331486317329, 9248080.957222763448954 ], [ 523189.403660000010859, 9248079.499180002138019 ], [ 523189.421963840548415, 9248078.978115040808916 ], [ 523190.343511672050226, 9248079.055113578215241 ], [ 523190.502876154961996, 9248077.147778760641813 ], [ 523191.254929341957904, 9248077.210615430027246 ], [ 523191.470238677633461, 9248074.633711310103536 ], [ 523193.531500096083619, 9248074.805936897173524 ], [ 523194.441893939801957, 9248075.716330740600824 ], [ 523193.974148838664405, 9248081.314482230693102 ], [ 523189.698331486317329, 9248080.957222763448954 ] ] ] } },
{ "type": "Feature", "properties": { "id": 106, "area_m2": 178.2395363203247, "status": "candidate - needs field verification" }, "geometry": { "type": "Polygon", "coordinates": [ [ [ 523253.203503487515263, 9248081.673153640702367 ], [ 523253.846695356478449, 9248067.381903048604727 ], [ 523267.047752671991475, 9248067.976029690355062 ], [ 523266.584687644150108, 9248078.264994263648987 ], [ 523263.891131226089783, 9248078.143768092617393 ], [ 523263.711004384967964, 9248082.146054111421108 ], [ 523253.203503487515263, 9248081.673153640702367 ] ] ] } },
{ "type": "Feature", "properties": { "id": 107, "area_m2": 124.66880529719833, "status": "candidate - needs field verification" }, "geometry": { "type": "Polygon", "coordinates": [ [ [ 523308.314646462269593, 9248083.578439194709063 ], [ 523301.763246733811684, 9248076.17111836746335 ], [ 523304.449578108207788, 9248073.795194460079074 ], [ 523303.269954822899308, 9248072.461456863209605 ], [ 523308.68132142466493, 9248067.675377454608679 ], [ 523314.362559999979567, 9248072.973280001431704 ], [ 523316.622151548857801, 9248076.230872128158808 ], [ 523308.314646462269593, 9248083.578439194709063 ] ] ] } },
{ "type": "Feature", "properties": { "id": 108, "area_m2": 98.203452614730722, "status": "candidate - needs field verification" }, "geometry": { "type": "Polygon", "coordinates": [ [ [ 523387.956220280437265, 9248080.972512405365705 ], [ 523388.546582956740167, 9248078.995371121913195 ], [ 523388.818848078895826, 9248079.076667875051498 ], [ 523390.062999999965541, 9248074.375140001997352 ], [ 523391.589643503713887, 9248070.583477452397346 ], [ 523395.884724720905069, 9248071.865963263437152 ], [ 523394.970880528038833, 9248074.926453286781907 ], [ 523400.894010548421647, 9248076.695064825937152 ], [ 523399.054239999968559, 9248080.804360002279282 ], [ 523398.495049087621737, 9248084.119344264268875 ], [ 523387.956220280437265, 9248080.972512405365705 ] ] ] } },
{ "type": "Feature", "properties": { "id": 109, "area_m2": 122.59724693005035, "status": "candidate - needs field verification" }, "geometry": { "type": "Polygon", "coordinates": [ [ [ 523347.935804506472778, 9248081.789757957682014 ], [ 523352.969898423936684, 9248067.2345632892102 ], [ 523356.812590849469416, 9248068.563605943694711 ], [ 523355.53510218730662, 9248072.25723909214139 ], [ 523360.466968331020325, 9248073.962985934689641 ], [ 523356.710363075719215, 9248084.824547454714775 ], [ 523347.935804506472778, 9248081.789757957682014 ] ] ] } },
{ "type": "Feature", "properties": { "id": 110, "area_m2": 70.708059529538659, "status": "candidate - needs field verification" }, "geometry": { "type": "Polygon", "coordinates": [ [ [ 523334.713699999963865, 9248083.463060000911355 ], [ 523329.562814884760883, 9248080.241233814507723 ], [ 523330.41144, 9248078.097320001572371 ], [ 523332.373068167769816, 9248074.742720477283001 ], [ 523341.669756423740182, 9248078.869144627824426 ], [ 523338.847078607883304, 9248085.228538315743208 ], [ 523334.713699999963865, 9248083.463060000911355 ] ] ] } },
{ "type": "Feature", "properties": { "id": 111, "area_m2": 334.15488242143238, "status": "candidate - needs field verification" }, "geometry": { "type": "Polygon", "coordinates": [ [ [ 523200.908579999988433, 9248085.154960000887513 ], [ 523193.899280000012368, 9248082.78630000166595 ], [ 523197.283079999964684, 9248080.175940001383424 ], [ 523193.0291599999764, 9248064.997180001810193 ], [ 523189.403660000010859, 9248075.58364000171423 ], [ 523182.104319999984, 9248075.100240001454949 ], [ 523184.23128, 9248062.531840002164245 ], [ 523194.0443, 9248059.631440002471209 ], [ 523197.718140000011772, 9248060.694920001551509 ], [ 523201.246960000018589, 9248068.380980001762509 ], [ 523202.2621, 9248066.012320000678301 ], [ 523211.543379999988247, 9248066.640740001574159 ], [ 523211.059980000020005, 9248069.782840002328157 ], [ 523206.90274, 9248069.782840002328157 ], [ 523204.534080000012182, 9248078.967440001666546 ], [ 523201.053599999984726, 9248079.015780001878738 ], [ 523200.908579999988433, 9248085.154960000887513 ] ] ] } },
{ "type": "Feature", "properties": { "id": 112, "area_m2": 102.40714580602729, "status": "candidate - needs field verification" }, "geometry": { "type": "Polygon", "coordinates": [ [ [ 523522.804639999987558, 9248071.18470000103116 ], [ 523522.707959999970626, 9248085.638360001146793 ], [ 523517.922299999976531, 9248077.372220002114773 ], [ 523508.254299999971408, 9248081.577800001949072 ], [ 523506.175679999985732, 9248081.094400001689792 ], [ 523505.257219999970403, 9248078.870760001242161 ], [ 523516.230399999942165, 9248072.876600001007318 ], [ 523522.804639999987558, 9248071.18470000103116 ] ] ] } },
{ "type": "Feature", "properties": { "id": 113, "area_m2": 117.0772974473478, "status": "candidate - needs field verification" }, "geometry": { "type": "Polygon", "coordinates": [ [ [ 523126.8517, 9248082.447920002043247 ], [ 523129.220359999977518, 9248079.112460002303123 ], [ 523137.63152, 9248072.151500001549721 ], [ 523140.24187999998685, 9248073.795060001313686 ], [ 523142.030459999979939, 9248073.505020001903176 ], [ 523144.930860000022221, 9248076.792140001431108 ], [ 523137.583180000016, 9248083.318040002137423 ], [ 523132.894199999980628, 9248080.272620001807809 ], [ 523134.19938, 9248084.913260001689196 ], [ 523132.70084, 9248086.025080000981688 ], [ 523126.8517, 9248082.447920002043247 ] ] ] } },
{ "type": "Feature", "properties": { "id": 114, "area_m2": 48.111367360065969, "status": "candidate - needs field verification" }, "geometry": { "type": "Polygon", "coordinates": [ [ [ 523361.13029178295983, 9248086.482763059437275 ], [ 523358.368327792501077, 9248085.486926566809416 ], [ 523358.078971659124363, 9248084.763536233454943 ], [ 523362.211205918050837, 9248073.302736885845661 ], [ 523363.000931640155613, 9248072.957231882959604 ], [ 523365.674548375769518, 9248073.921214440837502 ], [ 523365.506279999972321, 9248074.858540002256632 ], [ 523361.590739999955986, 9248085.783380001783371 ], [ 523361.13029178295983, 9248086.482763059437275 ] ] ] } },
{ "type": "Feature", "properties": { "id": 115, "area_m2": 24.285804567493955, "status": "candidate - needs field verification" }, "geometry": { "type": "Polygon", "coordinates": [ [ [ 523279.011468073993456, 9248086.692136777564883 ], [ 523278.650715759780724, 9248084.614214548841119 ], [ 523279.1227, 9248084.381520001217723 ], [ 523289.470905882364605, 9248082.586058713495731 ], [ 523289.702488788578194, 9248083.919969126582146 ], [ 523288.719204670400359, 9248085.006756836548448 ], [ 523279.011468073993456, 9248086.692136777564883 ] ] ] } },
{ "type": "Feature", "properties": { "id": 116, "area_m2": 105.9813448216387, "status": "candidate - needs field verification" }, "geometry": { "type": "Polygon", "coordinates": [ [ [ 523206.215129905031063, 9248085.22726115398109 ], [ 523210.126106721581891, 9248074.05278885923326 ], [ 523217.440859999973327, 9248076.06704000197351 ], [ 523218.396231219056062, 9248076.710215274244547 ], [ 523215.410579999967013, 9248085.928400002419949 ], [ 523213.968302852648776, 9248087.940810291096568 ], [ 523206.215129905031063, 9248085.22726115398109 ] ] ] } },
{ "type": "Feature", "properties": { "id": 117, "area_m2": 5.7577657994417333, "status": "candidate - needs field verification" }, "geometry": { "type": "Polygon", "coordinates": [ [ [ 523478.428519999957643, 9248089.21552000194788 ], [ 523477.703419999976177, 9248088.635440001264215 ], [ 523477.365039999946021, 9248087.668640000745654 ], [ 523478.186819999944419, 9248086.460140001028776 ], [ 523479.443659999989904, 9248086.363460002467036 ], [ 523480.217099999950733, 9248087.426940001547337 ], [ 523480.313779999967664, 9248088.007020002231002 ], [ 523479.346979999972973, 9248088.877140002325177 ], [ 523478.428519999957643, 9248089.21552000194788 ] ] ] } },
{ "type": "Feature", "properties": { "id": 118, "area_m2": 7.2406380262140608, "status": "candidate - needs field verification" }, "geometry": { "type": "Polygon", "coordinates": [ [ [ 523483.287013464141637, 9248091.600424723699689 ], [ 523481.820026866917033, 9248089.333913642913103 ], [ 523484.07146208389895, 9248087.876684814691544 ], [ 523485.538448681065347, 9248090.143195893615484 ], [ 523483.287013464141637, 9248091.600424723699689 ] ] ] } },
{ "type": "Feature", "properties": { "id": 119, "area_m2": 389.19482383582852, "status": "candidate - needs field verification" }, "geometry": { "type": "Polygon", "coordinates": [ [ [ 523168.03738, 9248092.260940002277493 ], [ 523149.0881, 9248081.191080002114177 ], [ 523150.344939999980852, 9248073.263320000842214 ], [ 523160.738039999967441, 9248079.112460002303123 ], [ 523163.05836000002455, 9248075.245260002091527 ], [ 523155.614, 9248074.326800001785159 ], [ 523156.96752, 9248068.042600002139807 ], [ 523152.375219999987166, 9248066.254020001739264 ], [ 523153.922100000025239, 9248060.404880002140999 ], [ 523170.454380000010133, 9248063.305280001834035 ], [ 523168.71414, 9248068.090940002351999 ], [ 523163.590099999972153, 9248067.220820002257824 ], [ 523162.671640000015032, 9248070.024540001526475 ], [ 523175.868459999968763, 9248076.405420001596212 ], [ 523173.88652, 9248078.967440001666546 ], [ 523167.989040000014938, 9248076.308740001171827 ], [ 523168.03738, 9248092.260940002277493 ] ] ] } },
{ "type": "Feature", "properties": { "id": 120, "area_m2": 400.06190574014425, "status": "candidate - needs field verification" }, "geometry": { "type": "Polygon", "coordinates": [ [ [ 523497.764519999967888, 9248092.744340000674129 ], [ 523496.217639999988023, 9248086.653500001877546 ], [ 523490.900239999988116, 9248085.154960000887513 ], [ 523495.395859999989625, 9248064.997180001810193 ], [ 523486.307939999969676, 9248078.967440001666546 ], [ 523481.957339999964461, 9248077.033840000629425 ], [ 523485.921219999960158, 9248070.072880001738667 ], [ 523490.900239999988116, 9248069.251100001856685 ], [ 523493.123879999970086, 9248059.534760002046824 ], [ 523504.483779999951366, 9248067.075800001621246 ], [ 523511.154699999955483, 9248058.22958000190556 ], [ 523517.728939999942668, 9248066.350700002163649 ], [ 523511.734779999940656, 9248072.731580002233386 ], [ 523507.480859999952372, 9248069.589480001479387 ], [ 523508.447659999947064, 9248073.408340001478791 ], [ 523498.054559999960475, 9248080.756020002067089 ], [ 523497.764519999967888, 9248092.744340000674129 ] ] ] } },
{ "type": "Feature", "properties": { "id": 121, "area_m2": 63.061981439221753, "status": "candidate - needs field verification" }, "geometry": { "type": "Polygon", "coordinates": [ [ [ 523137.244799999985844, 9248091.149120001122355 ], [ 523133.912106567411683, 9248089.128972848877311 ], [ 523135.456379325827584, 9248086.044570872560143 ], [ 523137.57140389730921, 9248087.103503802791238 ], [ 523138.992720320471562, 9248084.264684583991766 ], [ 523140.125120402255561, 9248083.7551045473665 ], [ 523144.737499999988358, 9248086.025080000981688 ], [ 523145.601178705692291, 9248086.774986075237393 ], [ 523143.867380000010598, 9248090.424020001664758 ], [ 523142.051659147953615, 9248093.416128413751721 ], [ 523137.244799999985844, 9248091.149120001122355 ] ] ] } },
{ "type": "Feature", "properties": { "id": 122, "area_m2": 155.62510526988243, "status": "candidate - needs field verification" }, "geometry": { "type": "Polygon", "coordinates": [ [ [ 523363.508128159155603, 9248089.01469243876636 ], [ 523371.23524850490503, 9248075.287138074636459 ], [ 523379.844220787636004, 9248080.133053313940763 ], [ 523372.117100441886578, 9248093.860607678070664 ], [ 523363.508128159155603, 9248089.01469243876636 ] ] ] } },
{ "type": "Feature", "properties": { "id": 123, "area_m2": 4.9960602243824708, "status": "candidate - needs field verification" }, "geometry": { "type": "Polygon", "coordinates": [ [ [ 523210.89771068119444, 9248094.222538702189922 ], [ 523210.528881012811325, 9248093.80101908184588 ], [ 523210.670675696455874, 9248092.405651526525617 ], [ 523213.52739539986942, 9248092.695946127176285 ], [ 523213.382422125607263, 9248094.122593430802226 ], [ 523213.062495413469151, 9248094.442520143464208 ], [ 523210.89771068119444, 9248094.222538702189922 ] ] ] } },
{ "type": "Feature", "properties": { "id": 124, "area_m2": 88.241393663774886, "status": "candidate - needs field verification" }, "geometry": { "type": "Polygon", "coordinates": [ [ [ 523501.313366574409883, 9248095.185450538992882 ], [ 523498.470613076584414, 9248090.670307936146855 ], [ 523502.494084404606838, 9248088.137112820520997 ], [ 523499.164889405947179, 9248082.849355656653643 ], [ 523501.658118685998488, 9248081.279607614502311 ], [ 523500.689515735779423, 9248079.741176495328546 ], [ 523502.365535991149954, 9248078.685946825891733 ], [ 523509.664016755064949, 9248090.278116689994931 ], [ 523505.450579999946058, 9248092.937700001522899 ], [ 523501.313366574409883, 9248095.185450538992882 ] ] ] } },
{ "type": "Feature", "properties": { "id": 125, "area_m2": 276.05212350580683, "status": "candidate - needs field verification" }, "geometry": { "type": "Polygon", "coordinates": [ [ [ 523234.214839999971446, 9248093.759480001404881 ], [ 523231.642836912593339, 9248092.535173742100596 ], [ 523236.390139999974053, 9248071.813120001927018 ], [ 523237.675178984878585, 9248068.576878035441041 ], [ 523248.308556404255796, 9248071.422108981758356 ], [ 523242.013077212439384, 9248094.949972808361053 ], [ 523239.7256, 9248095.016320001333952 ], [ 523234.214839999971446, 9248093.759480001404881 ] ] ] } },
{ "type": "Feature", "properties": { "id": 126, "area_m2": 34.645906901004736, "status": "candidate - needs field verification" }, "geometry": { "type": "Polygon", "coordinates": [ [ [ 523126.948380000016186, 9248095.306360000744462 ], [ 523126.8517, 9248084.139820002019405 ], [ 523127.431779999984428, 9248083.994800001382828 ], [ 523132.50747999997111, 9248088.44208000227809 ], [ 523128.39857999997912, 9248094.097860001027584 ], [ 523126.948380000016186, 9248095.306360000744462 ] ] ] } },
{ "type": "Feature", "properties": { "id": 127, "area_m2": 102.63335175677835, "status": "candidate - needs field verification" }, "geometry": { "type": "Polygon", "coordinates": [ [ [ 523144.944676720886491, 9248093.910561418160796 ], [ 523149.255068786209449, 9248085.106303967535496 ], [ 523158.658428181428462, 9248089.710004614666104 ], [ 523154.348036116105504, 9248098.514262065291405 ], [ 523144.944676720886491, 9248093.910561418160796 ] ] ] } },
{ "type": "Feature", "properties": { "id": 128, "area_m2": 116.47675124763066, "status": "candidate - needs field verification" }, "geometry": { "type": "Polygon", "coordinates": [ [ [ 523495.685899999982212, 9248096.70822000131011 ], [ 523493.220559999987017, 9248098.448460001498461 ], [ 523491.867039999982808, 9248097.868380000814795 ], [ 523481.183899999945424, 9248082.979660000652075 ], [ 523477.220019999949727, 9248083.656420001760125 ], [ 523475.431439999956638, 9248082.49626000225544 ], [ 523475.189739999943413, 9248079.160800000652671 ], [ 523481.473939999938011, 9248077.662260001525283 ], [ 523492.205419999954756, 9248090.569040002301335 ], [ 523495.685899999982212, 9248096.70822000131011 ] ] ] } },
{ "type": "Feature", "properties": { "id": 129, "area_m2": 6.475149767394675, "status": "candidate - needs field verification" }, "geometry": { "type": "Polygon", "coordinates": [ [ [ 523374.30416, 9248100.285380002111197 ], [ 523373.724079999956302, 9248099.947000000625849 ], [ 523372.370559999952093, 9248100.575420001521707 ], [ 523371.887159999983851, 9248100.140360001474619 ], [ 523371.790479999966919, 9248099.076880002394319 ], [ 523371.113719999964815, 9248097.868380000814795 ], [ 523371.500439999974333, 9248097.143280001357198 ], [ 523372.032179999980144, 9248096.99826000072062 ], [ 523373.289019999967422, 9248097.965060001239181 ], [ 523373.48238, 9248098.641820002347231 ], [ 523374.30416, 9248099.076880002394319 ], [ 523374.30416, 9248100.285380002111197 ] ] ] } },
{ "type": "Feature", "properties": { "id": 130, "area_m2": 20.646404106822178, "status": "candidate - needs field verification" }, "geometry": { "type": "Polygon", "coordinates": [ [ [ 523363.717699999979232, 9248100.672100001946092 ], [ 523361.010659999970812, 9248098.641820002347231 ], [ 523361.63908, 9248098.351780001074076 ], [ 523362.557539999950677, 9248095.789760001003742 ], [ 523363.9594, 9248095.306360000744462 ], [ 523363.379319999949075, 9248094.726280001923442 ], [ 523364.829519999970216, 9248095.16134000197053 ], [ 523365.1679, 9248094.581260001286864 ], [ 523364.732839999953285, 9248094.049520000815392 ], [ 523365.892999999981839, 9248093.662800000980496 ], [ 523366.859799999976531, 9248094.146200001239777 ], [ 523365.98968, 9248096.853240001946688 ], [ 523366.52142, 9248097.578340001404285 ], [ 523364.587819999956992, 9248099.221900001168251 ], [ 523364.877859999949578, 9248099.947000000625849 ], [ 523364.297779999964405, 9248099.898660002276301 ], [ 523364.394459999981336, 9248100.672100001946092 ], [ 523363.717699999979232, 9248100.672100001946092 ] ] ] } },
{ "type": "Feature", "properties": { "id": 131, "area_m2": 47.423858705486346, "status": "candidate - needs field verification" }, "geometry": { "type": "Polygon", "coordinates": [ [ [ 523177.999203681771178, 9248100.408322477713227 ], [ 523177.71151924500009, 9248099.298682508990169 ], [ 523175.994705366960261, 9248098.16322579793632 ], [ 523174.128036540176254, 9248098.53655956313014 ], [ 523172.917714274488389, 9248097.7360834274441 ], [ 523177.131691532558762, 9248091.364537447690964 ], [ 523182.872597577108536, 9248095.161425611004233 ], [ 523178.975421198643744, 9248101.053967731073499 ], [ 523177.999203681771178, 9248100.408322477713227 ] ] ] } },
{ "type": "Feature", "properties": { "id": 132, "area_m2": 14.355438469865373, "status": "candidate - needs field verification" }, "geometry": { "type": "Polygon", "coordinates": [ [ [ 523224.35348, 9248100.672100001946092 ], [ 523223.193319999962114, 9248099.511940002441406 ], [ 523221.186989533132873, 9248098.953242709860206 ], [ 523221.62217787100235, 9248097.042996129021049 ], [ 523225.441682832024526, 9248097.913147676736116 ], [ 523225.644691266817972, 9248097.811643458902836 ], [ 523226.03064163425006, 9248096.117525521665812 ], [ 523226.555527362448629, 9248096.237103879451752 ], [ 523227.017713648383506, 9248096.963396614417434 ], [ 523226.406177535303868, 9248099.647716635838151 ], [ 523225.916979939560406, 9248099.959024196490645 ], [ 523225.676192574959714, 9248101.015953345224261 ], [ 523224.35348, 9248100.672100001946092 ] ] ] } },
{ "type": "Feature", "properties": { "id": 133, "area_m2": 32.050129118121902, "status": "candidate - needs field verification" }, "geometry": { "type": "Polygon", "coordinates": [ [ [ 523379.814919999975245, 9248100.672100001946092 ], [ 523377.978, 9248098.400120001286268 ], [ 523376.584802922094241, 9248097.848656821995974 ], [ 523377.204559999983758, 9248095.258020002394915 ], [ 523378.237595526210498, 9248093.391529016196728 ], [ 523382.284965251979884, 9248095.340070830658078 ], [ 523382.047524673107546, 9248095.83326517790556 ], [ 523383.537099999957718, 9248096.804900001734495 ], [ 523382.104569866030943, 9248096.2610131688416 ], [ 523381.689046244136989, 9248097.124108698219061 ], [ 523383.549154857348185, 9248098.019628420472145 ], [ 523382.76366, 9248100.092020001262426 ], [ 523381.582729518529959, 9248101.489025704562664 ], [ 523379.814919999975245, 9248100.672100001946092 ] ] ] } },
{ "type": "Feature", "properties": { "id": 134, "area_m2": 19.485951431828774, "status": "candidate - needs field verification" }, "geometry": { "type": "Polygon", "coordinates": [ [ [ 523515.774842321232427, 9248101.67221150919795 ], [ 523515.215259999968112, 9248100.575420001521707 ], [ 523515.020950252073817, 9248098.439124451950192 ], [ 523521.024248542671558, 9248097.7758749127388 ], [ 523521.209419999970123, 9248100.478740001097322 ], [ 523521.120816585724242, 9248101.081583691760898 ], [ 523515.774842321232427, 9248101.67221150919795 ] ] ] } },
{ "type": "Feature", "properties": { "id": 135, "area_m2": 106.90138263169699, "status": "candidate - needs field verification" }, "geometry": { "type": "Polygon", "coordinates": [ [ [ 523158.998644492181484, 9248105.825196228921413 ], [ 523151.946638917201199, 9248101.404400080442429 ], [ 523153.626614431675989, 9248098.724521547555923 ], [ 523155.710680000018328, 9248099.415260002017021 ], [ 523154.822727996564936, 9248098.526635564863682 ], [ 523160.305859168583993, 9248089.780004801228642 ], [ 523163.137282544979826, 9248091.554981498047709 ], [ 523162.709950194519479, 9248092.236657381057739 ], [ 523165.23365999996895, 9248093.082720002159476 ], [ 523166.403746716445312, 9248094.012658305466175 ], [ 523158.998644492181484, 9248105.825196228921413 ] ] ] } },
{ "type": "Feature", "properties": { "id": 136, "area_m2": 545.14872421160567, "status": "candidate - needs field verification" }, "geometry": { "type": "Polygon", "coordinates": [ [ [ 523293.092959999979939, 9248090.037300001829863 ], [ 523307.594959999958519, 9248085.831720001995564 ], [ 523314.99098, 9248099.560280000790954 ], [ 523319.92166, 9248097.046600000932813 ], [ 523309.190179999975953, 9248085.009940002113581 ], [ 523318.42312, 9248074.665180001407862 ], [ 523326.834279999951832, 9248080.659340001642704 ], [ 523322.048619999957737, 9248086.991880001500249 ], [ 523316.92458, 9248084.284840000793338 ], [ 523318.036399999982677, 9248089.263860002160072 ], [ 523325.23906, 9248092.067580001428723 ], [ 523330.79816, 9248086.073420001193881 ], [ 523337.034019999962766, 9248088.297060001641512 ], [ 523324.610639999969862, 9248100.333720002323389 ], [ 523305.03294, 9248105.409420002251863 ], [ 523293.092959999979939, 9248090.037300001829863 ] ] ] } },
{ "type": "Feature", "properties": { "id": 137, "area_m2": 4.1886344131277511, "status": "candidate - needs field verification" }, "geometry": { "type": "Polygon", "coordinates": [ [ [ 523507.770899999944959, 9248105.602780001237988 ], [ 523507.722559999965597, 9248104.877680001780391 ], [ 523508.109279999975115, 9248104.249260000884533 ], [ 523508.689359999960288, 9248103.91088000126183 ], [ 523508.157619999954477, 9248103.62084000185132 ], [ 523507.674219999986235, 9248103.717520002275705 ], [ 523507.577539999969304, 9248103.42748000100255 ], [ 523508.689359999960288, 9248103.13744000159204 ], [ 523509.704499999934342, 9248103.379140000790358 ], [ 523509.607819999975618, 9248104.007560001686215 ], [ 523509.946199999947567, 9248104.684320000931621 ], [ 523509.801179999951273, 9248105.506100000813603 ], [ 523507.770899999944959, 9248105.602780001237988 ] ] ] } },
{ "type": "Feature", "properties": { "id": 138, "area_m2": 123.94041189272609, "status": "candidate - needs field verification" }, "geometry": { "type": "Polygon", "coordinates": [ [ [ 523350.377585635869764, 9248105.421290580183268 ], [ 523349.591841577261221, 9248103.893454911187291 ], [ 523341.447600539715495, 9248100.902036376297474 ], [ 523345.83802310313331, 9248088.948958195745945 ], [ 523354.357175140699837, 9248092.078083327040076 ], [ 523350.343874685291667, 9248103.004433447495103 ], [ 523353.938382362772245, 9248104.324713243171573 ], [ 523353.160194726719055, 9248106.443356156349182 ], [ 523350.377585635869764, 9248105.421290580183268 ] ] ] } },
{ "type": "Feature", "properties": { "id": 139, "area_m2": 12.604505590002439, "status": "candidate - needs field verification" }, "geometry": { "type": "Polygon", "coordinates": [ [ [ 523494.446960813831538, 9248107.255649201571941 ], [ 523492.772624761157203, 9248105.943331755697727 ], [ 523492.404425698216073, 9248104.410348318517208 ], [ 523496.513095844944473, 9248103.423508889973164 ], [ 523497.270623732823879, 9248106.577448762953281 ], [ 523494.446960813831538, 9248107.255649201571941 ] ] ] } },
{ "type": "Feature", "properties": { "id": 140, "area_m2": 227.05093079283711, "status": "candidate - needs field verification" }, "geometry": { "type": "Polygon", "coordinates": [ [ [ 523470.076265270705335, 9248110.138932244852185 ], [ 523467.720753336907364, 9248106.369821118190885 ], [ 523472.112479585281108, 9248103.625204883515835 ], [ 523470.850782967172563, 9248101.606333872303367 ], [ 523466.236539054254536, 9248104.490012871101499 ], [ 523464.01746794738574, 9248100.939223982393742 ], [ 523467.552019999944605, 9248098.110080001875758 ], [ 523471.979053980670869, 9248095.591555492952466 ], [ 523473.019909915048629, 9248097.257054030895233 ], [ 523478.331839999940712, 9248092.164260001853108 ], [ 523481.491806249658111, 9248090.318582221865654 ], [ 523483.977084289945196, 9248094.295335207134485 ], [ 523485.90623022755608, 9248094.67277680337429 ], [ 523488.792187716928311, 9248099.29066658206284 ], [ 523486.791339999937918, 9248100.913800001144409 ], [ 523470.076265270705335, 9248110.138932244852185 ] ] ] } },
{ "type": "Feature", "properties": { "id": 141, "area_m2": 14.464711240052216, "status": "candidate - needs field verification" }, "geometry": { "type": "Polygon", "coordinates": [ [ [ 523236.63757849734975, 9248108.603242067620158 ], [ 523236.72852, 9248107.246340001001954 ], [ 523237.402829796541482, 9248105.841356320306659 ], [ 523238.5171, 9248105.796140002086759 ], [ 523241.22414, 9248106.037840001285076 ], [ 523241.941737860965077, 9248106.280640933662653 ], [ 523241.64456077007344, 9248108.933601444587111 ], [ 523241.030779999971855, 9248109.034920001402497 ], [ 523236.63757849734975, 9248108.603242067620158 ] ] ] } },
{ "type": "Feature", "properties": { "id": 142, "area_m2": 18.759473959597397, "status": "candidate - needs field verification" }, "geometry": { "type": "Polygon", "coordinates": [ [ [ 523205.887600000016391, 9248108.358160002157092 ], [ 523205.549219999986235, 9248107.826420001685619 ], [ 523205.694239999982528, 9248106.666260002180934 ], [ 523207.241120000020601, 9248103.862540001049638 ], [ 523210.28654, 9248103.862540001049638 ], [ 523210.57658, 9248105.119380000978708 ], [ 523208.546299999987241, 9248109.08326000161469 ], [ 523207.386140000016894, 9248109.27662000246346 ], [ 523205.887600000016391, 9248108.358160002157092 ] ] ] } },
{ "type": "Feature", "properties": { "id": 143, "area_m2": 17.49879430986492, "status": "candidate - needs field verification" }, "geometry": { "type": "Polygon", "coordinates": [ [ [ 523464.796639999956824, 9248109.905040001496673 ], [ 523461.219479999970645, 9248107.681400001049042 ], [ 523461.702879999938887, 9248107.004640001803637 ], [ 523461.364499999966938, 9248106.569580001756549 ], [ 523461.606199999980163, 9248105.796140002086759 ], [ 523463.104739999980666, 9248104.345940001308918 ], [ 523464.651619999960531, 9248104.732660001143813 ], [ 523466.44019999995362, 9248107.923100002110004 ], [ 523466.198499999940395, 9248108.59986000135541 ], [ 523464.796639999956824, 9248109.56666000187397 ], [ 523464.796639999956824, 9248109.905040001496673 ] ] ] } },
{ "type": "Feature", "properties": { "id": 144, "area_m2": 110.3355496532089, "status": "candidate - needs field verification" }, "geometry": { "type": "Polygon", "coordinates": [ [ [ 523139.303624914318789, 9248106.284035641700029 ], [ 523140.799731129431166, 9248103.7632114328444 ], [ 523140.973640307784081, 9248103.714299475774169 ], [ 523142.645638518501073, 9248100.897110747173429 ], [ 523137.488077788613737, 9248097.836104495450854 ], [ 523139.673137375444639, 9248094.154446702450514 ], [ 523144.944445919711143, 9248097.282962149009109 ], [ 523143.675885626114905, 9248099.420388935133815 ], [ 523152.112396398326382, 9248104.427448194473982 ], [ 523151.553439999988768, 9248106.569580001756549 ], [ 523148.13046751829097, 9248111.522756386548281 ], [ 523139.303624914318789, 9248106.284035641700029 ] ] ] } },
{ "type": "Feature", "properties": { "id": 145, "area_m2": 7.8233057159211894, "status": "candidate - needs field verification" }, "geometry": { "type": "Polygon", "coordinates": [ [ [ 523257.262099853309337, 9248111.38210404664278 ], [ 523257.143484436441213, 9248109.359482461586595 ], [ 523258.253625079407357, 9248108.249341819435358 ], [ 523259.825935621571261, 9248108.157134620472789 ], [ 523260.005626558093354, 9248111.221211586147547 ], [ 523257.262099853309337, 9248111.38210404664278 ] ] ] } },
{ "type": "Feature", "properties": { "id": 146, "area_m2": 9.1725908657232189, "status": "candidate - needs field verification" }, "geometry": { "type": "Polygon", "coordinates": [ [ [ 523514.894054508768022, 9248111.66091993637383 ], [ 523514.829272477189079, 9248108.00411930680275 ], [ 523516.858819999964908, 9248108.019780000671744 ], [ 523517.40038337407168, 9248108.243457388132811 ], [ 523517.456577811622992, 9248111.41550756432116 ], [ 523516.568779999972321, 9248111.645280001685023 ], [ 523514.894054508768022, 9248111.66091993637383 ] ] ] } },
{ "type": "Feature", "properties": { "id": 147, "area_m2": 65.655552054211185, "status": "candidate - needs field verification" }, "geometry": { "type": "Polygon", "coordinates": [ [ [ 523170.440530021151062, 9248112.284717634320259 ], [ 523167.022240000020247, 9248109.421640001237392 ], [ 523165.413812081038486, 9248107.305125629529357 ], [ 523171.082799999974668, 9248100.382060000672936 ], [ 523171.9334709388786, 9248099.609971418976784 ], [ 523174.610674232593738, 9248102.039519852027297 ], [ 523172.835223645437509, 9248103.995950147509575 ], [ 523175.404748679371551, 9248106.327781105414033 ], [ 523172.291299999982584, 9248110.388440001755953 ], [ 523170.440530021151062, 9248112.284717634320259 ] ] ] } },
{ "type": "Feature", "properties": { "id": 148, "area_m2": 194.53109138780854, "status": "candidate - needs field verification" }, "geometry": { "type": "Polygon", "coordinates": [ [ [ 523192.001328694517724, 9248113.575237469747663 ], [ 523188.678559999971185, 9248110.436780001968145 ], [ 523188.098479999986012, 9248107.004640001803637 ], [ 523185.924333339382429, 9248104.410477258265018 ], [ 523187.393166742578615, 9248102.90415995195508 ], [ 523185.471477992832661, 9248101.030291402712464 ], [ 523193.784391556342598, 9248092.505236389115453 ], [ 523202.476471170550212, 9248100.981018235906959 ], [ 523200.76356, 9248104.442620001733303 ], [ 523192.001328694517724, 9248113.575237469747663 ] ] ] } },
{ "type": "Feature", "properties": { "id": 149, "area_m2": 110.68627088288113, "status": "candidate - needs field verification" }, "geometry": { "type": "Polygon", "coordinates": [ [ [ 523129.607079999987036, 9248114.207300001755357 ], [ 523126.8517, 9248112.950460001826286 ], [ 523126.8517, 9248103.040760001167655 ], [ 523129.9938, 9248103.765860000625253 ], [ 523127.625140000018291, 9248101.058820001780987 ], [ 523133.28092, 9248094.629600001499057 ], [ 523134.63444, 9248094.677940001711249 ], [ 523137.003099999972619, 9248097.336640002205968 ], [ 523133.715979999979027, 9248101.155500002205372 ], [ 523136.713059999980032, 9248103.62084000185132 ], [ 523133.52262, 9248106.086180001497269 ], [ 523133.52262, 9248108.019780000671744 ], [ 523129.607079999987036, 9248114.207300001755357 ] ] ] } },
{ "type": "Feature", "properties": { "id": 150, "area_m2": 11.075811612696056, "status": "candidate - needs field verification" }, "geometry": { "type": "Polygon", "coordinates": [ [ [ 523496.989012540958356, 9248113.521165629848838 ], [ 523495.345328012132086, 9248113.652226261794567 ], [ 523495.347519999952056, 9248112.322040000930429 ], [ 523495.47937316034222, 9248111.209733577445149 ], [ 523496.991079999948852, 9248110.678480001166463 ], [ 523498.312868662469555, 9248110.52734324708581 ], [ 523498.731319999962579, 9248111.306900002062321 ], [ 523498.805917832825799, 9248112.090291410684586 ], [ 523499.007983541465364, 9248112.074179524555802 ], [ 523499.046371322590858, 9248112.55561625212431 ], [ 523499.152955298428424, 9248112.547117684036493 ], [ 523499.24635263386881, 9248113.718451533466578 ], [ 523498.384780264983419, 9248114.580023903399706 ], [ 523496.989012540958356, 9248113.521165629848838 ] ] ] } },
{ "type": "Feature", "properties": { "id": 151, "area_m2": 20.619031226226149, "status": "candidate - needs field verification" }, "geometry": { "type": "Polygon", "coordinates": [ [ [ 523253.551182256720494, 9248115.347370810806751 ], [ 523252.182807546108961, 9248110.007386369630694 ], [ 523253.260799999989104, 9248109.56666000187397 ], [ 523255.56775045057293, 9248108.964969893917441 ], [ 523257.023547023709398, 9248114.646111901849508 ], [ 523255.53278, 9248115.125760002061725 ], [ 523253.551182256720494, 9248115.347370810806751 ] ] ] } },
{ "type": "Feature", "properties": { "id": 152, "area_m2": 26.114412208978205, "status": "candidate - needs field verification" }, "geometry": { "type": "Polygon", "coordinates": [ [ [ 523138.84002, 9248115.077420001849532 ], [ 523133.184239999973215, 9248113.482200002297759 ], [ 523133.764320000016596, 9248111.500260001048446 ], [ 523135.407880000013392, 9248109.228280002251267 ], [ 523136.036299999977928, 9248109.131600001826882 ], [ 523140.386899999983143, 9248112.177020002156496 ], [ 523140.386899999983143, 9248113.047140002250671 ], [ 523138.84002, 9248115.077420001849532 ] ] ] } },
{ "type": "Feature", "properties": { "id": 153, "area_m2": 38.65117417765093, "status": "candidate - needs field verification" }, "geometry": { "type": "Polygon", "coordinates": [ [ [ 523506.262380777741782, 9248115.150592342019081 ], [ 523505.402239999966696, 9248108.3098200019449 ], [ 523505.411305383546278, 9248106.70940181799233 ], [ 523506.124405962473247, 9248105.996301239356399 ], [ 523509.798553089902271, 9248105.769040741026402 ], [ 523509.994539999985136, 9248108.454840000718832 ], [ 523510.07971391180763, 9248114.514979956671596 ], [ 523508.641019999980927, 9248115.02908000163734 ], [ 523506.262380777741782, 9248115.150592342019081 ] ] ] } },
{ "type": "Feature", "properties": { "id": 154, "area_m2": 42.918031455037017, "status": "candidate - needs field verification" }, "geometry": { "type": "Polygon", "coordinates": [ [ [ 523520.481707245926373, 9248116.009903844445944 ], [ 523520.097599999979138, 9248114.449000000953674 ], [ 523519.247841438627802, 9248102.908901266753674 ], [ 523519.89593923476059, 9248102.08404952660203 ], [ 523522.288944037631154, 9248101.904695289209485 ], [ 523523.330120035621803, 9248115.796417057514191 ], [ 523520.481707245926373, 9248116.009903844445944 ] ] ] } },
{ "type": "Feature", "properties": { "id": 155, "area_m2": 11.94177418581871, "status": "candidate - needs field verification" }, "geometry": { "type": "Polygon", "coordinates": [ [ [ 523372.177199999976438, 9248116.624300001189113 ], [ 523371.09902122663334, 9248115.828145056962967 ], [ 523372.51520254695788, 9248112.627313693985343 ], [ 523374.412141122506, 9248113.466598453000188 ], [ 523374.240584578830749, 9248113.854347929358482 ], [ 523375.243936290091369, 9248114.298272581771016 ], [ 523375.420708318823017, 9248114.651816640049219 ], [ 523374.900256583990995, 9248115.828133691102266 ], [ 523374.622771070804447, 9248115.929037515074015 ], [ 523373.985148067702539, 9248117.370183274149895 ], [ 523372.177199999976438, 9248116.624300001189113 ] ] ] } },
{ "type": "Feature", "properties": { "id": 156, "area_m2": 12.577900651981468, "status": "candidate - needs field verification" }, "geometry": { "type": "Polygon", "coordinates": [ [ [ 523517.062656535999849, 9248119.448812501505017 ], [ 523517.086341612390243, 9248119.062154196202755 ], [ 523516.080543447867967, 9248119.000543192028999 ], [ 523516.152170808578376, 9248117.83122824691236 ], [ 523515.094582952500787, 9248117.766444820910692 ], [ 523515.272973103506956, 9248114.85422988422215 ], [ 523517.213386320858262, 9248114.973091512918472 ], [ 523517.11248559912201, 9248116.620293373242021 ], [ 523519.309889397292864, 9248116.754897173494101 ], [ 523519.179139999963809, 9248118.316200001165271 ], [ 523518.73267988266889, 9248119.551111171022058 ], [ 523517.062656535999849, 9248119.448812501505017 ] ] ] } },
{ "type": "Feature", "properties": { "id": 157, "area_m2": 61.488594837551908, "status": "candidate - needs field verification" }, "geometry": { "type": "Polygon", "coordinates": [ [ [ 523160.042588152457029, 9248117.099019143730402 ], [ 523160.64136, 9248114.73904000222683 ], [ 523161.570594288292341, 9248112.559211863204837 ], [ 523170.21268, 9248113.820580001920462 ], [ 523172.865710560232401, 9248114.537729330360889 ], [ 523171.59735515806824, 9248119.855155445635319 ], [ 523160.042588152457029, 9248117.099019143730402 ] ] ] } },
{ "type": "Feature", "properties": { "id": 158, "area_m2": 140.37185732579277, "status": "candidate - needs field verification" }, "geometry": { "type": "Polygon", "coordinates": [ [ [ 523365.87991820165189, 9248118.749446930363774 ], [ 523365.666718756721821, 9248118.189798386767507 ], [ 523362.554516398115084, 9248117.166647922247648 ], [ 523363.434674225281924, 9248114.48939822986722 ], [ 523362.725132783758454, 9248112.58097642287612 ], [ 523366.580255725304596, 9248100.854526471346617 ], [ 523376.520419812004548, 9248104.122399933636189 ], [ 523374.719505818444304, 9248109.600390683859587 ], [ 523371.788882185588591, 9248108.636935038492084 ], [ 523368.938419999962207, 9248115.415800001472235 ], [ 523369.16700019617565, 9248117.3320142775774 ], [ 523370.879268798569683, 9248117.894930249080062 ], [ 523370.138118429866154, 9248120.149349326267838 ], [ 523365.87991820165189, 9248118.749446930363774 ] ] ] } },
{ "type": "Feature", "properties": { "id": 159, "area_m2": 159.82014454337039, "status": "candidate - needs field verification" }, "geometry": { "type": "Polygon", "coordinates": [ [ [ 523323.363579043012578, 9248121.460071237757802 ], [ 523316.771065123903099, 9248111.480789877474308 ], [ 523331.847860388399567, 9248101.520755777135491 ], [ 523334.585887131397612, 9248105.665387032553554 ], [ 523327.345225630677305, 9248110.448713608086109 ], [ 523331.460664872545749, 9248116.678374495357275 ], [ 523325.33574, 9248120.829880001023412 ], [ 523323.363579043012578, 9248121.460071237757802 ] ] ] } },
{ "type": "Feature", "properties": { "id": 160, "area_m2": 272.86076204198997, "status": "candidate - needs field verification" }, "geometry": { "type": "Polygon", "coordinates": [ [ [ 523206.778830962837674, 9248118.371410708874464 ], [ 523214.065777044044808, 9248104.430194409564137 ], [ 523212.517328225483652, 9248103.620834393426776 ], [ 523214.522829151595943, 9248099.783956518396735 ], [ 523221.61494508117903, 9248103.490940563380718 ], [ 523223.426644372579176, 9248102.795753626152873 ], [ 523228.086629936064128, 9248105.231485402211547 ], [ 523218.120030718506314, 9248124.299351954832673 ], [ 523206.778830962837674, 9248118.371410708874464 ] ] ] } },
{ "type": "Feature", "properties": { "id": 161, "area_m2": 598.24214818568441, "status": "candidate - needs field verification" }, "geometry": { "type": "Polygon", "coordinates": [ [ [ 523275.06214, 9248125.373840002343059 ], [ 523270.083119999966584, 9248101.783920001238585 ], [ 523272.258419999969192, 9248091.294140001758933 ], [ 523286.953779999981634, 9248089.457220001146197 ], [ 523295.026559999969322, 9248111.500260001048446 ], [ 523285.793620000011288, 9248114.642360001802444 ], [ 523283.279939999978524, 9248109.27662000246346 ], [ 523276.222299999964889, 9248110.775160001590848 ], [ 523277.67249999998603, 9248116.430940002202988 ], [ 523293.528019999968819, 9248114.158960001543164 ], [ 523296.138379999960307, 9248116.672640001401305 ], [ 523294.494819999963511, 9248119.573040001094341 ], [ 523275.06214, 9248125.373840002343059 ] ] ] } },
{ "type": "Feature", "properties": { "id": 162, "area_m2": 6.5325348314337983, "status": "candidate - needs field verification" }, "geometry": { "type": "Polygon", "coordinates": [ [ [ 523232.689501314249355, 9248126.481251489371061 ], [ 523232.598290375259239, 9248124.194937068969011 ], [ 523235.450983948830981, 9248124.081130823120475 ], [ 523235.542194887879305, 9248126.36744524538517 ], [ 523232.689501314249355, 9248126.481251489371061 ] ] ] } },
{ "type": "Feature", "properties": { "id": 163, "area_m2": 246.60990786218122, "status": "candidate - needs field verification" }, "geometry": { "type": "Polygon", "coordinates": [ [ [ 523434.973276675620582, 9248128.010034304112196 ], [ 523435.333577779703774, 9248123.881951848044991 ], [ 523432.215479999955278, 9248124.552060002461076 ], [ 523424.941737633955199, 9248122.140339136123657 ], [ 523426.01735067658592, 9248109.816704040393233 ], [ 523437.999622259929311, 9248110.862522704526782 ], [ 523437.236595952592324, 9248119.604753794148564 ], [ 523440.156366405251902, 9248119.859592821449041 ], [ 523439.764130284835119, 9248124.353564748540521 ], [ 523443.933122391987126, 9248120.047884374856949 ], [ 523447.073720577114727, 9248120.321997357532382 ], [ 523447.53926, 9248123.826960001140833 ], [ 523446.171771585824899, 9248128.98744454793632 ], [ 523434.973276675620582, 9248128.010034304112196 ] ] ] } },
{ "type": "Feature", "properties": { "id": 164, "area_m2": 62.494191764284871, "status": "candidate - needs field verification" }, "geometry": { "type": "Polygon", "coordinates": [ [ [ 523127.8185, 9248128.46760000102222 ], [ 523126.8517, 9248128.274240002036095 ], [ 523126.8517, 9248116.140900000929832 ], [ 523131.540679999976419, 9248118.847940001636744 ], [ 523133.232580000010785, 9248121.264940001070499 ], [ 523134.392739999981131, 9248121.119920002296567 ], [ 523135.84294, 9248122.376760002225637 ], [ 523134.77946, 9248124.987120000645518 ], [ 523133.039219999976922, 9248125.615540001541376 ], [ 523132.362459999974817, 9248124.745420001447201 ], [ 523127.8185, 9248128.46760000102222 ] ] ] } },
{ "type": "Feature", "properties": { "id": 165, "area_m2": 33.01485149163485, "status": "candidate - needs field verification" }, "geometry": { "type": "Polygon", "coordinates": [ [ [ 523383.537099999957718, 9248129.337720001116395 ], [ 523375.996059999975841, 9248129.482740001752973 ], [ 523374.352499999979045, 9248128.515940001234412 ], [ 523377.542939999955706, 9248126.679020000621676 ], [ 523378.606419999967329, 9248128.032540000975132 ], [ 523380.249979999964125, 9248127.694160001352429 ], [ 523379.959939999971539, 9248126.050600001588464 ], [ 523381.651839999947697, 9248125.760560002177954 ], [ 523381.748519999964628, 9248124.745420001447201 ], [ 523379.23484, 9248123.391900001093745 ], [ 523377.832979999948293, 9248125.567200001329184 ], [ 523376.91452, 9248123.19854000210762 ], [ 523381.990219999977853, 9248122.763480002060533 ], [ 523383.537099999957718, 9248123.246880002319813 ], [ 523383.537099999957718, 9248129.337720001116395 ] ] ] } },
{ "type": "Feature", "properties": { "id": 166, "area_m2": 21.950313726773537, "status": "candidate - needs field verification" }, "geometry": { "type": "Polygon", "coordinates": [ [ [ 523521.982859999989159, 9248130.159500000998378 ], [ 523521.16108, 9248128.46760000102222 ], [ 523520.435979999951087, 9248119.524700000882149 ], [ 523520.871039999939967, 9248118.509560002014041 ], [ 523522.707959999970626, 9248118.122840002179146 ], [ 523522.804639999987558, 9248129.966140002012253 ], [ 523521.982859999989159, 9248130.159500000998378 ] ] ] } },
{ "type": "Feature", "properties": { "id": 167, "area_m2": 24.09533659716363, "status": "candidate - needs field verification" }, "geometry": { "type": "Polygon", "coordinates": [ [ [ 523326.18147833913099, 9248131.059674207121134 ], [ 523324.852339999983087, 9248129.544920450076461 ], [ 523324.852339999983087, 9248128.494455557316542 ], [ 523323.860864606162068, 9248128.436133475974202 ], [ 523322.725379999959841, 9248127.307440001517534 ], [ 523322.094578171905596, 9248126.013288067653775 ], [ 523323.16044, 9248125.180480001494288 ], [ 523325.253852535563055, 9248124.282623263075948 ], [ 523328.187799999956042, 9248127.162420000880957 ], [ 523329.223288790904917, 9248128.390602173283696 ], [ 523326.18147833913099, 9248131.059674207121134 ] ] ] } },
{ "type": "Feature", "properties": { "id": 168, "area_m2": 74.208347593523257, "status": "candidate - needs field verification" }, "geometry": { "type": "Polygon", "coordinates": [ [ [ 523466.826919999963138, 9248131.609700001776218 ], [ 523463.104739999980666, 9248122.956840001046658 ], [ 523466.00513999996474, 9248122.135060001164675 ], [ 523468.422139999980573, 9248123.440240001305938 ], [ 523470.549099999945611, 9248122.23174000158906 ], [ 523470.404079999949317, 9248118.557900002226233 ], [ 523473.062779999978375, 9248116.720980001613498 ], [ 523476.929979999957141, 9248123.585260001942515 ], [ 523469.727319999947213, 9248125.373840002343059 ], [ 523468.422139999980573, 9248123.633600002154708 ], [ 523467.600359999982174, 9248125.905580000951886 ], [ 523469.823999999964144, 9248127.404120001941919 ], [ 523470.355739999969956, 9248130.49788000062108 ], [ 523466.826919999963138, 9248131.609700001776218 ] ] ] } },
{ "type": "Feature", "properties": { "id": 169, "area_m2": 10.653268782109702, "status": "candidate - needs field verification" }, "geometry": { "type": "Polygon", "coordinates": [ [ [ 523339.209319999965373, 9248132.141440002247691 ], [ 523338.339199999987613, 9248131.271320002153516 ], [ 523338.242519999970682, 9248129.869460001587868 ], [ 523339.40268, 9248128.612620001658797 ], [ 523341.43296, 9248128.515940001234412 ], [ 523342.303079999983311, 9248129.821120001375675 ], [ 523342.351419999962673, 9248130.352860001847148 ], [ 523340.22446, 9248131.996420001611114 ], [ 523339.209319999965373, 9248132.141440002247691 ] ] ] } },
{ "type": "Feature", "properties": { "id": 170, "area_m2": 697.2493145601627, "status": "candidate - needs field verification" }, "geometry": { "type": "Polygon", "coordinates": [ [ [ 523247.943399999989197, 9248133.059900000691414 ], [ 523242.432640000013635, 9248114.932400001212955 ], [ 523247.266639999987092, 9248112.660420002415776 ], [ 523243.206079999974463, 9248109.615000002086163 ], [ 523247.073280000011437, 9248084.284840000793338 ], [ 523268.10118, 9248084.623220002278686 ], [ 523267.327739999978803, 9248094.581260001286864 ], [ 523250.553759999980684, 9248092.599320001900196 ], [ 523250.553759999980684, 9248101.977280002087355 ], [ 523262.687099999981001, 9248100.188700001686811 ], [ 523267.521100000012666, 9248110.726820001378655 ], [ 523250.553759999980684, 9248109.034920001402497 ], [ 523250.457079999963753, 9248121.554980002343655 ], [ 523256.982979999971576, 9248118.074500001966953 ], [ 523260.80183999997098, 9248123.730280000716448 ], [ 523250.167039999971166, 9248128.46760000102222 ], [ 523263.267179999966174, 9248125.083800001069903 ], [ 523266.26425999996718, 9248118.461220001801848 ], [ 523269.358019999985117, 9248127.935860002413392 ], [ 523247.943399999989197, 9248133.059900000691414 ] ] ] } },
{ "type": "Feature", "properties": { "id": 171, "area_m2": 5.38154814762414, "status": "candidate - needs field verification" }, "geometry": { "type": "Polygon", "coordinates": [ [ [ 523423.852659999975003, 9248134.510100001469254 ], [ 523423.852659999975003, 9248128.515940001234412 ], [ 523425.786259999964386, 9248128.515940001234412 ], [ 523425.592899999988731, 9248129.966140002012253 ], [ 523425.15784, 9248130.49788000062108 ], [ 523425.30286, 9248130.836260002106428 ], [ 523423.94934, 9248132.334800001233816 ], [ 523424.239379999984521, 9248133.059900000691414 ], [ 523423.94934, 9248133.253260001540184 ], [ 523423.852659999975003, 9248134.510100001469254 ] ] ] } },
{ "type": "Feature", "properties": { "id": 172, "area_m2": 55.80293162303802, "status": "candidate - needs field verification" }, "geometry": { "type": "Polygon", "coordinates": [ [ [ 523180.944160000013653, 9248134.945160001516342 ], [ 523178.47462993953377, 9248133.905847957357764 ], [ 523179.973534161574207, 9248128.417059753090143 ], [ 523180.138840211264323, 9248128.319820899516344 ], [ 523179.352064846840221, 9248126.746270172297955 ], [ 523179.664176461286843, 9248125.603358888998628 ], [ 523186.743686611356679, 9248127.536664977669716 ], [ 523184.485622835287359, 9248135.805394649505615 ], [ 523180.944160000013653, 9248134.945160001516342 ] ] ] } },
{ "type": "Feature", "properties": { "id": 173, "area_m2": 14.316875952005192, "status": "candidate - needs field verification" }, "geometry": { "type": "Polygon", "coordinates": [ [ [ 523129.365379999973811, 9248135.331880001351237 ], [ 523129.03601785277715, 9248134.187607290223241 ], [ 523133.827125678944867, 9248131.947366857901216 ], [ 523135.050372472207528, 9248134.563473239541054 ], [ 523132.31412, 9248135.525240002200007 ], [ 523130.326463795499876, 9248136.492316197603941 ], [ 523129.365379999973811, 9248135.331880001351237 ] ] ] } },
{ "type": "Feature", "properties": { "id": 174, "area_m2": 188.82198938808557, "status": "candidate - needs field verification" }, "geometry": { "type": "Polygon", "coordinates": [ [ [ 523313.299079999967944, 9248134.751800000667572 ], [ 523303.016350974154193, 9248122.941369859501719 ], [ 523310.355236185889225, 9248115.951610948890448 ], [ 523315.136, 9248119.428020002320409 ], [ 523317.819931517238729, 9248122.495468754321337 ], [ 523316.351215503294952, 9248123.894314838573337 ], [ 523321.352438351023011, 9248129.145340070128441 ], [ 523317.891379999986384, 9248132.238120000809431 ], [ 523317.459268433449324, 9248133.174497671425343 ], [ 523319.123751613893546, 9248134.92211889103055 ], [ 523316.426308547495864, 9248137.491238882765174 ], [ 523313.299079999967944, 9248134.751800000667572 ] ] ] } },
{ "type": "Feature", "properties": { "id": 175, "area_m2": 25.696132956517516, "status": "candidate - needs field verification" }, "geometry": { "type": "Polygon", "coordinates": [ [ [ 523294.736519999976736, 9248138.038920002058148 ], [ 523293.673039999965113, 9248136.15366000123322 ], [ 523293.528019999968819, 9248133.011560002341866 ], [ 523294.97821999998996, 9248131.948080001398921 ], [ 523297.20185999997193, 9248131.561360001564026 ], [ 523298.748740000010002, 9248133.156580001115799 ], [ 523299.425500000012107, 9248134.558440001681447 ], [ 523295.84833999996772, 9248137.942240001633763 ], [ 523294.736519999976736, 9248138.038920002058148 ] ] ] } },
{ "type": "Feature", "properties": { "id": 176, "area_m2": 69.725584779776341, "status": "candidate - needs field verification" }, "geometry": { "type": "Polygon", "coordinates": [ [ [ 523513.075453229714185, 9248137.959804313257337 ], [ 523512.583515354897827, 9248128.667990069836378 ], [ 523517.846913483226672, 9248128.389329217374325 ], [ 523517.930914549040608, 9248129.975957000628114 ], [ 523520.583363702811766, 9248129.835527997463942 ], [ 523520.732680302753579, 9248132.655847759917378 ], [ 523522.7085420183721, 9248132.551239425316453 ], [ 523522.894112411537208, 9248136.05632758885622 ], [ 523516.818701251700986, 9248136.377978965640068 ], [ 523515.322600248327944, 9248137.840833280235529 ], [ 523513.075453229714185, 9248137.959804313257337 ] ] ] } },
{ "type": "Feature", "properties": { "id": 177, "area_m2": 131.97011051771793, "status": "candidate - needs field verification" }, "geometry": { "type": "Polygon", "coordinates": [ [ [ 523270.817578120739199, 9248139.496588539332151 ], [ 523269.938099999970291, 9248137.265480002388358 ], [ 523269.609800919191912, 9248135.460219517350197 ], [ 523273.94042234076187, 9248134.391833759844303 ], [ 523273.274174389662221, 9248131.69124773144722 ], [ 523277.527479999989737, 9248130.594560001045465 ], [ 523279.70278, 9248131.222980001941323 ], [ 523289.592664154944941, 9248128.665758457034826 ], [ 523290.859550087305252, 9248129.510349079966545 ], [ 523291.937302991049364, 9248133.878939524292946 ], [ 523290.289240000012796, 9248134.655120002105832 ], [ 523275.20716, 9248138.812360001727939 ], [ 523270.817578120739199, 9248139.496588539332151 ] ] ] } },
{ "type": "Feature", "properties": { "id": 178, "area_m2": 70.890926322369012, "status": "candidate - needs field verification" }, "geometry": { "type": "Polygon", "coordinates": [ [ [ 523352.22596076654736, 9248140.185515535995364 ], [ 523349.502950102614705, 9248137.366960639134049 ], [ 523346.762887994467746, 9248137.174504658207297 ], [ 523346.972117819357663, 9248134.195627560839057 ], [ 523343.850992444553412, 9248133.976406525820494 ], [ 523344.04332, 9248129.579420002177358 ], [ 523344.43843730626395, 9248128.818412628024817 ], [ 523348.83914177416591, 9248129.127508504316211 ], [ 523348.549615657771938, 9248133.249591566622257 ], [ 523355.917137867771089, 9248133.76707024499774 ], [ 523355.450412926962599, 9248140.411994017660618 ], [ 523352.22596076654736, 9248140.185515535995364 ] ] ] } },
{ "type": "Feature", "properties": { "id": 179, "area_m2": 37.520704810540352, "status": "candidate - needs field verification" }, "geometry": { "type": "Polygon", "coordinates": [ [ [ 523338.145839999953751, 9248141.277700001373887 ], [ 523335.908290734572802, 9248141.11574948579073 ], [ 523335.097301921690814, 9248140.304760674014688 ], [ 523334.882554752810393, 9248137.395454339683056 ], [ 523335.437114700092934, 9248136.84089439176023 ], [ 523343.498388665844686, 9248136.245860537514091 ], [ 523343.77118588576559, 9248139.941605091094971 ], [ 523341.626319999981206, 9248140.842640001326799 ], [ 523338.145839999953751, 9248141.277700001373887 ] ] ] } },
{ "type": "Feature", "properties": { "id": 180, "area_m2": 135.86973221626835, "status": "candidate - needs field verification" }, "geometry": { "type": "Polygon", "coordinates": [ [ [ 523187.121140752162319, 9248139.996059034019709 ], [ 523188.500812794081867, 9248134.788583144545555 ], [ 523189.778930520697031, 9248133.86714943498373 ], [ 523192.193343976221513, 9248124.754114255309105 ], [ 523200.96152292721672, 9248127.077161278575659 ], [ 523197.750469501654152, 9248139.197058457881212 ], [ 523193.448966787487734, 9248138.057415537536144 ], [ 523192.553990335669369, 9248141.435441728681326 ], [ 523187.121140752162319, 9248139.996059034019709 ] ] ] } },
{ "type": "Feature", "properties": { "id": 181, "area_m2": 143.88016198567695, "status": "candidate - needs field verification" }, "geometry": { "type": "Polygon", "coordinates": [ [ [ 523169.057672172901221, 9248143.238087916746736 ], [ 523161.689355145615991, 9248128.553453993052244 ], [ 523165.282, 9248126.727360000833869 ], [ 523167.635140512662474, 9248126.207040145993233 ], [ 523168.579735544335563, 9248128.089563956484199 ], [ 523172.017726890335325, 9248126.364481104537845 ], [ 523172.908375310653355, 9248128.139492407441139 ], [ 523172.539180918596685, 9248128.324743283912539 ], [ 523174.514940000022762, 9248130.739580001682043 ], [ 523176.690104225010145, 9248135.557194739580154 ], [ 523173.018830512999557, 9248137.399331815540791 ], [ 523174.467993620783091, 9248140.287430910393596 ], [ 523172.581339999975171, 9248141.664420001208782 ], [ 523169.057672172901221, 9248143.238087916746736 ] ] ] } },
{ "type": "Feature", "properties": { "id": 182, "area_m2": 123.87869160412775, "status": "candidate - needs field verification" }, "geometry": { "type": "Polygon", "coordinates": [ [ [ 523217.495098834566306, 9248143.600358860567212 ], [ 523208.528133761079516, 9248137.828892387449741 ], [ 523207.827476701058913, 9248135.610145030543208 ], [ 523211.508615554310381, 9248129.890863167122006 ], [ 523213.380300000018906, 9248130.304520001634955 ], [ 523224.456403868272901, 9248137.985063714906573 ], [ 523221.355749639100395, 9248142.802462950348854 ], [ 523218.989086594781838, 9248141.279192112386227 ], [ 523217.495098834566306, 9248143.600358860567212 ] ] ] } },
{ "type": "Feature", "properties": { "id": 183, "area_m2": 14.217023867093337, "status": "candidate - needs field verification" }, "geometry": { "type": "Polygon", "coordinates": [ [ [ 523228.33483428490581, 9248144.069602593779564 ], [ 523227.35056, 9248143.259640000760555 ], [ 523226.120959598803893, 9248141.831731596961617 ], [ 523229.271305263973773, 9248138.990516174584627 ], [ 523231.542093830707017, 9248141.508371336385608 ], [ 523229.719219999969937, 9248143.211300002411008 ], [ 523228.33483428490581, 9248144.069602593779564 ] ] ] } },
{ "type": "Feature", "properties": { "id": 184, "area_m2": 5.2948137846737495, "status": "candidate - needs field verification" }, "geometry": { "type": "Polygon", "coordinates": [ [ [ 523184.235227783210576, 9248144.287111438810825 ], [ 523183.731689870590344, 9248143.92352681234479 ], [ 523183.944377574487589, 9248143.628970017656684 ], [ 523183.396312501339708, 9248143.233234105631709 ], [ 523183.334154675365426, 9248142.611655846238136 ], [ 523184.401148577744607, 9248141.133947923779488 ], [ 523185.931125183065888, 9248142.238682955503464 ], [ 523186.047256103134714, 9248142.7032066360116 ], [ 523184.96562787896255, 9248144.201182015240192 ], [ 523184.235227783210576, 9248144.287111438810825 ] ] ] } },
{ "type": "Feature", "properties": { "id": 185, "area_m2": 442.93552910308688, "status": "candidate - needs field verification" }, "geometry": { "type": "Polygon", "coordinates": [ [ [ 523368.45502, 9248144.564820000901818 ], [ 523364.829519999970216, 9248143.501340001821518 ], [ 523365.506279999972321, 9248137.990580001845956 ], [ 523356.99844, 9248136.056980000808835 ], [ 523359.31876, 9248124.117000002413988 ], [ 523354.484759999962989, 9248119.814740002155304 ], [ 523355.35488, 9248114.352320002391934 ], [ 523351.294319999986328, 9248118.606240002438426 ], [ 523342.593119999975897, 9248114.255640001967549 ], [ 523343.173199999961071, 9248108.648200001567602 ], [ 523346.653679999988526, 9248105.409420002251863 ], [ 523361.63908, 9248112.128680001944304 ], [ 523359.31876, 9248119.428020002320409 ], [ 523373.434039999963716, 9248124.552060002461076 ], [ 523372.515579999948386, 9248139.779160002246499 ], [ 523368.45502, 9248144.564820000901818 ] ] ] } },
{ "type": "Feature", "properties": { "id": 186, "area_m2": 258.96824028044227, "status": "candidate - needs field verification" }, "geometry": { "type": "Polygon", "coordinates": [ [ [ 523146.001492344541475, 9248147.93854377605021 ], [ 523142.998133619897999, 9248139.948606887832284 ], [ 523150.631431151181459, 9248137.079306283965707 ], [ 523151.94016, 9248138.957380002364516 ], [ 523148.50939327897504, 9248130.664791708812118 ], [ 523151.002861015091185, 9248129.727515459060669 ], [ 523149.731474408414215, 9248126.345202628523111 ], [ 523152.17407240573084, 9248125.427047941833735 ], [ 523151.691501690074801, 9248124.143248729407787 ], [ 523157.217977255058941, 9248122.065887063741684 ], [ 523163.641474080155604, 9248139.154533123597503 ], [ 523153.711554801848251, 9248142.887117011472583 ], [ 523154.420747863943689, 9248144.77380732446909 ], [ 523146.001492344541475, 9248147.93854377605021 ] ] ] } },
{ "type": "Feature", "properties": { "id": 187, "area_m2": 42.358708298474959, "status": "candidate - needs field verification" }, "geometry": { "type": "Polygon", "coordinates": [ [ [ 523331.542509573104326, 9248151.410806771367788 ], [ 523328.981125973165035, 9248149.433796534314752 ], [ 523328.740525137691293, 9248148.230792356655002 ], [ 523333.505199999955948, 9248142.244500001892447 ], [ 523334.509171248646453, 9248141.444302739575505 ], [ 523337.475551362906117, 9248143.733910534530878 ], [ 523337.08236, 9248144.758180001750588 ], [ 523332.68341999995755, 9248150.607320001348853 ], [ 523331.542509573104326, 9248151.410806771367788 ] ] ] } },
{ "type": "Feature", "properties": { "id": 188, "area_m2": 4.5777042184116121, "status": "candidate - needs field verification" }, "geometry": { "type": "Polygon", "coordinates": [ [ [ 523177.70538, 9248153.749420002102852 ], [ 523177.753719999978784, 9248153.362700002267957 ], [ 523178.140439999988303, 9248153.266020001843572 ], [ 523183.119460000016261, 9248153.362700002267957 ], [ 523182.73274, 9248153.894440000876784 ], [ 523182.05598, 9248153.894440000876784 ], [ 523181.37922, 9248154.522860001772642 ], [ 523180.79914000001736, 9248154.281160000711679 ], [ 523180.0257, 9248154.66788000240922 ], [ 523179.34894, 9248154.136140001937747 ], [ 523178.865539999969769, 9248154.232820002362132 ], [ 523177.70538, 9248153.749420002102852 ] ] ] } },
{ "type": "Feature", "properties": { "id": 189, "area_m2": 8.8539669688323173, "status": "candidate - needs field verification" }, "geometry": { "type": "Polygon", "coordinates": [ [ [ 523151.698459999985062, 9248157.084880001842976 ], [ 523151.60177999996813, 9248153.072660000994802 ], [ 523150.199919999984559, 9248153.121000001206994 ], [ 523150.199919999984559, 9248151.719140000641346 ], [ 523151.311739999975543, 9248150.655660001561046 ], [ 523152.61692, 9248152.299220001325011 ], [ 523153.14866, 9248154.377840001136065 ], [ 523153.14866, 9248155.344640001654625 ], [ 523152.375219999987166, 9248156.069740001112223 ], [ 523152.278539999970235, 9248156.746500002220273 ], [ 523151.698459999985062, 9248157.084880001842976 ] ] ] } },
{ "type": "Feature", "properties": { "id": 190, "area_m2": 826.39279634520608, "status": "candidate - needs field verification" }, "geometry": { "type": "Polygon", "coordinates": [ [ [ 523491.48031999997329, 9248153.362700002267957 ], [ 523498.102899999939837, 9248149.78554000146687 ], [ 523481.522279999975581, 9248147.706920001655817 ], [ 523484.66437999997288, 9248143.743040001019835 ], [ 523470.790799999958836, 9248146.981820002198219 ], [ 523466.92359999998007, 9248133.398280002176762 ], [ 523473.062779999978375, 9248125.953920001164079 ], [ 523485.43782, 9248132.769860001280904 ], [ 523479.105279999959748, 9248127.984200000762939 ], [ 523489.498379999946337, 9248125.277160001918674 ], [ 523487.033039999951143, 9248115.125760002061725 ], [ 523491.29494594829157, 9248118.599336525425315 ], [ 523493.848979999951553, 9248131.851400000974536 ], [ 523487.90315999998711, 9248138.522320002317429 ], [ 523504.580459999968298, 9248136.782080002129078 ], [ 523504.822159999981523, 9248126.002260001376271 ], [ 523496.50767999998061, 9248122.280080001801252 ], [ 523508.882719999935944, 9248120.926560001447797 ], [ 523508.834379999956582, 9248143.54968000203371 ], [ 523505.595599999942351, 9248139.972520001232624 ], [ 523498.054559999960475, 9248147.271860001608729 ], [ 523507.287499999976717, 9248148.480360001325607 ], [ 523507.094139999942854, 9248157.809980001300573 ], [ 523494.864119999983814, 9248157.664960000663996 ], [ 523491.48031999997329, 9248153.362700002267957 ] ] ] } },
{ "type": "Feature", "properties": { "id": 191, "area_m2": 33.178613197895913, "status": "candidate - needs field verification" }, "geometry": { "type": "Polygon", "coordinates": [ [ [ 523192.30406, 9248158.341720001772046 ], [ 523190.066018982906826, 9248157.478146057575941 ], [ 523190.169577238906641, 9248155.470723934471607 ], [ 523189.677977532031946, 9248155.445363445207477 ], [ 523189.791641422605608, 9248153.242048932239413 ], [ 523192.230752427363768, 9248153.367877017706633 ], [ 523192.286968278407585, 9248152.27816242352128 ], [ 523194.270209607551806, 9248152.380473246797919 ], [ 523195.059588344884105, 9248153.282620375975966 ], [ 523196.270621633389965, 9248153.345094777643681 ], [ 523196.606320000020787, 9248155.102940002456307 ], [ 523195.687053261382971, 9248158.371059283614159 ], [ 523192.30406, 9248158.341720001772046 ] ] ] } },
{ "type": "Feature", "properties": { "id": 192, "area_m2": 305.25432448010127, "status": "candidate - needs field verification" }, "geometry": { "type": "Polygon", "coordinates": [ [ [ 523460.853335604129825, 9248159.19957784935832 ], [ 523459.711662034445908, 9248154.595658712089062 ], [ 523463.66355905943783, 9248153.615672694519162 ], [ 523462.385376590769738, 9248148.46126701682806 ], [ 523452.68796137656318, 9248150.866018773987889 ], [ 523449.349564372445457, 9248137.403580589219928 ], [ 523463.62863331893459, 9248133.862676607444882 ], [ 523466.926364783314057, 9248147.161126710474491 ], [ 523469.601803714234848, 9248146.497675025835633 ], [ 523472.289339999959338, 9248153.266020001843572 ], [ 523472.866304025985301, 9248156.22061837464571 ], [ 523460.853335604129825, 9248159.19957784935832 ] ] ] } },
{ "type": "Feature", "properties": { "id": 193, "area_m2": 256.98937061879735, "status": "candidate - needs field verification" }, "geometry": { "type": "Polygon", "coordinates": [ [ [ 523308.6101, 9248158.776780001819134 ], [ 523307.6433, 9248155.828040001913905 ], [ 523301.262419999984559, 9248158.003340002149343 ], [ 523300.53732, 9248153.217680001631379 ], [ 523295.84833999996772, 9248153.121000001206994 ], [ 523295.89668, 9248149.543840002268553 ], [ 523305.613019999989774, 9248143.936400001868606 ], [ 523300.440639999986161, 9248141.664420001208782 ], [ 523303.38938, 9248134.751800000667572 ], [ 523300.102259999956004, 9248134.558440001681447 ], [ 523300.102259999956004, 9248130.352860001847148 ], [ 523294.01142, 9248125.857240000739694 ], [ 523296.960159999958705, 9248123.19854000210762 ], [ 523309.48021999996854, 9248138.183940000832081 ], [ 523305.99974, 9248142.147820001468062 ], [ 523309.431879999989178, 9248142.969600001350045 ], [ 523312.912359999958426, 9248150.897360000759363 ], [ 523309.770259999961127, 9248153.459380000829697 ], [ 523312.573979999986477, 9248155.683020001277328 ], [ 523308.6101, 9248158.776780001819134 ] ] ] } },
{ "type": "Feature", "properties": { "id": 194, "area_m2": 221.63542678514966, "status": "candidate - needs field verification" }, "geometry": { "type": "Polygon", "coordinates": [ [ [ 523429.12172, 9248159.308520002290606 ], [ 523423.852659999975003, 9248154.329500000923872 ], [ 523422.934199999959674, 9248142.77624000236392 ], [ 523423.852659999975003, 9248145.918340001255274 ], [ 523430.571919999958482, 9248146.691780000925064 ], [ 523427.961559999966994, 9248143.453000001609325 ], [ 523431.006979999947362, 9248143.35632000118494 ], [ 523435.889319999958389, 9248133.494960000738502 ], [ 523438.64469999994617, 9248132.866540001705289 ], [ 523443.043639999988955, 9248134.89682000130415 ], [ 523435.744299999962095, 9248150.849020002409816 ], [ 523431.780419999966398, 9248150.704000001773238 ], [ 523433.133939999970607, 9248155.102940002456307 ], [ 523429.12172, 9248159.308520002290606 ] ] ] } },
{ "type": "Feature", "properties": { "id": 195, "area_m2": 59.381455302120209, "status": "candidate - needs field verification" }, "geometry": { "type": "Polygon", "coordinates": [ [ [ 523214.077860804914963, 9248160.282883256673813 ], [ 523214.038846479903441, 9248158.892941616475582 ], [ 523211.676503445196431, 9248156.36952973715961 ], [ 523211.593289293348789, 9248153.404905470088124 ], [ 523221.580069232091773, 9248153.124586161226034 ], [ 523221.88814, 9248155.683020001277328 ], [ 523221.286918121157214, 9248158.035630628466606 ], [ 523221.873768705758266, 9248158.583357840776443 ], [ 523219.134763995592948, 9248158.66023906879127 ], [ 523219.176293150812853, 9248160.139775164425373 ], [ 523214.077860804914963, 9248160.282883256673813 ] ] ] } },
{ "type": "Feature", "properties": { "id": 196, "area_m2": 73.458802826378246, "status": "candidate - needs field verification" }, "geometry": { "type": "Polygon", "coordinates": [ [ [ 523479.986134092498105, 9248161.087477913126349 ], [ 523479.105279999959748, 9248158.100020000711083 ], [ 523478.219433514692355, 9248152.498926047235727 ], [ 523480.07207999995444, 9248152.057520002126694 ], [ 523482.689696949499194, 9248151.980039177462459 ], [ 523482.6800788269029, 9248151.99228042550385 ], [ 523485.94501966930693, 9248151.393915697932243 ], [ 523486.61882684705779, 9248155.070503693073988 ], [ 523488.419711159425788, 9248156.421166926622391 ], [ 523488.973053863097448, 9248159.440447825938463 ], [ 523479.986134092498105, 9248161.087477913126349 ] ] ] } },
{ "type": "Feature", "properties": { "id": 197, "area_m2": 51.082204948591951, "status": "candidate - needs field verification" }, "geometry": { "type": "Polygon", "coordinates": [ [ [ 523317.379424194921739, 9248161.976472645998001 ], [ 523313.957410397357307, 9248160.137491563335061 ], [ 523313.566448743629735, 9248158.89944632537663 ], [ 523318.182916283491068, 9248150.309028638526797 ], [ 523321.6619, 9248152.057520002126694 ], [ 523322.34907308378024, 9248152.728847844526172 ], [ 523317.379424194921739, 9248161.976472645998001 ] ] ] } },
{ "type": "Feature", "properties": { "id": 198, "area_m2": 34.206798995361872, "status": "candidate - needs field verification" }, "geometry": { "type": "Polygon", "coordinates": [ [ [ 523464.264899999951012, 9248163.610780000686646 ], [ 523462.089599999948405, 9248163.997500002384186 ], [ 523460.148615462414455, 9248163.788069242611527 ], [ 523460.032231952820439, 9248161.294785985723138 ], [ 523461.17114, 9248161.048760000616312 ], [ 523471.718731215922162, 9248160.429785411804914 ], [ 523471.854279999970458, 9248162.16058000177145 ], [ 523471.444921348302159, 9248163.684812687337399 ], [ 523464.264899999951012, 9248163.610780000686646 ] ] ] } },
{ "type": "Feature", "properties": { "id": 199, "area_m2": 118.46684489928037, "status": "candidate - needs field verification" }, "geometry": { "type": "Polygon", "coordinates": [ [ [ 523509.783178888435941, 9248163.173359140753746 ], [ 523510.903771179553587, 9248158.258862437680364 ], [ 523512.822242953174282, 9248158.696307981386781 ], [ 523512.846599999989849, 9248156.408120000734925 ], [ 523513.640689574123826, 9248152.951079560443759 ], [ 523516.375419999938458, 9248153.266020001843572 ], [ 523523.362373806769028, 9248155.388139104470611 ], [ 523522.804639999987558, 9248160.178640002384782 ], [ 523520.84776671405416, 9248165.696281135082245 ], [ 523509.783178888435941, 9248163.173359140753746 ] ] ] } },
{ "type": "Feature", "properties": { "id": 200, "area_m2": 198.50314272668166, "status": "candidate - needs field verification" }, "geometry": { "type": "Polygon", "coordinates": [ [ [ 523246.797089490457438, 9248164.802931752055883 ], [ 523242.644554216996767, 9248154.074816627427936 ], [ 523245.629261955153197, 9248152.919524759054184 ], [ 523241.336774732335471, 9248141.829842420294881 ], [ 523247.011037577991374, 9248139.633503515273333 ], [ 523248.362448007625062, 9248143.124885456636548 ], [ 523253.208328647830058, 9248141.249188741669059 ], [ 523256.38680807815399, 9248149.460821153596044 ], [ 523254.082579999987502, 9248151.332420000806451 ], [ 523246.27898826461751, 9248153.598189819604158 ], [ 523248.127375787298661, 9248158.373516898602247 ], [ 523253.551247817755211, 9248160.141297411173582 ], [ 523254.909828542848118, 9248163.651203881949186 ], [ 523248.86123060551472, 9248165.992436800152063 ], [ 523246.797089490457438, 9248164.802931752055883 ] ] ] } },
{ "type": "Feature", "properties": { "id": 201, "area_m2": 95.096605910242658, "status": "candidate - needs field verification" }, "geometry": { "type": "Polygon", "coordinates": [ [ [ 523453.53342, 9248165.351020000874996 ], [ 523452.518279999960214, 9248164.964300001040101 ], [ 523452.083219999971334, 9248167.187940001487732 ], [ 523450.971399999980349, 9248167.671340001747012 ], [ 523448.602739999943879, 9248166.511180002242327 ], [ 523448.167679999954998, 9248164.819280002266169 ], [ 523443.382019999960903, 9248165.060980001464486 ], [ 523442.22186, 9248163.755800001323223 ], [ 523437.242839999962598, 9248162.305600002408028 ], [ 523435.599279999965802, 9248160.033620001748204 ], [ 523437.967939999944065, 9248155.683020001277328 ], [ 523452.904999999969732, 9248162.789000000804663 ], [ 523453.53342, 9248165.351020000874996 ] ] ] } },
{ "type": "Feature", "properties": { "id": 202, "area_m2": 148.17203581810222, "status": "candidate - needs field verification" }, "geometry": { "type": "Polygon", "coordinates": [ [ [ 523234.334120484592859, 9248169.654635429382324 ], [ 523225.460988441831432, 9248154.191183296963573 ], [ 523234.96738846244989, 9248148.736286040395498 ], [ 523238.861962761962786, 9248155.523468172177672 ], [ 523234.766617316403426, 9248157.873431205749512 ], [ 523239.745175059651956, 9248166.549701206386089 ], [ 523234.334120484592859, 9248169.654635429382324 ] ] ] } },
{ "type": "Feature", "properties": { "id": 203, "area_m2": 12.613338483608917, "status": "candidate - needs field verification" }, "geometry": { "type": "Polygon", "coordinates": [ [ [ 523251.635515232977923, 9248170.285179013386369 ], [ 523251.135937779850792, 9248168.386920055374503 ], [ 523251.800994689110667, 9248167.35910483263433 ], [ 523254.952699999965262, 9248166.607860000804067 ], [ 523255.585942553414498, 9248166.664148421958089 ], [ 523256.221293337002862, 9248169.078309245407581 ], [ 523251.635515232977923, 9248170.285179013386369 ] ] ] } },
{ "type": "Feature", "properties": { "id": 204, "area_m2": 333.76385348883292, "status": "candidate - needs field verification" }, "geometry": { "type": "Polygon", "coordinates": [ [ [ 523293.149453699763399, 9248171.671418322250247 ], [ 523287.024881719204132, 9248167.47026564180851 ], [ 523286.004545840492938, 9248162.564415894448757 ], [ 523267.6242413642467, 9248166.387216242030263 ], [ 523266.100061233679298, 9248159.05884637311101 ], [ 523287.043485309346579, 9248154.702959401533008 ], [ 523288.826520129165146, 9248163.275921601802111 ], [ 523306.069908582197968, 9248159.689581045880914 ], [ 523307.92287713708356, 9248168.598789775744081 ], [ 523293.149453699763399, 9248171.671418322250247 ] ] ] } },
{ "type": "Feature", "properties": { "id": 205, "area_m2": 10.745663513115513, "status": "candidate - needs field verification" }, "geometry": { "type": "Polygon", "coordinates": [ [ [ 523408.963939999986906, 9248172.408660002052784 ], [ 523407.159750807855744, 9248171.801225651055574 ], [ 523408.449869699252304, 9248168.717990351840854 ], [ 523410.365799999970477, 9248169.508260002359748 ], [ 523411.553617361932993, 9248170.231515074148774 ], [ 523410.551329153648112, 9248172.626868249848485 ], [ 523408.963939999986906, 9248172.408660002052784 ] ] ] } },
{ "type": "Feature", "properties": { "id": 206, "area_m2": 130.59022536832578, "status": "candidate - needs field verification" }, "geometry": { "type": "Polygon", "coordinates": [ [ [ 523168.854024663742166, 9248173.975975768640637 ], [ 523162.495292010426056, 9248161.389414224773645 ], [ 523171.054741529456805, 9248157.065179130062461 ], [ 523174.901659999974072, 9248164.384220002219081 ], [ 523175.756467903440353, 9248167.317990716546774 ], [ 523174.797719106136356, 9248170.973220504820347 ], [ 523168.854024663742166, 9248173.975975768640637 ] ] ] } },
{ "type": "Feature", "properties": { "id": 207, "area_m2": 76.464485117089779, "status": "candidate - needs field verification" }, "geometry": { "type": "Polygon", "coordinates": [ [ [ 523422.740839999984019, 9248173.955540001392365 ], [ 523420.95226, 9248172.360320001840591 ], [ 523418.776959999988321, 9248172.988740000873804 ], [ 523417.906839999952354, 9248171.296840000897646 ], [ 523420.13048, 9248169.556600000709295 ], [ 523418.873639999947045, 9248167.187940001487732 ], [ 523421.387319999979809, 9248166.221140000969172 ], [ 523420.033799999975599, 9248164.045840000733733 ], [ 523421.484, 9248161.87054000236094 ], [ 523421.580679999955464, 9248159.308520002290606 ], [ 523423.6593, 9248158.486740002408624 ], [ 523428.493299999972805, 9248164.045840000733733 ], [ 523425.689579999947455, 9248167.477980000898242 ], [ 523423.80432, 9248168.058060001581907 ], [ 523423.80432, 9248173.76218000240624 ], [ 523422.740839999984019, 9248173.955540001392365 ] ] ] } },
{ "type": "Feature", "properties": { "id": 208, "area_m2": 123.18105978456033, "status": "candidate - needs field verification" }, "geometry": { "type": "Polygon", "coordinates": [ [ [ 523479.187999866844621, 9248174.849872514605522 ], [ 523477.545417257992085, 9248169.374856671318412 ], [ 523481.059327936440241, 9248163.211111709475517 ], [ 523488.277561456954572, 9248161.045539010316133 ], [ 523489.739643857872579, 9248165.918916011229157 ], [ 523491.974970334907994, 9248165.248286280781031 ], [ 523493.037099443026818, 9248168.788548830896616 ], [ 523490.368499999982305, 9248170.281700002029538 ], [ 523486.452959999965969, 9248171.296840000897646 ], [ 523483.069159999955446, 9248173.810520000755787 ], [ 523479.187999866844621, 9248174.849872514605522 ] ] ] } },
{ "type": "Feature", "properties": { "id": 209, "area_m2": 158.44377772365891, "status": "candidate - needs field verification" }, "geometry": { "type": "Polygon", "coordinates": [ [ [ 523223.295264882501215, 9248176.476572861894965 ], [ 523215.046135374694131, 9248163.259846897795796 ], [ 523221.058003372396342, 9248159.507580425590277 ], [ 523220.699349392321892, 9248161.121523335576057 ], [ 523222.85494, 9248160.275320000946522 ], [ 523225.175804035796318, 9248157.99153664521873 ], [ 523227.82518582168268, 9248162.236366722732782 ], [ 523227.26502075715689, 9248163.916861915960908 ], [ 523231.793536844372284, 9248171.172434289008379 ], [ 523223.295264882501215, 9248176.476572861894965 ] ] ] } },
{ "type": "Feature", "properties": { "id": 210, "area_m2": 87.643102243860028, "status": "candidate - needs field verification" }, "geometry": { "type": "Polygon", "coordinates": [ [ [ 523430.32758902059868, 9248170.486029060557485 ], [ 523433.913373229675926, 9248164.020556090399623 ], [ 523435.40592, 9248164.384220002219081 ], [ 523443.974252859596163, 9248169.187739377841353 ], [ 523440.213453371427022, 9248175.968779735267162 ], [ 523430.32758902059868, 9248170.486029060557485 ] ] ] } },
{ "type": "Feature", "properties": { "id": 211, "area_m2": 49.867786023951588, "status": "candidate - needs field verification" }, "geometry": { "type": "Polygon", "coordinates": [ [ [ 523162.005643408978358, 9248177.428032286465168 ], [ 523157.354240000015125, 9248168.68648000061512 ], [ 523157.017544460773934, 9248166.260334335267544 ], [ 523160.012298535497393, 9248164.701097624376416 ], [ 523165.65057558537228, 9248175.530276438221335 ], [ 523162.005643408978358, 9248177.428032286465168 ] ] ] } },
{ "type": "Feature", "properties": { "id": 212, "area_m2": 67.068445892393655, "status": "candidate - needs field verification" }, "geometry": { "type": "Polygon", "coordinates": [ [ [ 523467.666837300523184, 9248178.190724877640605 ], [ 523467.305366460466757, 9248175.695688705891371 ], [ 523471.46755999996094, 9248174.34226000122726 ], [ 523467.603826471662614, 9248174.652099087834358 ], [ 523466.952929695486091, 9248170.159313447773457 ], [ 523475.517543968162499, 9248168.91850645840168 ], [ 523476.623287940281443, 9248176.550854355096817 ], [ 523473.286538036831189, 9248177.03426930680871 ], [ 523472.676059999968857, 9248175.454080002382398 ], [ 523472.569751078088302, 9248177.480410380288959 ], [ 523467.666837300523184, 9248178.190724877640605 ] ] ] } },
{ "type": "Feature", "properties": { "id": 213, "area_m2": 73.08319977349764, "status": "candidate - needs field verification" }, "geometry": { "type": "Polygon", "coordinates": [ [ [ 523287.292160000011791, 9248174.245580000802875 ], [ 523288.790700000012293, 9248173.085420001298189 ], [ 523290.530939999967813, 9248174.63230000063777 ], [ 523291.83612, 9248172.650360001251101 ], [ 523293.769719999982044, 9248173.665500001981854 ], [ 523300.68234, 9248172.021940002217889 ], [ 523302.03586, 9248172.988740000873804 ], [ 523302.277559999958612, 9248171.828580001369119 ], [ 523304.839579999970738, 9248171.296840000897646 ], [ 523305.903059999982361, 9248174.970680002123117 ], [ 523303.5344, 9248175.744120001792908 ], [ 523302.22921999997925, 9248174.63230000063777 ], [ 523301.552459999977145, 9248176.710920002311468 ], [ 523296.815139999962412, 9248176.904280001297593 ], [ 523293.237979999976233, 9248178.837880002334714 ], [ 523289.08074, 9248177.145980002358556 ], [ 523287.292160000011791, 9248174.245580000802875 ] ] ] } },
{ "type": "Feature", "properties": { "id": 214, "area_m2": 7.832804769575139, "status": "candidate - needs field verification" }, "geometry": { "type": "Polygon", "coordinates": [ [ [ 523271.823359999980312, 9248178.257800001651049 ], [ 523273.611939999973401, 9248178.016100002452731 ], [ 523274.38538, 9248177.484360001981258 ], [ 523274.48206, 9248176.710920002311468 ], [ 523275.352179999987129, 9248175.985820000991225 ], [ 523275.352179999987129, 9248173.810520000755787 ], [ 523275.932259999972302, 9248174.148900002241135 ], [ 523275.787239999976009, 9248174.970680002123117 ], [ 523276.899059999966994, 9248177.436020001769066 ], [ 523276.80238, 9248177.967760002240539 ], [ 523275.30384, 9248178.016100002452731 ], [ 523275.30384, 9248179.514640001580119 ], [ 523274.820439999981318, 9248178.644520001485944 ], [ 523273.466919999977108, 9248178.934560000896454 ], [ 523271.823359999980312, 9248178.257800001651049 ] ] ] } },
{ "type": "Feature", "properties": { "id": 215, "area_m2": 19.725722395065887, "status": "candidate - needs field verification" }, "geometry": { "type": "Polygon", "coordinates": [ [ [ 523126.948380000016186, 9248180.046380002051592 ], [ 523126.8517, 9248178.016100002452731 ], [ 523130.090480000013486, 9248178.016100002452731 ], [ 523131.34732, 9248176.130840001627803 ], [ 523131.63736, 9248174.003880001604557 ], [ 523133.087560000014491, 9248172.795380001887679 ], [ 523133.95768, 9248172.747040001675487 ], [ 523134.586100000014994, 9248175.164040001109242 ], [ 523132.02408, 9248176.565900001674891 ], [ 523132.749179999984335, 9248178.596180001273751 ], [ 523128.688619999971706, 9248180.094720002263784 ], [ 523126.948380000016186, 9248180.046380002051592 ] ] ] } },
{ "type": "Feature", "properties": { "id": 216, "area_m2": 62.543706554396749, "status": "candidate - needs field verification" }, "geometry": { "type": "Polygon", "coordinates": [ [ [ 523179.44451481977012, 9248181.029166858643293 ], [ 523177.947080000012647, 9248179.031240001320839 ], [ 523177.047103144403081, 9248176.988202160224319 ], [ 523179.783999999985099, 9248175.067360000684857 ], [ 523185.813045051996596, 9248171.629182368516922 ], [ 523188.764918841945473, 9248176.184203255921602 ], [ 523188.643454911129083, 9248176.751034932211041 ], [ 523181.553692857734859, 9248181.345543565228581 ], [ 523179.44451481977012, 9248181.029166858643293 ] ] ] } },
{ "type": "Feature", "properties": { "id": 217, "area_m2": 120.90223428015425, "status": "candidate - needs field verification" }, "geometry": { "type": "Polygon", "coordinates": [ [ [ 523507.573685147566721, 9248178.85476503521204 ], [ 523510.439035153947771, 9248167.063250133767724 ], [ 523514.01927865028847, 9248167.933252912014723 ], [ 523513.416626476915553, 9248170.413292720913887 ], [ 523518.753192468720954, 9248171.71008363738656 ], [ 523518.059656582598109, 9248174.564128942787647 ], [ 523520.70505840505939, 9248175.206964252516627 ], [ 523520.034644359431695, 9248177.965858345851302 ], [ 523521.432708015607204, 9248178.305589223280549 ], [ 523520.533960114291403, 9248182.004124915227294 ], [ 523507.573685147566721, 9248178.85476503521204 ] ] ] } },
{ "type": "Feature", "properties": { "id": 218, "area_m2": 33.854915131939748, "status": "candidate - needs field verification" }, "geometry": { "type": "Polygon", "coordinates": [ [ [ 523212.268479999969713, 9248181.689940001815557 ], [ 523211.833419999980833, 9248180.288080001249909 ], [ 523212.46184, 9248179.321280000731349 ], [ 523215.168880000011995, 9248178.016100002452731 ], [ 523218.020940000016708, 9248177.967760002240539 ], [ 523217.58587999996962, 9248174.148900002241135 ], [ 523220.051219999964815, 9248174.293920001015067 ], [ 523221.791459999978542, 9248178.064440000802279 ], [ 523221.501419999985956, 9248178.741200001910329 ], [ 523213.57366, 9248181.979980001226068 ], [ 523212.268479999969713, 9248181.689940001815557 ] ] ] } },
{ "type": "Feature", "properties": { "id": 219, "area_m2": 352.42074316335453, "status": "candidate - needs field verification" }, "geometry": { "type": "Polygon", "coordinates": [ [ [ 523195.509261759987567, 9248178.228353437036276 ], [ 523199.975932783621829, 9248174.159920679405332 ], [ 523202.310439999972004, 9248176.27586000226438 ], [ 523199.570709639869165, 9248170.935200026258826 ], [ 523192.815193296759389, 9248177.088409842923284 ], [ 523187.578167603816837, 9248171.338758245110512 ], [ 523197.724752627545968, 9248162.096819745376706 ], [ 523202.421433312236331, 9248167.253234699368477 ], [ 523206.69951870793011, 9248163.356573702767491 ], [ 523216.757941172283608, 9248174.399564167484641 ], [ 523208.700000297336373, 9248181.739077297970653 ], [ 523203.518939999979921, 9248178.016100002452731 ], [ 523208.681564931233879, 9248183.637395104393363 ], [ 523204.17491439456353, 9248187.742242893204093 ], [ 523195.509261759987567, 9248178.228353437036276 ] ] ] } },
{ "type": "Feature", "properties": { "id": 220, "area_m2": 158.57970916952436, "status": "candidate - needs field verification" }, "geometry": { "type": "Polygon", "coordinates": [ [ [ 523265.598730592930224, 9248194.898078190162778 ], [ 523257.940420757804532, 9248181.865170219913125 ], [ 523260.566312484268565, 9248180.322161361575127 ], [ 523262.727550961251836, 9248180.715113813057542 ], [ 523267.808714053011499, 9248177.72935488820076 ], [ 523270.631224974233191, 9248182.532702608034015 ], [ 523264.940254788321909, 9248185.876792280003428 ], [ 523266.200867332168855, 9248188.022102098912001 ], [ 523272.64513999997871, 9248184.300300002098083 ], [ 523276.876771147595719, 9248183.447896910831332 ], [ 523278.983448830025736, 9248187.033039970323443 ], [ 523265.598730592930224, 9248194.898078190162778 ] ] ] } },
{ "type": "Feature", "properties": { "id": 221, "area_m2": 106.1263302280303, "status": "candidate - needs field verification" }, "geometry": { "type": "Polygon", "coordinates": [ [ [ 523507.795887929038145, 9248193.160421889275312 ], [ 523509.194880356895737, 9248183.526325311511755 ], [ 523513.136639999982435, 9248184.687020001932979 ], [ 523520.424234010570217, 9248185.612132184207439 ], [ 523519.089972040615976, 9248194.80046546086669 ], [ 523507.795887929038145, 9248193.160421889275312 ] ] ] } },
{ "type": "Feature", "properties": { "id": 222, "area_m2": 65.714240989226028, "status": "candidate - needs field verification" }, "geometry": { "type": "Polygon", "coordinates": [ [ [ 523149.233119999989867, 9248192.373080002143979 ], [ 523150.44162, 9248189.472680002450943 ], [ 523154.453839999972843, 9248187.442400000989437 ], [ 523160.10962, 9248187.97414000146091 ], [ 523161.559820000024047, 9248192.179720001295209 ], [ 523160.496340000012424, 9248193.291540002450347 ], [ 523154.550519999989774, 9248194.838420001789927 ], [ 523151.60177999996813, 9248194.355020001530647 ], [ 523151.553439999988768, 9248193.62992000207305 ], [ 523149.233119999989867, 9248192.373080002143979 ] ] ] } },
{ "type": "Feature", "properties": { "id": 223, "area_m2": 62.096290103178859, "status": "candidate - needs field verification" }, "geometry": { "type": "Polygon", "coordinates": [ [ [ 523213.746738648449536, 9248194.955649832263589 ], [ 523212.026780000014696, 9248194.11332000233233 ], [ 523208.22463254572358, 9248190.338919680565596 ], [ 523210.093179999967106, 9248186.572280000895262 ], [ 523211.07091986539308, 9248185.838982686400414 ], [ 523214.524286168569233, 9248189.112088691443205 ], [ 523215.809408946777694, 9248187.756190137937665 ], [ 523220.156412126787473, 9248191.876286579295993 ], [ 523219.13276, 9248193.581580001860857 ], [ 523216.879127024265472, 9248194.870990686118603 ], [ 523213.746738648449536, 9248194.955649832263589 ] ] ] } },
{ "type": "Feature", "properties": { "id": 224, "area_m2": 5.2294709203193062, "status": "candidate - needs field verification" }, "geometry": { "type": "Polygon", "coordinates": [ [ [ 523521.339162914722692, 9248195.371414374560118 ], [ 523520.849488092819229, 9248194.636902140453458 ], [ 523521.057999670272693, 9248193.13201380521059 ], [ 523522.000522720743902, 9248192.294215539470315 ], [ 523523.024874721129891, 9248192.436145838350058 ], [ 523522.594083397591021, 9248195.545291360467672 ], [ 523521.339162914722692, 9248195.371414374560118 ] ] ] } },
{ "type": "Feature", "properties": { "id": 225, "area_m2": 24.496208958071826, "status": "candidate - needs field verification" }, "geometry": { "type": "Polygon", "coordinates": [ [ [ 523283.56997999997111, 9248195.3701600022614 ], [ 523282.2648, 9248195.805220002308488 ], [ 523279.41274, 9248194.935100002214313 ], [ 523277.62416, 9248191.551300002261996 ], [ 523277.430799999972805, 9248189.666040001437068 ], [ 523279.26772, 9248188.602560002356768 ], [ 523280.282859999977518, 9248188.892600001767278 ], [ 523280.669579999987036, 9248189.714380001649261 ], [ 523280.33119999995688, 9248191.309600001201034 ], [ 523280.814599999983329, 9248191.841340001672506 ], [ 523282.506499999959487, 9248192.131380001083016 ], [ 523283.76334, 9248194.500040002167225 ], [ 523283.56997999997111, 9248195.3701600022614 ] ] ] } },
{ "type": "Feature", "properties": { "id": 226, "area_m2": 87.513718566833532, "status": "candidate - needs field verification" }, "geometry": { "type": "Polygon", "coordinates": [ [ [ 523491.064940203446895, 9248195.525547446683049 ], [ 523491.323540118057281, 9248191.730413032695651 ], [ 523495.688746589701623, 9248192.027857575565577 ], [ 523495.923331440368202, 9248188.585161002352834 ], [ 523505.75698188750539, 9248189.255224531516433 ], [ 523505.740619999938644, 9248192.131380001083016 ], [ 523504.679141636239365, 9248196.45321718044579 ], [ 523491.064940203446895, 9248195.525547446683049 ] ] ] } },
{ "type": "Feature", "properties": { "id": 227, "area_m2": 103.92945275965081, "status": "candidate - needs field verification" }, "geometry": { "type": "Polygon", "coordinates": [ [ [ 523222.658332285878714, 9248196.697701266035438 ], [ 523219.015905280946754, 9248184.847624259069562 ], [ 523223.04829999996582, 9248182.99512000195682 ], [ 523226.86034649197245, 9248181.808645064011216 ], [ 523228.26902, 9248186.185560001060367 ], [ 523228.02732, 9248187.780780002474785 ], [ 523230.675573113723658, 9248193.888869244605303 ], [ 523225.706046765728388, 9248195.416381426155567 ], [ 523225.802804140024818, 9248195.731166686862707 ], [ 523222.658332285878714, 9248196.697701266035438 ] ] ] } },
{ "type": "Feature", "properties": { "id": 228, "area_m2": 124.17545903019155, "status": "candidate - needs field verification" }, "geometry": { "type": "Polygon", "coordinates": [ [ [ 523126.672387228405569, 9248198.021569458767772 ], [ 523127.032430772320367, 9248184.738677006214857 ], [ 523137.650592651974875, 9248185.026490872725844 ], [ 523137.350747210497502, 9248196.088527172803879 ], [ 523129.716028924391139, 9248195.881581958383322 ], [ 523129.655830821953714, 9248198.102438110858202 ], [ 523126.672387228405569, 9248198.021569458767772 ] ] ] } },
{ "type": "Feature", "properties": { "id": 229, "area_m2": 17.072623865670202, "status": "candidate - needs field verification" }, "geometry": { "type": "Polygon", "coordinates": [ [ [ 523141.152203016157728, 9248200.151266692206264 ], [ 523141.010471227928065, 9248198.980434503406286 ], [ 523141.910229020519182, 9248198.871516861021519 ], [ 523141.933780000021216, 9248198.608940001577139 ], [ 523141.618150685040746, 9248197.913374500349164 ], [ 523141.125467725505587, 9248197.97301484644413 ], [ 523140.762766483414453, 9248194.976776000112295 ], [ 523144.177132650162093, 9248194.563459534198046 ], [ 523144.331260659440886, 9248195.836695672944188 ], [ 523145.0940397377708, 9248195.744359603151679 ], [ 523145.13836154260207, 9248196.110497619956732 ], [ 523144.345527439145371, 9248196.206471916288137 ], [ 523144.650197792041581, 9248198.723323365673423 ], [ 523143.606320509046782, 9248199.854190422222018 ], [ 523141.152203016157728, 9248200.151266692206264 ] ] ] } },
{ "type": "Feature", "properties": { "id": 230, "area_m2": 141.4913019501227, "status": "candidate - needs field verification" }, "geometry": { "type": "Polygon", "coordinates": [ [ [ 523256.93464, 9248202.621160002425313 ], [ 523254.42095999995945, 9248194.016640001907945 ], [ 523251.732318540103734, 9248189.613209180533886 ], [ 523257.854967415914871, 9248186.384706094861031 ], [ 523259.210878279176541, 9248186.68601961992681 ], [ 523266.796786892751697, 9248201.0722083915025 ], [ 523264.040619999985211, 9248202.717840000987053 ], [ 523261.865319999982603, 9248202.717840000987053 ], [ 523258.513328799104784, 9248204.785172935575247 ], [ 523256.93464, 9248202.621160002425313 ] ] ] } },
{ "type": "Feature", "properties": { "id": 231, "area_m2": 278.20711147044165, "status": "candidate - needs field verification" }, "geometry": { "type": "Polygon", "coordinates": [ [ [ 523476.253219999955036, 9248205.328200001269579 ], [ 523469.678979999967851, 9248203.878000002354383 ], [ 523468.470479999959935, 9248199.334040001034737 ], [ 523457.013899999961723, 9248202.717840000987053 ], [ 523454.21018, 9248178.741200001910329 ], [ 523457.884019999939483, 9248178.016100002452731 ], [ 523459.140859999984968, 9248183.140140000730753 ], [ 523464.361579999967944, 9248184.396980000659823 ], [ 523466.8752599999425, 9248193.049840001389384 ], [ 523472.192659999942407, 9248193.484900001436472 ], [ 523474.899699999950826, 9248197.980520000681281 ], [ 523474.126259999989998, 9248202.234440000727773 ], [ 523477.026659999974072, 9248202.766180001199245 ], [ 523476.253219999955036, 9248205.328200001269579 ] ] ] } },
{ "type": "Feature", "properties": { "id": 232, "area_m2": 170.81149256057301, "status": "candidate - needs field verification" }, "geometry": { "type": "Polygon", "coordinates": [ [ [ 523175.82472368888557, 9248209.230032695457339 ], [ 523174.927441314968746, 9248206.329748412594199 ], [ 523175.846689857426099, 9248204.329030996188521 ], [ 523174.283359224908054, 9248199.275880062952638 ], [ 523190.115514776844066, 9248194.377769146114588 ], [ 523193.060735313571058, 9248203.897600453346968 ], [ 523175.82472368888557, 9248209.230032695457339 ] ] ] } },
{ "type": "Feature", "properties": { "id": 233, "area_m2": 5.5963274026518333, "status": "candidate - needs field verification" }, "geometry": { "type": "Polygon", "coordinates": [ [ [ 523252.68072, 9248209.727140001952648 ], [ 523252.030348031024914, 9248209.61575467698276 ], [ 523251.810599999967963, 9248208.712000001221895 ], [ 523251.760752313304693, 9248207.737196883186698 ], [ 523252.234613895183429, 9248207.144869904965162 ], [ 523254.067485405714251, 9248207.05276046320796 ], [ 523254.169940266292542, 9248209.091493859887123 ], [ 523253.467873956018593, 9248209.705801881849766 ], [ 523252.68072, 9248209.727140001952648 ] ] ] } },
{ "type": "Feature", "properties": { "id": 234, "area_m2": 54.625025316995817, "status": "candidate - needs field verification" }, "geometry": { "type": "Polygon", "coordinates": [ [ [ 523132.506090042355936, 9248209.589736439287663 ], [ 523131.250086443615146, 9248207.97487466968596 ], [ 523131.298980000021402, 9248202.621160002425313 ], [ 523131.875288609880954, 9248200.856012841686606 ], [ 523133.986626607715152, 9248200.9539775531739 ], [ 523134.163599772669841, 9248197.139847319573164 ], [ 523136.334160343685653, 9248197.240559918805957 ], [ 523136.925066563475411, 9248197.866225328296423 ], [ 523136.419394275697414, 9248208.764487568289042 ], [ 523135.413520984526258, 9248209.724639344960451 ], [ 523132.506090042355936, 9248209.589736439287663 ] ] ] } },
{ "type": "Feature", "properties": { "id": 235, "area_m2": 67.553653302623715, "status": "candidate - needs field verification" }, "geometry": { "type": "Polygon", "coordinates": [ [ [ 523228.002065878594294, 9248212.137256573885679 ], [ 523225.85202, 9248209.533780001103878 ], [ 523225.85202, 9248205.956620002165437 ], [ 523224.309091294591781, 9248204.578241057693958 ], [ 523227.157200000016019, 9248202.186100002378225 ], [ 523230.550780825782567, 9248200.021120881661773 ], [ 523232.079951441264711, 9248202.482523277401924 ], [ 523231.773904454836156, 9248203.400664236396551 ], [ 523234.639708679053001, 9248208.013555247336626 ], [ 523228.002065878594294, 9248212.137256573885679 ] ] ] } },
{ "type": "Feature", "properties": { "id": 236, "area_m2": 65.819933438985188, "status": "candidate - needs field verification" }, "geometry": { "type": "Polygon", "coordinates": [ [ [ 523243.813875944761094, 9248212.137149756774306 ], [ 523240.731121962831821, 9248203.429838228970766 ], [ 523245.917195637885015, 9248201.593750335276127 ], [ 523247.459999999962747, 9248204.651440002024174 ], [ 523250.553759999980684, 9248206.633380001410842 ], [ 523251.145796203403734, 9248209.852480258792639 ], [ 523246.251500000013039, 9248211.757420001551509 ], [ 523243.813875944761094, 9248212.137149756774306 ] ] ] } },
{ "type": "Feature", "properties": { "id": 237, "area_m2": 18.609474581618844, "status": "candidate - needs field verification" }, "geometry": { "type": "Polygon", "coordinates": [ [ [ 523500.084839999966789, 9248211.902440002188087 ], [ 523499.100179810309783, 9248211.648828947916627 ], [ 523499.102022140170448, 9248208.975387621670961 ], [ 523499.988159999949858, 9248208.712000001221895 ], [ 523504.290419999975711, 9248208.712000001221895 ], [ 523505.106962484191172, 9248208.908330652862787 ], [ 523505.104961511504371, 9248211.811981730163097 ], [ 523500.084839999966789, 9248211.902440002188087 ] ] ] } },
{ "type": "Feature", "properties": { "id": 238, "area_m2": 666.26860884664177, "status": "candidate - needs field verification" }, "geometry": { "type": "Polygon", "coordinates": [ [ [ 523423.852659999975003, 9248212.289160002022982 ], [ 523420.565539999981411, 9248201.89606000110507 ], [ 523425.737919999985024, 9248198.947320001199841 ], [ 523417.036719999974594, 9248195.708540001884103 ], [ 523425.4962199999718, 9248194.016640001907945 ], [ 523415.199799999943934, 9248189.23098000138998 ], [ 523411.622639999957755, 9248173.423800000920892 ], [ 523419.066999999980908, 9248177.726060001179576 ], [ 523423.94934, 9248174.922340001910925 ], [ 523422.934199999959674, 9248181.689940001815557 ], [ 523430.958639999968, 9248187.297380002215505 ], [ 523426.753059999959078, 9248177.919420002028346 ], [ 523429.79848, 9248173.520480001345277 ], [ 523438.451339999970514, 9248181.399900002405047 ], [ 523451.309779999952298, 9248180.143060000613332 ], [ 523454.113499999977648, 9248194.451700001955032 ], [ 523444.687199999985751, 9248191.164580002427101 ], [ 523427.864879999950062, 9248195.756880002096295 ], [ 523431.877099999983329, 9248209.678800001740456 ], [ 523423.852659999975003, 9248212.289160002022982 ] ] ] } },
{ "type": "Feature", "properties": { "id": 239, "area_m2": 333.18980236250371, "status": "candidate - needs field verification" }, "geometry": { "type": "Polygon", "coordinates": [ [ [ 523497.957879999943543, 9248212.289160002022982 ], [ 523491.286959999939427, 9248212.579200001433492 ], [ 523491.383639999956358, 9248203.491280000656843 ], [ 523480.748839999956544, 9248204.264720002189279 ], [ 523480.652159999939613, 9248199.140680002048612 ], [ 523476.204879999975674, 9248198.898980000987649 ], [ 523475.334759999939706, 9248191.551300002261996 ], [ 523467.938739999954123, 9248190.584500001743436 ], [ 523469.823999999964144, 9248187.20070000179112 ], [ 523467.213639999972656, 9248182.51172000169754 ], [ 523475.383099999977276, 9248181.496580000966787 ], [ 523476.881639999977779, 9248186.233900001272559 ], [ 523483.165839999972377, 9248187.6841000020504 ], [ 523488.386559999955352, 9248202.766180001199245 ], [ 523494.187359999981709, 9248202.57282000221312 ], [ 523494.477399999974295, 9248196.772020000964403 ], [ 523504.62879999994766, 9248197.448780002072453 ], [ 523504.000379999983124, 9248202.234440000727773 ], [ 523492.978859999973793, 9248203.829660002142191 ], [ 523497.957879999943543, 9248205.231520000845194 ], [ 523497.957879999943543, 9248212.289160002022982 ] ] ] } },
{ "type": "Feature", "properties": { "id": 240, "area_m2": 254.41593717436692, "status": "candidate - needs field verification" }, "geometry": { "type": "Polygon", "coordinates": [ [ [ 523506.562690657039639, 9248212.840791014954448 ], [ 523507.081897537806071, 9248195.098183395341039 ], [ 523514.891721312538721, 9248195.326724449172616 ], [ 523514.828539999958593, 9248199.430720001459122 ], [ 523515.865697399014607, 9248196.235029701143503 ], [ 523522.944434291333891, 9248196.442176755517721 ], [ 523522.630586483923253, 9248207.167147293686867 ], [ 523519.430125918937847, 9248207.073491321876645 ], [ 523519.565859999973327, 9248211.612400000914931 ], [ 523519.013267658068798, 9248213.205135725438595 ], [ 523506.562690657039639, 9248212.840791014954448 ] ] ] } },
{ "type": "Feature", "properties": { "id": 241, "area_m2": 307.14074098123803, "status": "candidate - needs field verification" }, "geometry": { "type": "Polygon", "coordinates": [ [ [ 523439.452503966342192, 9248219.271597797051072 ], [ 523436.61240711674327, 9248209.391412211582065 ], [ 523440.937811776995659, 9248208.148058224469423 ], [ 523439.281338254862931, 9248202.385485084727407 ], [ 523436.566079999960493, 9248202.621160002425313 ], [ 523438.663270889723208, 9248201.864210844039917 ], [ 523436.804148035938852, 9248195.396657167002559 ], [ 523443.177241312980186, 9248193.564687313511968 ], [ 523444.986295846349094, 9248199.858062319457531 ], [ 523448.212546026450582, 9248194.955838019028306 ], [ 523449.03372169053182, 9248197.812560304999352 ], [ 523452.791136114217807, 9248196.732477266341448 ], [ 523457.861811046197545, 9248214.372442388907075 ], [ 523451.930972918693442, 9248216.077284321188927 ], [ 523451.938199999975041, 9248210.693940002471209 ], [ 523445.267279999970924, 9248203.201240001246333 ], [ 523447.429143969202414, 9248212.509223679080606 ], [ 523442.31853999994928, 9248214.077740002423525 ], [ 523446.67185168620199, 9248213.305464027449489 ], [ 523447.704943045158871, 9248216.899402860552073 ], [ 523439.452503966342192, 9248219.271597797051072 ] ] ] } },
{ "type": "Feature", "properties": { "id": 242, "area_m2": 125.3998498722039, "status": "candidate - needs field verification" }, "geometry": { "type": "Polygon", "coordinates": [ [ [ 523427.132530833769124, 9248221.243233369663358 ], [ 523424.819459999969695, 9248215.04454000107944 ], [ 523425.53068333567353, 9248217.933884361758828 ], [ 523418.803074847906828, 9248220.138003433123231 ], [ 523417.239753706904594, 9248215.366295443847775 ], [ 523412.736422228103038, 9248216.84169027581811 ], [ 523411.748482963826973, 9248213.826214084401727 ], [ 523412.976159999961965, 9248212.965920001268387 ], [ 523421.961473329749424, 9248210.272224659100175 ], [ 523423.44219624181278, 9248214.791818978264928 ], [ 523433.660615831322502, 9248211.44403000921011 ], [ 523434.487459999974817, 9248213.352640001103282 ], [ 523434.656174455303699, 9248215.231484482064843 ], [ 523429.983349344402086, 9248216.762409321963787 ], [ 523431.23177799890982, 9248220.572974422946572 ], [ 523429.073379999957979, 9248221.232060002163053 ], [ 523427.132530833769124, 9248221.243233369663358 ] ] ] } },
{ "type": "Feature", "properties": { "id": 243, "area_m2": 653.9620854635582, "status": "candidate - needs field verification" }, "geometry": { "type": "Polygon", "coordinates": [ [ [ 523265.732519999961369, 9248221.812140000984073 ], [ 523257.949779999966267, 9248206.295000001788139 ], [ 523265.39413999998942, 9248206.633380001410842 ], [ 523275.787239999976009, 9248200.445860002189875 ], [ 523280.282859999977518, 9248203.394600002095103 ], [ 523279.26772, 9248198.898980000987649 ], [ 523285.986979999986943, 9248194.741740001365542 ], [ 523281.491359999985434, 9248185.992200002074242 ], [ 523285.890299999970011, 9248184.203620001673698 ], [ 523288.01726, 9248186.813980001956224 ], [ 523289.032399999967311, 9248183.430180002003908 ], [ 523293.818059999961406, 9248191.019560001790524 ], [ 523289.7575, 9248193.871620001271367 ], [ 523292.51288, 9248198.753960002213717 ], [ 523295.36494, 9248193.049840001389384 ], [ 523298.748740000010002, 9248197.400440001860261 ], [ 523297.20185999997193, 9248210.935640001669526 ], [ 523275.352179999987129, 9248215.769640002399683 ], [ 523265.732519999961369, 9248221.812140000984073 ] ] ] } },
{ "type": "Feature", "properties": { "id": 244, "area_m2": 174.70169054097045, "status": "candidate - needs field verification" }, "geometry": { "type": "Polygon", "coordinates": [ [ [ 523304.06614, 9248222.102180002257228 ], [ 523299.618859999987762, 9248212.530860001221299 ], [ 523303.776099999959115, 9248210.162200001999736 ], [ 523309.190179999975953, 9248217.316520001739264 ], [ 523305.85472, 9248206.875080002471805 ], [ 523314.70094, 9248202.862860001623631 ], [ 523316.29615999996895, 9248208.083580002188683 ], [ 523310.011959999974351, 9248211.322360001504421 ], [ 523317.02126, 9248212.772560002282262 ], [ 523318.181419999978971, 9248216.301380001008511 ], [ 523304.06614, 9248222.102180002257228 ] ] ] } },
{ "type": "Feature", "properties": { "id": 245, "area_m2": 25.157854408457034, "status": "candidate - needs field verification" }, "geometry": { "type": "Polygon", "coordinates": [ [ [ 523292.52369493804872, 9248222.994733622297645 ], [ 523291.351116880192421, 9248219.328815685585141 ], [ 523297.39220032794401, 9248217.396518776193261 ], [ 523298.580663023691159, 9248221.112098038196564 ], [ 523297.491899999964517, 9248221.522100001573563 ], [ 523294.39814, 9248222.585580000653863 ], [ 523292.52369493804872, 9248222.994733622297645 ] ] ] } },
{ "type": "Feature", "properties": { "id": 246, "area_m2": 9.2734145985658341, "status": "candidate - needs field verification" }, "geometry": { "type": "Polygon", "coordinates": [ [ [ 523485.389479999954347, 9248224.857560001313686 ], [ 523485.09943999996176, 9248224.374160001054406 ], [ 523485.196119999978691, 9248223.552380001172423 ], [ 523485.921219999960158, 9248223.117320001125336 ], [ 523486.791339999937918, 9248221.908820001408458 ], [ 523487.90315999998711, 9248221.328740000724792 ], [ 523488.338219999975991, 9248221.47376000136137 ], [ 523488.4349, 9248224.857560001313686 ], [ 523487.951499999966472, 9248225.244280001148582 ], [ 523486.307939999969676, 9248225.195940000936389 ], [ 523485.389479999954347, 9248224.857560001313686 ] ] ] } },
{ "type": "Feature", "properties": { "id": 247, "area_m2": 254.33307824199463, "status": "candidate - needs field verification" }, "geometry": { "type": "Polygon", "coordinates": [ [ [ 523200.309134501265362, 9248226.511545160785317 ], [ 523194.124451866897289, 9248215.425376085564494 ], [ 523197.356974490685388, 9248213.622036591172218 ], [ 523194.795413152431138, 9248209.030385933816433 ], [ 523203.338798009033781, 9248204.264255847781897 ], [ 523206.828243129886687, 9248210.519157009199262 ], [ 523215.377115175419021, 9248205.749965764582157 ], [ 523218.598585643921979, 9248211.524516925215721 ], [ 523203.148667328758165, 9248220.143620681017637 ], [ 523205.18399571190821, 9248223.791988093405962 ], [ 523200.309134501265362, 9248226.511545160785317 ] ] ] } },
{ "type": "Feature", "properties": { "id": 248, "area_m2": 21.695607368968645, "status": "candidate - needs field verification" }, "geometry": { "type": "Polygon", "coordinates": [ [ [ 523216.038999999989755, 9248230.223300000652671 ], [ 523215.555599999963306, 9248227.61294000223279 ], [ 523216.329039999982342, 9248227.516260001808405 ], [ 523218.31098, 9248225.727680001407862 ], [ 523219.56782, 9248226.066060001030564 ], [ 523221.21138, 9248225.679340001195669 ], [ 523222.516560000018217, 9248227.032860001549125 ], [ 523222.17817999998806, 9248227.9029800016433 ], [ 523218.407659999968018, 9248230.368320001289248 ], [ 523216.619079999974929, 9248230.561680002138019 ], [ 523216.038999999989755, 9248230.223300000652671 ] ] ] } },
{ "type": "Feature", "properties": { "id": 249, "area_m2": 9.6460473664545123, "status": "candidate - needs field verification" }, "geometry": { "type": "Polygon", "coordinates": [ [ [ 523467.455568043864332, 9248231.109501328319311 ], [ 523467.381732966226991, 9248230.178696967661381 ], [ 523466.024453324789647, 9248228.821417326107621 ], [ 523465.933249142952263, 9248227.671648778021336 ], [ 523469.850511235941667, 9248227.360916078090668 ], [ 523470.041353531298228, 9248229.766775816679001 ], [ 523468.953879999986384, 9248229.836580000817776 ], [ 523468.018521089339629, 9248230.176363432779908 ], [ 523468.088558314484544, 9248231.059290040284395 ], [ 523467.455568043864332, 9248231.109501328319311 ] ] ] } },
{ "type": "Feature", "properties": { "id": 250, "area_m2": 60.420578694179554, "status": "candidate - needs field verification" }, "geometry": { "type": "Polygon", "coordinates": [ [ [ 523515.47841744608013, 9248230.992175968363881 ], [ 523516.254507225996349, 9248219.808770343661308 ], [ 523519.469179999956395, 9248219.685180000960827 ], [ 523521.545007912092842, 9248219.968665681779385 ], [ 523520.754604824993294, 9248231.35832517594099 ], [ 523515.47841744608013, 9248230.992175968363881 ] ] ] } },
{ "type": "Feature", "properties": { "id": 251, "area_m2": 87.770131257659642, "status": "candidate - needs field verification" }, "geometry": { "type": "Polygon", "coordinates": [ [ [ 523425.794388130831067, 9248232.857337290421128 ], [ 523425.544559999951161, 9248232.060220001265407 ], [ 523424.964479999965988, 9248226.984520001336932 ], [ 523425.342816271586344, 9248225.125354867428541 ], [ 523431.917545548698399, 9248224.650446156039834 ], [ 523433.18513916444499, 9248225.91803977265954 ], [ 523436.302225755120162, 9248225.692885015159845 ], [ 523437.503947001358029, 9248226.811728933826089 ], [ 523437.798073600511998, 9248230.88367522507906 ], [ 523436.605310813582037, 9248232.076438011601567 ], [ 523425.794388130831067, 9248232.857337290421128 ] ] ] } },
{ "type": "Feature", "properties": { "id": 252, "area_m2": 607.13700838159264, "status": "candidate - needs field verification" }, "geometry": { "type": "Polygon", "coordinates": [ [ [ 523488.821619999944232, 9248209.050380000844598 ], [ 523488.048179999983404, 9248220.023560002446175 ], [ 523477.316699999966659, 9248217.896600002422929 ], [ 523479.975399999937508, 9248229.353180002421141 ], [ 523472.869419999944512, 9248233.268720000982285 ], [ 523468.80886, 9248221.47376000136137 ], [ 523464.554939999943599, 9248221.908820001408458 ], [ 523463.588139999948908, 9248228.38638000190258 ], [ 523443.23699999996461, 9248229.594880001619458 ], [ 523442.028499999956694, 9248220.120240001007915 ], [ 523452.276579999946989, 9248218.766720000654459 ], [ 523453.775119999947492, 9248224.954240001738071 ], [ 523453.485079999954905, 9248219.395140001550317 ], [ 523463.249759999976959, 9248218.041620001196861 ], [ 523459.18919999996433, 9248205.569900002330542 ], [ 523473.207799999974668, 9248207.213460002094507 ], [ 523473.25613999995403, 9248215.672960001975298 ], [ 523468.373799999943003, 9248218.234980002045631 ], [ 523476.349899999971967, 9248217.606560001149774 ], [ 523475.04471999994712, 9248208.566980002447963 ], [ 523488.821619999944232, 9248209.050380000844598 ] ] ] } },
{ "type": "Feature", "properties": { "id": 253, "area_m2": 232.08313914901555, "status": "candidate - needs field verification" }, "geometry": { "type": "Polygon", "coordinates": [ [ [ 523273.262911037483718, 9248236.681187365204096 ], [ 523267.743637294741347, 9248222.287528330460191 ], [ 523286.551027533831075, 9248215.075801633298397 ], [ 523290.429097476357128, 9248225.189381619915366 ], [ 523274.454132540908176, 9248231.315009878948331 ], [ 523276.095336341066286, 9248235.595088925212622 ], [ 523273.262911037483718, 9248236.681187365204096 ] ] ] } },
{ "type": "Feature", "properties": { "id": 254, "area_m2": 256.35961500056999, "status": "candidate - needs field verification" }, "geometry": { "type": "Polygon", "coordinates": [ [ [ 523513.958419999980833, 9248236.120780002325773 ], [ 523494.767439999966882, 9248233.945480002090335 ], [ 523495.347519999952056, 9248229.981600001454353 ], [ 523507.529199999989942, 9248230.513340001925826 ], [ 523498.102899999939837, 9248227.41958000138402 ], [ 523498.102899999939837, 9248219.443480001762509 ], [ 523507.094139999942854, 9248217.654900001361966 ], [ 523512.701579999935348, 9248221.47376000136137 ], [ 523514.441819999949075, 9248224.760880000889301 ], [ 523513.958419999980833, 9248236.120780002325773 ] ] ] } },
{ "type": "Feature", "properties": { "id": 255, "area_m2": 11.323917636940466, "status": "candidate - needs field verification" }, "geometry": { "type": "Polygon", "coordinates": [ [ [ 523465.376719999941997, 9248235.830740001052618 ], [ 523465.57007999997586, 9248234.81560000218451 ], [ 523466.778579999983776, 9248234.235520001500845 ], [ 523471.03249999997206, 9248233.65544000081718 ], [ 523471.709259999974165, 9248234.33220000192523 ], [ 523471.612579999957234, 9248234.81560000218451 ], [ 523470.742459999979474, 9248235.444020001217723 ], [ 523468.035419999971054, 9248236.265800001099706 ], [ 523465.860119999968447, 9248236.265800001099706 ], [ 523465.376719999941997, 9248235.830740001052618 ] ] ] } },
{ "type": "Feature", "properties": { "id": 256, "area_m2": 10.93730697839683, "status": "candidate - needs field verification" }, "geometry": { "type": "Polygon", "coordinates": [ [ [ 523520.978742009727284, 9248236.879557806998491 ], [ 523520.103622472088318, 9248236.066946808248758 ], [ 523520.146111165406182, 9248235.540871167555451 ], [ 523519.65281620528549, 9248235.047576207667589 ], [ 523519.755145725619514, 9248233.780578712001443 ], [ 523520.610158874071203, 9248232.88056487031281 ], [ 523522.970593840349466, 9248233.071206271648407 ], [ 523522.652095562778413, 9248237.014706823974848 ], [ 523520.978742009727284, 9248236.879557806998491 ] ] ] } },
{ "type": "Feature", "properties": { "id": 257, "area_m2": 115.70846301096661, "status": "candidate - needs field verification" }, "geometry": { "type": "Polygon", "coordinates": [ [ [ 523324.531794780108612, 9248236.948926243931055 ], [ 523322.93975061312085, 9248235.318976264446974 ], [ 523319.96999999997206, 9248235.685720002278686 ], [ 523317.3113, 9248233.800460001453757 ], [ 523311.08859170100186, 9248233.461552733555436 ], [ 523311.240164826333057, 9248225.424607476219535 ], [ 523319.785635244683363, 9248225.585771154612303 ], [ 523319.718985661456827, 9248229.119768692180514 ], [ 523323.15986087807687, 9248229.184662031009793 ], [ 523323.080788143735845, 9248233.377379147335887 ], [ 523329.66065704257926, 9248233.501472476869822 ], [ 523329.600640000368003, 9248236.683789143338799 ], [ 523329.160108758835122, 9248237.036214137449861 ], [ 523324.531794780108612, 9248236.948926243931055 ] ] ] } },
{ "type": "Feature", "properties": { "id": 258, "area_m2": 270.12779445867614, "status": "candidate - needs field verification" }, "geometry": { "type": "Polygon", "coordinates": [ [ [ 523247.921646384871565, 9248239.983937947079539 ], [ 523245.50012879690621, 9248235.282995609566569 ], [ 523254.499712514632847, 9248230.647190980613232 ], [ 523251.306765954708681, 9248224.44865757226944 ], [ 523242.392233135818969, 9248229.040651358664036 ], [ 523239.404929837444797, 9248223.241337480023503 ], [ 523254.683489040238783, 9248215.371149513870478 ], [ 523263.829139548994135, 9248233.125790610909462 ], [ 523251.810599999967963, 9248239.117860002443194 ], [ 523247.921646384871565, 9248239.983937947079539 ] ] ] } },
{ "type": "Feature", "properties": { "id": 259, "area_m2": 11.147652223960856, "status": "candidate - needs field verification" }, "geometry": { "type": "Polygon", "coordinates": [ [ [ 523352.26111999998102, 9248239.456240002065897 ], [ 523351.77771999995457, 9248238.344420000910759 ], [ 523349.918960601789877, 9248237.069691628217697 ], [ 523350.608873873832636, 9248236.042219299823046 ], [ 523351.190995361655951, 9248235.909918960183859 ], [ 523354.436419999983627, 9248238.054380001500249 ], [ 523355.313284649455454, 9248238.897248923778534 ], [ 523354.006505688943435, 9248240.843405457213521 ], [ 523352.26111999998102, 9248239.456240002065897 ] ] ] } },
{ "type": "Feature", "properties": { "id": 260, "area_m2": 25.467896823607205, "status": "candidate - needs field verification" }, "geometry": { "type": "Polygon", "coordinates": [ [ [ 523322.109358521818649, 9248240.870721975341439 ], [ 523316.054459999955725, 9248239.7946200016886 ], [ 523315.370757250522729, 9248239.492729289457202 ], [ 523315.840908205660526, 9248236.324120739474893 ], [ 523322.783181978214998, 9248237.354199586436152 ], [ 523323.015419999952428, 9248238.779480000957847 ], [ 523322.754829918616451, 9248240.440407710149884 ], [ 523322.109358521818649, 9248240.870721975341439 ] ] ] } },
{ "type": "Feature", "properties": { "id": 261, "area_m2": 15.631976319668196, "status": "candidate - needs field verification" }, "geometry": { "type": "Polygon", "coordinates": [ [ [ 523243.078960036451463, 9248243.546403277665377 ], [ 523241.852559999970254, 9248241.486520001664758 ], [ 523240.212974938971456, 9248237.885141905397177 ], [ 523241.94377222948242, 9248236.907528487965465 ], [ 523242.432640000013635, 9248237.474300000816584 ], [ 523244.22122, 9248240.08466000109911 ], [ 523245.155539001745638, 9248242.373480562120676 ], [ 523243.078960036451463, 9248243.546403277665377 ] ] ] } },
{ "type": "Feature", "properties": { "id": 262, "area_m2": 267.7283938665729, "status": "candidate - needs field verification" }, "geometry": { "type": "Polygon", "coordinates": [ [ [ 523432.076524762494955, 9248246.865066105499864 ], [ 523430.639168831112329, 9248233.099126575514674 ], [ 523438.789719999942463, 9248232.108560001477599 ], [ 523443.220442574820481, 9248232.420767664909363 ], [ 523444.026784160465468, 9248231.180242147296667 ], [ 523451.947809130360838, 9248230.353176752105355 ], [ 523454.941996348672546, 9248233.204783627763391 ], [ 523455.228152518451679, 9248235.945377271622419 ], [ 523453.125545328308363, 9248236.164918763563037 ], [ 523453.536620225931983, 9248240.101892244070768 ], [ 523449.25017757632304, 9248240.549456592649221 ], [ 523449.471282073645853, 9248242.667033091187477 ], [ 523437.943189082667232, 9248243.870726656168699 ], [ 523435.933351232903078, 9248246.462359672412276 ], [ 523432.076524762494955, 9248246.865066105499864 ] ] ] } },
{ "type": "Feature", "properties": { "id": 263, "area_m2": 47.024869690181248, "status": "candidate - needs field verification" }, "geometry": { "type": "Polygon", "coordinates": [ [ [ 523366.81146, 9248248.930880000814795 ], [ 523364.394459999981336, 9248247.335660001263022 ], [ 523362.799239999963902, 9248244.918660001829267 ], [ 523363.089279999956489, 9248240.56806000135839 ], [ 523364.05607999995118, 9248239.407900001853704 ], [ 523367.391539999982342, 9248240.76142000220716 ], [ 523370.581979999959003, 9248244.386920001357794 ], [ 523370.195259999949485, 9248245.788780001923442 ], [ 523366.81146, 9248248.930880000814795 ] ] ] } },
{ "type": "Feature", "properties": { "id": 264, "area_m2": 149.27710621990525, "status": "candidate - needs field verification" }, "geometry": { "type": "Polygon", "coordinates": [ [ [ 523338.505467166483868, 9248249.306900925934315 ], [ 523331.813261425471865, 9248246.163512285798788 ], [ 523332.055, 9248244.386920001357794 ], [ 523338.924417212139815, 9248229.015116266906261 ], [ 523346.389667442475911, 9248232.521610789000988 ], [ 523338.505467166483868, 9248249.306900925934315 ] ] ] } },
{ "type": "Feature", "properties": { "id": 265, "area_m2": 41.137221705370294, "status": "candidate - needs field verification" }, "geometry": { "type": "Polygon", "coordinates": [ [ [ 523374.079363110649865, 9248248.48723927885294 ], [ 523373.6274, 9248247.4806800018996 ], [ 523371.763597291894257, 9248245.670437697321177 ], [ 523372.177199999976438, 9248244.918660001829267 ], [ 523376.357911283092108, 9248241.077827274799347 ], [ 523378.78371202130802, 9248241.077827274799347 ], [ 523380.335916655545589, 9248242.817918328568339 ], [ 523380.419105036417022, 9248244.980816232040524 ], [ 523376.261930317850783, 9248248.689119797199965 ], [ 523375.194513335765805, 9248247.492497457191348 ], [ 523374.079363110649865, 9248248.48723927885294 ] ] ] } },
{ "type": "Feature", "properties": { "id": 266, "area_m2": 26.603071684707785, "status": "candidate - needs field verification" }, "geometry": { "type": "Polygon", "coordinates": [ [ [ 523214.716786092554685, 9248245.261412400752306 ], [ 523214.835952998138964, 9248244.486827513203025 ], [ 523217.950494745979086, 9248242.106052063405514 ], [ 523218.93939999997383, 9248242.888380002230406 ], [ 523221.547272307681851, 9248246.499606179073453 ], [ 523217.833367286424618, 9248249.338538715615869 ], [ 523214.716786092554685, 9248245.261412400752306 ] ] ] } },
{ "type": "Feature", "properties": { "id": 267, "area_m2": 93.393843310753098, "status": "candidate - needs field verification" }, "geometry": { "type": "Polygon", "coordinates": [ [ [ 523470.438595831627026, 9248250.519932292401791 ], [ 523467.533028594159987, 9248240.968333575874567 ], [ 523470.494431652361527, 9248240.067483784630895 ], [ 523469.714267501316499, 9248237.502815926447511 ], [ 523474.722797458351124, 9248235.979236368089914 ], [ 523478.154071509139612, 9248247.25901416875422 ], [ 523474.319619999965653, 9248248.44748000241816 ], [ 523472.869419999944512, 9248249.994360001757741 ], [ 523470.438595831627026, 9248250.519932292401791 ] ] ] } },
{ "type": "Feature", "properties": { "id": 268, "area_m2": 12.694412248401861, "status": "candidate - needs field verification" }, "geometry": { "type": "Polygon", "coordinates": [ [ [ 523433.607740055711474, 9248251.360510669648647 ], [ 523432.892239999957383, 9248249.462620001286268 ], [ 523432.577088304213248, 9248247.741348884999752 ], [ 523436.165865941147786, 9248247.001647297292948 ], [ 523436.654402892570943, 9248249.371860520914197 ], [ 523435.946168386959471, 9248250.243533758446574 ], [ 523436.071716041304171, 9248250.852647788822651 ], [ 523433.607740055711474, 9248251.360510669648647 ] ] ] } },
{ "type": "Feature", "properties": { "id": 269, "area_m2": 137.12872782615415, "status": "candidate - needs field verification" }, "geometry": { "type": "Polygon", "coordinates": [ [ [ 523490.706879999954253, 9248249.752660000696778 ], [ 523489.138870151946321, 9248248.925959102809429 ], [ 523489.894899879407603, 9248245.091589666903019 ], [ 523493.331351751810871, 9248245.769161250442266 ], [ 523494.328373257943895, 9248240.712549515068531 ], [ 523502.550179999961983, 9248242.259960001334548 ], [ 523507.031452129478566, 9248243.445889977738261 ], [ 523505.280825560330413, 9248252.324573935940862 ], [ 523490.706879999954253, 9248249.752660000696778 ] ] ] } },
{ "type": "Feature", "properties": { "id": 270, "area_m2": 100.18519483444081, "status": "candidate - needs field verification" }, "geometry": { "type": "Polygon", "coordinates": [ [ [ 523511.249036011402495, 9248253.149498952552676 ], [ 523511.345025459537283, 9248252.572041694074869 ], [ 523508.78603999997722, 9248252.846420001238585 ], [ 523506.6000712281093, 9248252.196909630671144 ], [ 523508.489108099543955, 9248240.832764146849513 ], [ 523513.861739999963902, 9248241.679880000650883 ], [ 523516.841724274156149, 9248242.608957009389997 ], [ 523515.650319999956992, 9248251.831280002370477 ], [ 523514.562486792914569, 9248253.700286576524377 ], [ 523511.249036011402495, 9248253.149498952552676 ] ] ] } },
{ "type": "Feature", "properties": { "id": 271, "area_m2": 6.9483597362864007, "status": "candidate - needs field verification" }, "geometry": { "type": "Polygon", "coordinates": [ [ [ 523209.801967189006973, 9248254.194152193143964 ], [ 523209.295103154203389, 9248252.143607221543789 ], [ 523208.893440405547153, 9248252.242892242968082 ], [ 523208.425628380267881, 9248250.350334219634533 ], [ 523210.161376818781719, 9248249.921283178031445 ], [ 523210.479899999976624, 9248250.671120001003146 ], [ 523211.313274486805312, 9248253.820579642429948 ], [ 523209.801967189006973, 9248254.194152193143964 ] ] ] } },
{ "type": "Feature", "properties": { "id": 272, "area_m2": 6.9677626164988355, "status": "candidate - needs field verification" }, "geometry": { "type": "Polygon", "coordinates": [ [ [ 523279.521732876542956, 9248254.884426686912775 ], [ 523277.863873708702158, 9248253.026469545438886 ], [ 523280.10847646970069, 9248251.023605657741427 ], [ 523280.959619999979623, 9248251.831280002370477 ], [ 523281.314161026792135, 9248252.66816583275795 ], [ 523280.814599999983329, 9248253.088120002299547 ], [ 523280.572899999970105, 9248254.00658000074327 ], [ 523279.521732876542956, 9248254.884426686912775 ] ] ] } },
{ "type": "Feature", "properties": { "id": 273, "area_m2": 73.731386343837784, "status": "candidate - needs field verification" }, "geometry": { "type": "Polygon", "coordinates": [ [ [ 523516.604726680612657, 9248254.5840223133564 ], [ 523516.740242876927368, 9248252.30140332877636 ], [ 523516.962471906037536, 9248252.123620105907321 ], [ 523516.810479999985546, 9248250.671120001003146 ], [ 523518.163999999989755, 9248247.384000001475215 ], [ 523517.777279999980237, 9248245.402060002088547 ], [ 523518.550719999941066, 9248241.486520001664758 ], [ 523518.988999178458471, 9248240.38586225733161 ], [ 523523.202389971993398, 9248240.636005930602551 ], [ 523522.388105822843499, 9248254.351713029667735 ], [ 523520.62933999998495, 9248255.021720001474023 ], [ 523516.604726680612657, 9248254.5840223133564 ] ] ] } },
{ "type": "Feature", "properties": { "id": 274, "area_m2": 177.1420887285515, "status": "candidate - needs field verification" }, "geometry": { "type": "Polygon", "coordinates": [ [ [ 523440.798859380069189, 9248254.759713932871819 ], [ 523440.388013202522416, 9248251.406200867146254 ], [ 523443.942608473007567, 9248250.970719670876861 ], [ 523443.567836398491636, 9248247.911659816280007 ], [ 523445.398505131772254, 9248245.581717792898417 ], [ 523448.57723710447317, 9248245.192284427583218 ], [ 523448.941119999974035, 9248246.175500001758337 ], [ 523449.327614536741748, 9248243.609991302713752 ], [ 523460.593966494430788, 9248242.22972602583468 ], [ 523461.81362701690523, 9248252.185149053111672 ], [ 523440.798859380069189, 9248254.759713932871819 ] ] ] } },
{ "type": "Feature", "properties": { "id": 275, "area_m2": 121.63810003409542, "status": "candidate - needs field verification" }, "geometry": { "type": "Polygon", "coordinates": [ [ [ 523345.783559999952558, 9248253.90990000218153 ], [ 523341.356106870574877, 9248252.27688373811543 ], [ 523342.01304, 9248249.317600000649691 ], [ 523341.336279999988619, 9248247.335660001263022 ], [ 523342.371957221243065, 9248243.152369460090995 ], [ 523344.139999999955762, 9248243.323440002277493 ], [ 523355.361950722173788, 9248246.8738679792732 ], [ 523354.049699999974109, 9248252.218000002205372 ], [ 523352.584148621070199, 9248255.659278823062778 ], [ 523345.783559999952558, 9248253.90990000218153 ] ] ] } },
{ "type": "Feature", "properties": { "id": 276, "area_m2": 31.241253994633094, "status": "candidate - needs field verification" }, "geometry": { "type": "Polygon", "coordinates": [ [ [ 523495.299179999972694, 9248252.65306000225246 ], [ 523494.57408, 9248254.780020002275705 ], [ 523492.930519999936223, 9248255.746820000931621 ], [ 523485.341139999974985, 9248253.474840002134442 ], [ 523483.842599999974482, 9248253.764880001544952 ], [ 523483.165839999972377, 9248252.363020000979304 ], [ 523486.066239999956451, 9248252.218000002205372 ], [ 523484.132639999967068, 9248251.396220002323389 ], [ 523484.857739999948535, 9248250.526100002229214 ], [ 523486.646319999941625, 9248251.879620000720024 ], [ 523489.063319999957457, 9248251.057840000838041 ], [ 523491.286959999939427, 9248251.782940002158284 ], [ 523491.238619999960065, 9248252.266340002417564 ], [ 523495.299179999972694, 9248252.65306000225246 ] ] ] } },
{ "type": "Feature", "properties": { "id": 277, "area_m2": 8.0150388741384635, "status": "candidate - needs field verification" }, "geometry": { "type": "Polygon", "coordinates": [ [ [ 523436.720839415444061, 9248255.83892803452909 ], [ 523436.566079999960493, 9248255.215080002322793 ], [ 523436.455506285477895, 9248252.303386623039842 ], [ 523438.742901672259904, 9248252.234510656446218 ], [ 523438.849504591256846, 9248255.774831607937813 ], [ 523436.720839415444061, 9248255.83892803452909 ] ] ] } },
{ "type": "Feature", "properties": { "id": 278, "area_m2": 225.51863281764162, "status": "candidate - needs field verification" }, "geometry": { "type": "Polygon", "coordinates": [ [ [ 523311.519567249051761, 9248255.33552928827703 ], [ 523311.77155025297543, 9248252.542468182742596 ], [ 523303.865542151441332, 9248251.829207858070731 ], [ 523304.244130264269188, 9248247.632814783602953 ], [ 523308.99682, 9248247.238980000838637 ], [ 523303.802355407911818, 9248246.502808663994074 ], [ 523304.488144452800043, 9248238.901301112025976 ], [ 523312.767150861094706, 9248239.648212412372231 ], [ 523311.945559999963734, 9248252.266340002417564 ], [ 523312.804707591247279, 9248246.481465356424451 ], [ 523319.025330775650218, 9248247.042674457654357 ], [ 523319.148219999973662, 9248249.075900001451373 ], [ 523319.655663056997582, 9248245.254735808819532 ], [ 523315.652066973561887, 9248244.893541358411312 ], [ 523315.957582276663743, 9248241.507110936567187 ], [ 523324.908282947086263, 9248242.314620818942785 ], [ 523324.707319999986794, 9248248.350800001993775 ], [ 523323.191041048965417, 9248251.591392304748297 ], [ 523318.85398133972194, 9248251.200113598257303 ], [ 523318.4246922734892, 9248255.958492439240217 ], [ 523311.519567249051761, 9248255.33552928827703 ] ] ] } },
{ "type": "Feature", "properties": { "id": 279, "area_m2": 107.24502262467372, "status": "candidate - needs field verification" }, "geometry": { "type": "Polygon", "coordinates": [ [ [ 523289.815847763034981, 9248256.028059648349881 ], [ 523288.892045534623321, 9248252.239021116867661 ], [ 523288.274961853690911, 9248252.38947176001966 ], [ 523287.86990258138394, 9248250.728093227371573 ], [ 523290.916505837289151, 9248249.98530350625515 ], [ 523289.800932555401232, 9248245.409702777862549 ], [ 523298.306095109030139, 9248243.336066404357553 ], [ 523299.908899999980349, 9248246.658900002017617 ], [ 523300.174960520525929, 9248248.128912433981895 ], [ 523298.857523970596958, 9248248.450115507468581 ], [ 523300.202499351231381, 9248253.96662475913763 ], [ 523294.349799999967217, 9248255.553460001945496 ], [ 523291.449399999983143, 9248255.070060001686215 ], [ 523289.815847763034981, 9248256.028059648349881 ] ] ] } },
{ "type": "Feature", "properties": { "id": 280, "area_m2": 46.725652228412379, "status": "candidate - needs field verification" }, "geometry": { "type": "Polygon", "coordinates": [ [ [ 523165.898257905151695, 9248256.479451976716518 ], [ 523164.799413875909522, 9248255.435550149530172 ], [ 523164.760929811513051, 9248251.6685646828264 ], [ 523167.26419106987305, 9248251.642991006374359 ], [ 523168.788948814326432, 9248250.379620304331183 ], [ 523176.263732965511736, 9248250.303256835788488 ], [ 523176.302018950751517, 9248254.050853462889791 ], [ 523168.44035913964035, 9248254.131169307976961 ], [ 523168.460355635324959, 9248256.088512165471911 ], [ 523167.312280000012834, 9248256.423580002039671 ], [ 523165.898257905151695, 9248256.479451976716518 ] ] ] } },
{ "type": "Feature", "properties": { "id": 281, "area_m2": 5.0319616313316065, "status": "candidate - needs field verification" }, "geometry": { "type": "Polygon", "coordinates": [ [ [ 523495.879259999957867, 9248259.3723200019449 ], [ 523494.84838675649371, 9248259.094935135915875 ], [ 523494.49885771778645, 9248258.57064157910645 ], [ 523494.77553614549106, 9248257.203330500051379 ], [ 523495.15725937607931, 9248257.012468885630369 ], [ 523497.039419999986421, 9248257.487060001119971 ], [ 523497.277181468554772, 9248257.61228814907372 ], [ 523496.931428707961459, 9248259.320956164970994 ], [ 523495.879259999957867, 9248259.3723200019449 ] ] ] } },
{ "type": "Feature", "properties": { "id": 282, "area_m2": 35.47779189876784, "status": "candidate - needs field verification" }, "geometry": { "type": "Polygon", "coordinates": [ [ [ 523226.432099999976344, 9248259.807380001991987 ], [ 523221.839800000016112, 9248254.68334000185132 ], [ 523221.936479999974836, 9248253.813220001757145 ], [ 523223.725059999967925, 9248252.363020000979304 ], [ 523221.646439999982249, 9248252.121320001780987 ], [ 523221.163040000014007, 9248249.897680001333356 ], [ 523222.41988, 9248247.722380001097918 ], [ 523223.24166, 9248247.819060001522303 ], [ 523225.707, 9248251.637920001521707 ], [ 523225.175259999989066, 9248252.314680000767112 ], [ 523225.803680000011809, 9248252.508040001615882 ], [ 523225.803680000011809, 9248255.505120001733303 ], [ 523227.8823, 9248258.067140001803637 ], [ 523227.688939999963623, 9248259.130620000883937 ], [ 523226.432099999976344, 9248259.807380001991987 ] ] ] } },
{ "type": "Feature", "properties": { "id": 283, "area_m2": 20.507747545859186, "status": "candidate - needs field verification" }, "geometry": { "type": "Polygon", "coordinates": [ [ [ 523497.650346027337946, 9248259.56942636333406 ], [ 523498.945304171473254, 9248253.106342764571309 ], [ 523500.713259999989532, 9248253.42650000192225 ], [ 523501.79534229170531, 9248253.835005534812808 ], [ 523501.776739999942947, 9248255.988520001992583 ], [ 523500.809939999948256, 9248259.178960001096129 ], [ 523500.340508285502438, 9248260.108433397486806 ], [ 523497.650346027337946, 9248259.56942636333406 ] ] ] } },
{ "type": "Feature", "properties": { "id": 284, "area_m2": 174.33949342027606, "status": "candidate - needs field verification" }, "geometry": { "type": "Polygon", "coordinates": [ [ [ 523235.52002, 9248260.097420001402497 ], [ 523232.66796, 9248257.922120001167059 ], [ 523227.8823, 9248246.610560001805425 ], [ 523225.513639999961015, 9248247.722380001097918 ], [ 523228.317359999986365, 9248240.181340001523495 ], [ 523233.103019999980461, 9248241.583200002089143 ], [ 523235.858399999968242, 9248240.181340001523495 ], [ 523242.771019999985583, 9248249.994360001757741 ], [ 523240.499039999966044, 9248252.314680000767112 ], [ 523242.819359999964945, 9248253.23314000107348 ], [ 523240.40236, 9248252.363020000979304 ], [ 523235.52002, 9248255.26342000067234 ], [ 523236.87354, 9248258.260500000789762 ], [ 523235.52002, 9248260.097420001402497 ] ] ] } },
{ "type": "Feature", "properties": { "id": 285, "area_m2": 6.6151202814528194, "status": "candidate - needs field verification" }, "geometry": { "type": "Polygon", "coordinates": [ [ [ 523252.710140175360721, 9248260.406539462506771 ], [ 523252.437795572099276, 9248259.651489403098822 ], [ 523251.41825361730298, 9248260.019235549494624 ], [ 523250.653732898528688, 9248259.679448561742902 ], [ 523250.601665263238829, 9248259.535095890983939 ], [ 523251.251272491936106, 9248258.413047041743994 ], [ 523251.049621818470769, 9248257.853989319875836 ], [ 523252.792466469400097, 9248257.225349763408303 ], [ 523253.599179999961052, 9248258.647220000624657 ], [ 523253.647746878908947, 9248259.092770919203758 ], [ 523254.093822139955591, 9248259.352981487289071 ], [ 523254.270792777824681, 9248259.843616107478738 ], [ 523252.710140175360721, 9248260.406539462506771 ] ] ] } },
{ "type": "Feature", "properties": { "id": 286, "area_m2": 24.50368472337767, "status": "candidate - needs field verification" }, "geometry": { "type": "Polygon", "coordinates": [ [ [ 523241.407144222117495, 9248261.424636542797089 ], [ 523240.470133220602293, 9248259.886161383241415 ], [ 523240.947053377574775, 9248257.883096724748611 ], [ 523242.529319999972358, 9248256.810300001874566 ], [ 523243.882839999976568, 9248254.344960002228618 ], [ 523244.829366899677552, 9248253.784916952252388 ], [ 523245.92109300068114, 9248253.927316008135676 ], [ 523247.024939999973867, 9248255.698480000719428 ], [ 523247.366273706837092, 9248256.64051234908402 ], [ 523245.768099999986589, 9248257.632080001756549 ], [ 523243.833003694366198, 9248258.51599152199924 ], [ 523244.468811730097514, 9248259.559922561049461 ], [ 523241.407144222117495, 9248261.424636542797089 ] ] ] } },
{ "type": "Feature", "properties": { "id": 287, "area_m2": 4.1434204195050901, "status": "candidate - needs field verification" }, "geometry": { "type": "Polygon", "coordinates": [ [ [ 523280.678490317251999, 9248262.638689933344722 ], [ 523280.380283746751957, 9248261.646928148344159 ], [ 523280.798791387293022, 9248260.652972502633929 ], [ 523282.412702528294176, 9248260.167695781216025 ], [ 523282.950294755224604, 9248261.955595443025231 ], [ 523280.678490317251999, 9248262.638689933344722 ] ] ] } },
{ "type": "Feature", "properties": { "id": 288, "area_m2": 13.511355224790073, "status": "candidate - needs field verification" }, "geometry": { "type": "Polygon", "coordinates": [ [ [ 523481.410556573944632, 9248262.791219834238291 ], [ 523481.038879999949131, 9248261.20924000069499 ], [ 523481.135559999966063, 9248260.290780002251267 ], [ 523481.456129820027854, 9248258.955296842381358 ], [ 523485.169188820640557, 9248259.096335707232356 ], [ 523485.045081917836796, 9248262.363635478541255 ], [ 523482.609279081458226, 9248262.271112609654665 ], [ 523482.58782445138786, 9248262.835937822237611 ], [ 523481.410556573944632, 9248262.791219834238291 ] ] ] } },
{ "type": "Feature", "properties": { "id": 289, "area_m2": 391.98607839318396, "status": "candidate - needs field verification" }, "geometry": { "type": "Polygon", "coordinates": [ [ [ 523136.278, 9248263.046160001307726 ], [ 523132.1207600000198, 9248252.411360001191497 ], [ 523133.86099999997532, 9248241.05146000161767 ], [ 523128.0602, 9248235.202320002019405 ], [ 523126.8517, 9248230.078280001878738 ], [ 523130.090480000013486, 9248225.969380002468824 ], [ 523128.930319999984931, 9248218.621700001880527 ], [ 523142.030459999979939, 9248216.688100000843406 ], [ 523141.933780000021216, 9248230.996740002185106 ], [ 523138.88835999998264, 9248231.963540000841022 ], [ 523141.8371, 9248233.123700002208352 ], [ 523142.707219999982044, 9248245.063680002465844 ], [ 523137.099779999989551, 9248246.175500001758337 ], [ 523136.278, 9248263.046160001307726 ] ] ] } },
{ "type": "Feature", "properties": { "id": 290, "area_m2": 27.413648319547022, "status": "candidate - needs field verification" }, "geometry": { "type": "Polygon", "coordinates": [ [ [ 523126.8517, 9248263.384540000930429 ], [ 523126.8517, 9248248.979220001026988 ], [ 523127.721819999977015, 9248248.882540002465248 ], [ 523128.591940000012983, 9248249.849340001121163 ], [ 523128.88198, 9248254.48998000100255 ], [ 523128.35024, 9248255.553460001945496 ], [ 523129.17202, 9248256.761960001662374 ], [ 523128.688619999971706, 9248262.949480000883341 ], [ 523126.8517, 9248263.384540000930429 ] ] ] } },
{ "type": "Feature", "properties": { "id": 291, "area_m2": 124.62728480117573, "status": "candidate - needs field verification" }, "geometry": { "type": "Polygon", "coordinates": [ [ [ 523455.294230028637685, 9248264.614755736663938 ], [ 523455.338773212279193, 9248259.883649678900838 ], [ 523464.891157415637281, 9248259.97358501330018 ], [ 523464.931690637895372, 9248255.668392663821578 ], [ 523473.903754393861163, 9248255.752864303067327 ], [ 523474.077919999952428, 9248261.20924000069499 ], [ 523473.429778575140517, 9248264.310945954173803 ], [ 523467.1653, 9248264.689720001071692 ], [ 523455.294230028637685, 9248264.614755736663938 ] ] ] } },
{ "type": "Feature", "properties": { "id": 292, "area_m2": 178.36104981591242, "status": "candidate - needs field verification" }, "geometry": { "type": "Polygon", "coordinates": [ [ [ 523374.44918, 9248262.997820001095533 ], [ 523371.59712, 9248262.756120001897216 ], [ 523370.09858, 9248265.028100000694394 ], [ 523367.536559999978635, 9248263.529560001567006 ], [ 523365.699639999947976, 9248254.151600001379848 ], [ 523363.911059999954887, 9248252.749740000814199 ], [ 523361.107339999987744, 9248260.242440002039075 ], [ 523353.85634, 9248258.453860001638532 ], [ 523357.771879999956582, 9248248.06076000072062 ], [ 523362.944259999960195, 9248248.012420002371073 ], [ 523364.007739999971818, 9248251.057840000838041 ], [ 523367.826599999971222, 9248250.526100002229214 ], [ 523371.83882, 9248252.363020000979304 ], [ 523374.30416, 9248257.197020001709461 ], [ 523374.44918, 9248262.997820001095533 ] ] ] } },
{ "type": "Feature", "properties": { "id": 293, "area_m2": 85.758534171210442, "status": "candidate - needs field verification" }, "geometry": { "type": "Polygon", "coordinates": [ [ [ 523348.63551653578179, 9248263.163283752277493 ], [ 523346.665545095223933, 9248259.504765363410115 ], [ 523348.06763364985818, 9248256.049159741029143 ], [ 523350.665899999963585, 9248256.906980002298951 ], [ 523352.454479999956675, 9248259.033940002322197 ], [ 523362.450139802822378, 9248263.12198101170361 ], [ 523362.17082, 9248264.544700002297759 ], [ 523360.688718662480824, 9248268.053788801655173 ], [ 523348.63551653578179, 9248263.163283752277493 ] ] ] } },
{ "type": "Feature", "properties": { "id": 294, "area_m2": 135.65427984553517, "status": "candidate - needs field verification" }, "geometry": { "type": "Polygon", "coordinates": [ [ [ 523219.549403800221626, 9248269.543817486613989 ], [ 523211.724022247712128, 9248258.352045647799969 ], [ 523212.354491992446128, 9248256.145401541143656 ], [ 523217.58587999996962, 9248252.266340002417564 ], [ 523218.568120871728752, 9248252.00390481762588 ], [ 523225.803680000011809, 9248262.127700001001358 ], [ 523226.194017739093397, 9248263.556076603010297 ], [ 523222.686598055472132, 9248266.0084941200912 ], [ 523221.840260910685174, 9248268.995566394180059 ], [ 523220.872969805786852, 9248269.671904519200325 ], [ 523219.549403800221626, 9248269.543817486613989 ] ] ] } },
{ "type": "Feature", "properties": { "id": 295, "area_m2": 49.796366504697218, "status": "candidate - needs field verification" }, "geometry": { "type": "Polygon", "coordinates": [ [ [ 523275.770332639513072, 9248269.88541510142386 ], [ 523271.72667999996338, 9248265.849880002439022 ], [ 523270.9389574843226, 9248264.732051627710462 ], [ 523273.5636, 9248261.547620002180338 ], [ 523275.352179999987129, 9248259.904060002416372 ], [ 523276.66285768855596, 9248259.10256702452898 ], [ 523279.481612887640949, 9248261.890266237780452 ], [ 523276.910247877880465, 9248264.490277191624045 ], [ 523279.144861442677211, 9248266.700270624831319 ], [ 523276.41566, 9248269.523720001801848 ], [ 523275.770332639513072, 9248269.88541510142386 ] ] ] } },
{ "type": "Feature", "properties": { "id": 296, "area_m2": 49.003801203321295, "status": "candidate - needs field verification" }, "geometry": { "type": "Polygon", "coordinates": [ [ [ 523240.540420149103738, 9248272.254194062203169 ], [ 523233.765173448889982, 9248264.395484782755375 ], [ 523237.377383354934864, 9248261.281282134354115 ], [ 523239.097179999982473, 9248263.142840001732111 ], [ 523243.183022529352456, 9248268.276858450844884 ], [ 523242.928638819255866, 9248270.184736276045442 ], [ 523241.789334786240943, 9248271.166967025026679 ], [ 523242.186676338256802, 9248271.627849392592907 ], [ 523241.311169290391263, 9248272.382652251049876 ], [ 523240.540420149103738, 9248272.254194062203169 ] ] ] } },
{ "type": "Feature", "properties": { "id": 297, "area_m2": 134.07758231948901, "status": "candidate - needs field verification" }, "geometry": { "type": "Polygon", "coordinates": [ [ [ 523428.541639999952167, 9248273.632620001211762 ], [ 523426.410532571782824, 9248273.167326629161835 ], [ 523426.511359999945853, 9248263.336200000718236 ], [ 523427.243154073075857, 9248257.961673941463232 ], [ 523435.595761470322032, 9248258.336299834772944 ], [ 523434.903391931671649, 9248273.773275861516595 ], [ 523428.541639999952167, 9248273.632620001211762 ] ] ] } },
{ "type": "Feature", "properties": { "id": 298, "area_m2": 117.57381150120864, "status": "candidate - needs field verification" }, "geometry": { "type": "Polygon", "coordinates": [ [ [ 523209.447200365422759, 9248274.028864622116089 ], [ 523202.478526333405171, 9248263.606723837554455 ], [ 523205.210840000014286, 9248261.305920001119375 ], [ 523209.71766549476888, 9248258.350302251055837 ], [ 523216.999630613310728, 9248269.240991828963161 ], [ 523211.446699999971315, 9248273.245900001376867 ], [ 523209.447200365422759, 9248274.028864622116089 ] ] ] } },
{ "type": "Feature", "properties": { "id": 299, "area_m2": 6.0455909894103499, "status": "candidate - needs field verification" }, "geometry": { "type": "Polygon", "coordinates": [ [ [ 523448.768270913045853, 9248274.090710874646902 ], [ 523448.432226304896176, 9248271.247104877606034 ], [ 523449.71456, 9248271.022260000929236 ], [ 523450.405925981409382, 9248271.162291979417205 ], [ 523450.633019999950193, 9248271.892380001023412 ], [ 523450.919261521892622, 9248273.836516447365284 ], [ 523448.768270913045853, 9248274.090710874646902 ] ] ] } },
{ "type": "Feature", "properties": { "id": 300, "area_m2": 63.433528873884306, "status": "candidate - needs field verification" }, "geometry": { "type": "Polygon", "coordinates": [ [ [ 523369.029455419920851, 9248274.456879807636142 ], [ 523368.551699999952689, 9248273.149220000952482 ], [ 523367.923279999988154, 9248270.490520002320409 ], [ 523367.514950523735024, 9248266.543563056737185 ], [ 523375.640943131467793, 9248265.561657007783651 ], [ 523376.09274, 9248269.378700001165271 ], [ 523376.32740403979551, 9248273.007943229749799 ], [ 523374.231980723678134, 9248273.261144151911139 ], [ 523374.299518718442414, 9248273.820070587098598 ], [ 523369.029455419920851, 9248274.456879807636142 ] ] ] } },
{ "type": "Feature", "properties": { "id": 301, "area_m2": 259.97082883989356, "status": "candidate - needs field verification" }, "geometry": { "type": "Polygon", "coordinates": [ [ [ 523498.713770708884113, 9248270.812464999035001 ], [ 523501.000150050444063, 9248260.796698112040758 ], [ 523502.645190378709231, 9248261.172224646434188 ], [ 523504.549188428558409, 9248252.831526199355721 ], [ 523516.273199873277918, 9248255.507860211655498 ], [ 523514.59454892470967, 9248262.861397868022323 ], [ 523505.353899999987334, 9248261.257580000907183 ], [ 523516.239599866268691, 9248264.03813630156219 ], [ 523513.901713000901509, 9248274.279538255184889 ], [ 523498.713770708884113, 9248270.812464999035001 ] ] ] } },
{ "type": "Feature", "properties": { "id": 302, "area_m2": 247.49557204307689, "status": "candidate - needs field verification" }, "geometry": { "type": "Polygon", "coordinates": [ [ [ 523436.821858852053992, 9248275.254343101754785 ], [ 523436.996454993961379, 9248267.188768956810236 ], [ 523441.049529181385878, 9248267.276506185531616 ], [ 523438.420546308683697, 9248264.445293860509992 ], [ 523438.596497269521933, 9248256.317133039236069 ], [ 523454.428364351682831, 9248256.659846758469939 ], [ 523454.221986442629714, 9248266.193598816171288 ], [ 523450.642583771084901, 9248266.116115193814039 ], [ 523449.956259999948088, 9248269.137000001966953 ], [ 523448.697289546078537, 9248266.825896076858044 ], [ 523442.463559999945574, 9248266.671660002321005 ], [ 523447.582534831017256, 9248267.617895452305675 ], [ 523447.412265401741024, 9248275.483594495803118 ], [ 523436.821858852053992, 9248275.254343101754785 ] ] ] } },
{ "type": "Feature", "properties": { "id": 303, "area_m2": 11.226638351731442, "status": "candidate - needs field verification" }, "geometry": { "type": "Polygon", "coordinates": [ [ [ 523360.28655502316542, 9248276.312952425330877 ], [ 523359.97968240478076, 9248275.147600691765547 ], [ 523361.026132063532714, 9248274.872038612142205 ], [ 523360.773401120561175, 9248273.91229041479528 ], [ 523361.431932682637125, 9248273.738878989592195 ], [ 523361.283501281985082, 9248273.175209311768413 ], [ 523364.186478772608098, 9248272.410766888409853 ], [ 523365.210563194763381, 9248272.922809099778533 ], [ 523365.547328857239336, 9248274.201679956167936 ], [ 523364.97453999996651, 9248274.599420001730323 ], [ 523362.654219999967609, 9248275.131160002201796 ], [ 523360.913979999953881, 9248276.242980001494288 ], [ 523360.28655502316542, 9248276.312952425330877 ] ] ] } },
{ "type": "Feature", "properties": { "id": 304, "area_m2": 13.901500553767917, "status": "candidate - needs field verification" }, "geometry": { "type": "Polygon", "coordinates": [ [ [ 523162.242685924633406, 9248276.715497303754091 ], [ 523162.671640000015032, 9248274.406060000881553 ], [ 523163.313505667960271, 9248272.92148600704968 ], [ 523164.315200000011828, 9248272.955860001966357 ], [ 523165.620379999978468, 9248273.149220000952482 ], [ 523166.91944038803922, 9248273.678801639005542 ], [ 523166.636747733515222, 9248275.213889932259917 ], [ 523165.271725241618697, 9248276.05390377342701 ], [ 523165.054532832757104, 9248277.233310168609023 ], [ 523162.242685924633406, 9248276.715497303754091 ] ] ] } },
{ "type": "Feature", "properties": { "id": 305, "area_m2": 164.63295752934934, "status": "candidate - needs field verification" }, "geometry": { "type": "Polygon", "coordinates": [ [ [ 523252.332163268059958, 9248277.638740923255682 ], [ 523250.20189949934138, 9248274.621195049956441 ], [ 523256.081979281967506, 9248270.470099609345198 ], [ 523253.313848863937892, 9248266.549007469788194 ], [ 523255.29108, 9248264.254660001024604 ], [ 523264.135651485936251, 9248257.681955218315125 ], [ 523266.014873523206916, 9248257.874695939943194 ], [ 523270.895494524622336, 9248264.788158006966114 ], [ 523263.557219999958761, 9248270.103800000622869 ], [ 523257.6114, 9248272.617480002343655 ], [ 523252.332163268059958, 9248277.638740923255682 ] ] ] } },
{ "type": "Feature", "properties": { "id": 306, "area_m2": 16.18356288943097, "status": "candidate - needs field verification" }, "geometry": { "type": "Polygon", "coordinates": [ [ [ 523448.724182833626401, 9248278.258387228474021 ], [ 523448.45397668343503, 9248276.11397266946733 ], [ 523448.556678898865357, 9248276.101031716912985 ], [ 523448.436557073961012, 9248275.147718884050846 ], [ 523453.997386696981266, 9248274.447028638795018 ], [ 523454.305101222358644, 9248276.889117790386081 ], [ 523452.953339999949094, 9248276.968080000951886 ], [ 523451.88986, 9248277.789860000833869 ], [ 523448.724182833626401, 9248278.258387228474021 ] ] ] } },
{ "type": "Feature", "properties": { "id": 307, "area_m2": 8.6121127659216832, "status": "candidate - needs field verification" }, "geometry": { "type": "Polygon", "coordinates": [ [ [ 523425.06115999998292, 9248277.064760001376271 ], [ 523433.327299999946263, 9248277.016420001164079 ], [ 523433.423979999963194, 9248277.548160001635551 ], [ 523432.94058, 9248277.693180002272129 ], [ 523432.988919999974314, 9248278.176580000668764 ], [ 523431.635399999970105, 9248277.741520000621676 ], [ 523431.39369999995688, 9248278.224920000880957 ], [ 523429.79848, 9248278.031560001894832 ], [ 523427.719859999953769, 9248278.853340001776814 ], [ 523426.076299999956973, 9248277.693180002272129 ], [ 523425.93127999996068, 9248277.113100001588464 ], [ 523425.4962199999718, 9248277.451480001211166 ], [ 523425.06115999998292, 9248277.064760001376271 ] ] ] } },
{ "type": "Feature", "properties": { "id": 308, "area_m2": 52.491360671344424, "status": "candidate - needs field verification" }, "geometry": { "type": "Polygon", "coordinates": [ [ [ 523229.241772114823107, 9248279.344539916142821 ], [ 523224.126687601499725, 9248270.830419940873981 ], [ 523225.85202, 9248269.523720001801848 ], [ 523228.550725932582282, 9248268.374680116772652 ], [ 523231.652820000017527, 9248273.197560001164675 ], [ 523233.958719331014436, 9248276.366871189326048 ], [ 523232.52294, 9248276.968080000951886 ], [ 523230.686019999964628, 9248278.9500200022012 ], [ 523229.241772114823107, 9248279.344539916142821 ] ] ] } },
{ "type": "Feature", "properties": { "id": 309, "area_m2": 14.340669115668275, "status": "candidate - needs field verification" }, "geometry": { "type": "Polygon", "coordinates": [ [ [ 523522.707959999970626, 9248280.738600000739098 ], [ 523522.321239999961108, 9248280.351880000904202 ], [ 523521.112739999953192, 9248280.49690000154078 ], [ 523519.614199999952689, 9248279.24006000161171 ], [ 523519.517519999935757, 9248277.113100001588464 ], [ 523520.1459399999585, 9248275.372860001400113 ], [ 523521.982859999989159, 9248275.566220002248883 ], [ 523522.804639999987558, 9248276.001280002295971 ], [ 523522.707959999970626, 9248280.738600000739098 ] ] ] } },
{ "type": "Feature", "properties": { "id": 310, "area_m2": 20.661593017024618, "status": "candidate - needs field verification" }, "geometry": { "type": "Polygon", "coordinates": [ [ [ 523247.12162, 9248280.931960001587868 ], [ 523245.42972000001464, 9248279.43342000246048 ], [ 523245.526399999973364, 9248277.016420001164079 ], [ 523243.447779999987688, 9248275.179500002413988 ], [ 523243.30276, 9248274.019340001046658 ], [ 523244.269559999986086, 9248272.279100000858307 ], [ 523243.447779999987688, 9248270.635540001094341 ], [ 523244.559599999978673, 9248270.877240002155304 ], [ 523246.83158, 9248273.58428000099957 ], [ 523246.638219999964349, 9248275.711240001022816 ], [ 523245.574740000010934, 9248276.968080000951886 ], [ 523246.589879999984987, 9248277.016420001164079 ], [ 523248.08841999998549, 9248279.095040000975132 ], [ 523248.08841999998549, 9248280.110180001705885 ], [ 523247.12162, 9248280.931960001587868 ] ] ] } },
{ "type": "Feature", "properties": { "id": 311, "area_m2": 36.90931906812424, "status": "candidate - needs field verification" }, "geometry": { "type": "Polygon", "coordinates": [ [ [ 523366.01353199564619, 9248281.227545335888863 ], [ 523365.699639999947976, 9248280.0135000012815 ], [ 523365.457762240199372, 9248277.66668227314949 ], [ 523366.714779999980237, 9248277.113100001588464 ], [ 523372.902299999957904, 9248276.678040001541376 ], [ 523375.122577689180616, 9248276.852300928905606 ], [ 523375.292615502839908, 9248278.996387913823128 ], [ 523373.946939845744055, 9248280.59838274307549 ], [ 523366.01353199564619, 9248281.227545335888863 ] ] ] } },
{ "type": "Feature", "properties": { "id": 312, "area_m2": 82.966976767066214, "status": "candidate - needs field verification" }, "geometry": { "type": "Polygon", "coordinates": [ [ [ 523468.400316339510027, 9248283.964361490681767 ], [ 523467.634935718262568, 9248283.372931011021137 ], [ 523466.753950907848775, 9248278.77697460912168 ], [ 523463.715415363782085, 9248279.35942218452692 ], [ 523463.339376171818003, 9248277.397686054930091 ], [ 523467.411708978121169, 9248276.61707304790616 ], [ 523468.103468571440317, 9248275.731620769947767 ], [ 523473.408873445470817, 9248274.714643953368068 ], [ 523473.594519999984186, 9248273.874320002272725 ], [ 523476.446579999988899, 9248277.161440001800656 ], [ 523477.615644621662796, 9248281.919023236259818 ], [ 523476.494919999968261, 9248282.382160002365708 ], [ 523468.400316339510027, 9248283.964361490681767 ] ] ] } },
{ "type": "Feature", "properties": { "id": 313, "area_m2": 94.56485029644989, "status": "candidate - needs field verification" }, "geometry": { "type": "Polygon", "coordinates": [ [ [ 523272.45178, 9248282.043780000880361 ], [ 523268.05283999996027, 9248280.30354000069201 ], [ 523262.075296874972992, 9248274.37693309597671 ], [ 523262.075296874972992, 9248273.081614078953862 ], [ 523264.862399999983609, 9248270.200480001047254 ], [ 523267.789423032081686, 9248268.829154673963785 ], [ 523273.728910710546188, 9248274.115982428193092 ], [ 523271.167748634121381, 9248276.993320465087891 ], [ 523274.520413040416315, 9248279.977577727288008 ], [ 523273.561521191732027, 9248281.054844962432981 ], [ 523275.569808945641853, 9248282.842452244833112 ], [ 523274.280593656236306, 9248284.290821416303515 ], [ 523272.45178, 9248282.043780000880361 ] ] ] } },
{ "type": "Feature", "properties": { "id": 314, "area_m2": 184.18915151909971, "status": "candidate - needs field verification" }, "geometry": { "type": "Polygon", "coordinates": [ [ [ 523188.445313360134605, 9248269.722919262945652 ], [ 523195.423704974236898, 9248264.249655708670616 ], [ 523197.138059999968391, 9248265.366480002179742 ], [ 523206.991400741564576, 9248278.011305410414934 ], [ 523206.602681871969253, 9248280.392208486795425 ], [ 523200.54177948157303, 9248285.145870650187135 ], [ 523188.445313360134605, 9248269.722919262945652 ] ] ] } },
{ "type": "Feature", "properties": { "id": 315, "area_m2": 46.403292705139883, "status": "candidate - needs field verification" }, "geometry": { "type": "Polygon", "coordinates": [ [ [ 523217.15081999998074, 9248284.509120002388954 ], [ 523216.2807, 9248283.155600002035499 ], [ 523216.764099999971222, 9248281.27034000121057 ], [ 523218.987740000011399, 9248278.514960002154112 ], [ 523219.95454, 9248278.853340001776814 ], [ 523220.147899999981746, 9248277.113100001588464 ], [ 523225.803680000011809, 9248277.209780002012849 ], [ 523225.803680000011809, 9248281.27034000121057 ], [ 523224.836880000017118, 9248281.125320002436638 ], [ 523224.88522, 9248280.110180001705885 ], [ 523223.676719999988563, 9248278.998360002413392 ], [ 523222.468219999980647, 9248279.72346000187099 ], [ 523223.62838, 9248281.850420001894236 ], [ 523223.24166, 9248282.817220002412796 ], [ 523218.649359999981243, 9248285.427580000832677 ], [ 523217.15081999998074, 9248284.509120002388954 ] ] ] } },
{ "type": "Feature", "properties": { "id": 316, "area_m2": 78.571181977219496, "status": "candidate - needs field verification" }, "geometry": { "type": "Polygon", "coordinates": [ [ [ 523236.364308541524224, 9248287.1676319912076 ], [ 523231.839668392844032, 9248280.445016885176301 ], [ 523236.3418, 9248277.064760001376271 ], [ 523240.701722917379811, 9248275.824403639882803 ], [ 523243.8018249021261, 9248280.430469922721386 ], [ 523243.504695422481745, 9248282.36181154102087 ], [ 523236.364308541524224, 9248287.1676319912076 ] ] ] } },
{ "type": "Feature", "properties": { "id": 317, "area_m2": 318.68789710408737, "status": "candidate - needs field verification" }, "geometry": { "type": "Polygon", "coordinates": [ [ [ 523170.26101999997627, 9248286.877780001610518 ], [ 523166.442159999976866, 9248282.285480001941323 ], [ 523174.369919999968261, 9248276.484680000692606 ], [ 523169.149199999985285, 9248260.242440002039075 ], [ 523176.35186, 9248255.746820000931621 ], [ 523178.043759999971371, 9248259.904060002416372 ], [ 523183.361159999971278, 9248257.728760002180934 ], [ 523186.98666, 9248265.511500000953674 ], [ 523176.303520000015851, 9248270.297160001471639 ], [ 523176.303520000015851, 9248276.968080000951886 ], [ 523189.887059999979101, 9248274.06768000125885 ], [ 523195.349479999975301, 9248283.107260001823306 ], [ 523192.062359999981709, 9248285.137540001422167 ], [ 523190.757180000015069, 9248280.593580001965165 ], [ 523183.84456, 9248282.478840000927448 ], [ 523180.0257, 9248277.886540001258254 ], [ 523174.7083, 9248278.369940001517534 ], [ 523175.09502, 9248283.058920001611114 ], [ 523170.26101999997627, 9248286.877780001610518 ] ] ] } },
{ "type": "Feature", "properties": { "id": 318, "area_m2": 142.03987761321036, "status": "candidate - needs field verification" }, "geometry": { "type": "Polygon", "coordinates": [ [ [ 523377.315494146081619, 9248287.411038817837834 ], [ 523376.881169529282488, 9248272.508764319121838 ], [ 523384.709424523636699, 9248272.280610967427492 ], [ 523386.292032748577185, 9248274.11310470290482 ], [ 523386.82421999995131, 9248278.853340001776814 ], [ 523387.00070985511411, 9248287.128764618188143 ], [ 523377.315494146081619, 9248287.411038817837834 ] ] ] } },
{ "type": "Feature", "properties": { "id": 319, "area_m2": 4.8201189318466504, "status": "candidate - needs field verification" }, "geometry": { "type": "Polygon", "coordinates": [ [ [ 523210.707444527186453, 9248287.515446670353413 ], [ 523209.660586097976193, 9248285.801127577200532 ], [ 523211.708572800387628, 9248284.550513178110123 ], [ 523212.755431229597889, 9248286.264832271263003 ], [ 523210.707444527186453, 9248287.515446670353413 ] ] ] } },
{ "type": "Feature", "properties": { "id": 320, "area_m2": 61.571173300274744, "status": "candidate - needs field verification" }, "geometry": { "type": "Polygon", "coordinates": [ [ [ 523257.224679999984801, 9248290.116560000926256 ], [ 523256.451239999965765, 9248288.279640002176166 ], [ 523257.563060000014957, 9248286.24936000071466 ], [ 523256.25788, 9248286.297700000926852 ], [ 523255.387760000012349, 9248284.799160001799464 ], [ 523255.6778, 9248280.110180001705885 ], [ 523258.481519999972079, 9248277.934880001470447 ], [ 523258.868239999981597, 9248276.242980001494288 ], [ 523260.85018, 9248275.469540001824498 ], [ 523262.687099999981001, 9248277.016420001164079 ], [ 523264.040619999985211, 9248280.061840001493692 ], [ 523262.300379999971483, 9248281.705400001257658 ], [ 523258.384840000013355, 9248282.962240001186728 ], [ 523260.946859999967273, 9248288.714700002223253 ], [ 523260.076739999989513, 9248289.294780001044273 ], [ 523259.49666, 9248288.086280001327395 ], [ 523257.224679999984801, 9248290.116560000926256 ] ] ] } },
{ "type": "Feature", "properties": { "id": 321, "area_m2": 13.830709968937875, "status": "candidate - needs field verification" }, "geometry": { "type": "Polygon", "coordinates": [ [ [ 523194.644419257936534, 9248290.928940130397677 ], [ 523193.053415460279211, 9248288.028008503839374 ], [ 523196.899561582889874, 9248285.918605774641037 ], [ 523197.524779999977909, 9248287.119480000808835 ], [ 523198.049621574871708, 9248288.723799744620919 ], [ 523195.68786, 9248290.454940002411604 ], [ 523194.644419257936534, 9248290.928940130397677 ] ] ] } },
{ "type": "Feature", "properties": { "id": 322, "area_m2": 87.646955571474436, "status": "candidate - needs field verification" }, "geometry": { "type": "Polygon", "coordinates": [ [ [ 523465.037207456538454, 9248291.548582350835204 ], [ 523464.349750779918395, 9248289.412924569100142 ], [ 523460.427710621035658, 9248290.675408061593771 ], [ 523458.865083430486266, 9248285.820939362049103 ], [ 523459.667493523971643, 9248284.553976057097316 ], [ 523463.249812911381014, 9248283.400846842676401 ], [ 523464.601710854971316, 9248287.60066257044673 ], [ 523477.356175187567715, 9248283.495069557800889 ], [ 523479.26126714394195, 9248284.627826938405633 ], [ 523479.944395763857756, 9248286.750039147213101 ], [ 523465.037207456538454, 9248291.548582350835204 ] ] ] } },
{ "type": "Feature", "properties": { "id": 323, "area_m2": 172.25978093938835, "status": "candidate - needs field verification" }, "geometry": { "type": "Polygon", "coordinates": [ [ [ 523131.975740000023507, 9248292.243520000949502 ], [ 523130.38052, 9248291.421740001067519 ], [ 523130.283839999989141, 9248285.524260001257062 ], [ 523126.8517, 9248284.895840002223849 ], [ 523126.948380000016186, 9248265.849880002439022 ], [ 523133.715979999979027, 9248265.994900001212955 ], [ 523135.746259999985341, 9248269.813760001212358 ], [ 523134.586100000014994, 9248278.079900002107024 ], [ 523127.480120000021998, 9248277.934880001470447 ], [ 523130.477200000023004, 9248282.817220002412796 ], [ 523131.975740000023507, 9248282.768880002200603 ], [ 523132.70084, 9248279.820140002295375 ], [ 523135.262860000017099, 9248285.427580000832677 ], [ 523137.679859999974724, 9248285.282560002058744 ], [ 523137.583180000016, 9248289.439800001680851 ], [ 523131.975740000023507, 9248292.243520000949502 ] ] ] } },
{ "type": "Feature", "properties": { "id": 324, "area_m2": 32.800130112504874, "status": "candidate - needs field verification" }, "geometry": { "type": "Polygon", "coordinates": [ [ [ 523233.471483294037171, 9248292.651616670191288 ], [ 523232.76464, 9248290.841660002246499 ], [ 523230.87938, 9248287.554540000855923 ], [ 523228.800760000012815, 9248286.15268000215292 ], [ 523227.73728, 9248283.735680000856519 ], [ 523227.520188617112581, 9248282.656838919967413 ], [ 523229.683814830495976, 9248281.364494804292917 ], [ 523232.039539999968838, 9248284.605800000950694 ], [ 523235.874923643481452, 9248291.216030441224575 ], [ 523233.471483294037171, 9248292.651616670191288 ] ] ] } },
{ "type": "Feature", "properties": { "id": 325, "area_m2": 490.74905384073224, "status": "candidate - needs field verification" }, "geometry": { "type": "Polygon", "coordinates": [ [ [ 523159.336179999983869, 9248292.67858000099659 ], [ 523155.565660000022035, 9248292.146840002387762 ], [ 523156.24242000002414, 9248284.895840002223849 ], [ 523136.568039999983739, 9248282.188800001516938 ], [ 523137.293140000023413, 9248277.016420001164079 ], [ 523154.6472, 9248277.499820001423359 ], [ 523155.90404, 9248268.073520001024008 ], [ 523140.966980000026524, 9248263.722920002415776 ], [ 523143.722360000014305, 9248249.752660000696778 ], [ 523157.499260000011418, 9248255.456780001521111 ], [ 523162.333259999984875, 9248264.883080001920462 ], [ 523159.336179999983869, 9248292.67858000099659 ] ] ] } },
{ "type": "Feature", "properties": { "id": 326, "area_m2": 199.60449497586384, "status": "candidate - needs field verification" }, "geometry": { "type": "Polygon", "coordinates": [ [ [ 523459.237539999943692, 9248290.503280000761151 ], [ 523450.584679999970831, 9248291.470080001279712 ], [ 523449.231159999966621, 9248294.805540001019835 ], [ 523442.36687999998685, 9248289.246440000832081 ], [ 523435.792639999941457, 9248290.406600002199411 ], [ 523433.0856, 9248287.941260000690818 ], [ 523439.369799999985844, 9248281.173660000786185 ], [ 523442.22186, 9248282.285480001941323 ], [ 523440.819999999948777, 9248277.306460002437234 ], [ 523443.43036, 9248277.016420001164079 ], [ 523445.363959999987856, 9248287.844580002129078 ], [ 523450.584679999970831, 9248291.228380002081394 ], [ 523446.330759999982547, 9248282.575520001351833 ], [ 523453.3884, 9248279.046700000762939 ], [ 523459.237539999943692, 9248290.503280000761151 ] ] ] } },
{ "type": "Feature", "properties": { "id": 327, "area_m2": 8.5432999789121329, "status": "candidate - needs field verification" }, "geometry": { "type": "Polygon", "coordinates": [ [ [ 523126.697423697041813, 9248294.916467783972621 ], [ 523126.988663055468351, 9248292.562564248219132 ], [ 523127.269121374120004, 9248292.313267964869738 ], [ 523129.779111384530552, 9248292.623819299042225 ], [ 523130.218125495128334, 9248293.125549709424376 ], [ 523129.9468001909554, 9248295.318500539287925 ], [ 523126.697423697041813, 9248294.916467783972621 ] ] ] } },
{ "type": "Feature", "properties": { "id": 328, "area_m2": 99.01779564609987, "status": "candidate - needs field verification" }, "geometry": { "type": "Polygon", "coordinates": [ [ [ 523246.498803526046686, 9248295.499546421691775 ], [ 523241.615652406529989, 9248287.719152573496103 ], [ 523250.738537651777733, 9248281.993423495441675 ], [ 523254.517639999976382, 9248287.844580002129078 ], [ 523255.364758504205383, 9248289.935072589665651 ], [ 523246.498803526046686, 9248295.499546421691775 ] ] ] } },
{ "type": "Feature", "properties": { "id": 329, "area_m2": 8.0610279973556462, "status": "candidate - needs field verification" }, "geometry": { "type": "Polygon", "coordinates": [ [ [ 523437.948292015935294, 9248294.828540733084083 ], [ 523438.403, 9248293.597040001302958 ], [ 523438.789719999942463, 9248292.920280002057552 ], [ 523439.451838791603222, 9248292.322531269863248 ], [ 523442.014592117862776, 9248293.75248596817255 ], [ 523441.420618808653671, 9248294.817000161856413 ], [ 523441.173242476826999, 9248294.678970120847225 ], [ 523440.743627426913008, 9248295.448922762647271 ], [ 523440.075200624298304, 9248295.075956689193845 ], [ 523439.675506681553088, 9248295.792284961789846 ], [ 523437.948292015935294, 9248294.828540733084083 ] ] ] } },
{ "type": "Feature", "properties": { "id": 330, "area_m2": 7.5842406546982248, "status": "candidate - needs field verification" }, "geometry": { "type": "Polygon", "coordinates": [ [ [ 523379.04586938850116, 9248298.697885891422629 ], [ 523378.958780208660755, 9248297.04557710327208 ], [ 523379.428199999965727, 9248296.932500001043081 ], [ 523383.256136019423138, 9248296.664893370121717 ], [ 523383.336864166427404, 9248298.196516780182719 ], [ 523383.096994016610552, 9248298.484360959380865 ], [ 523379.04586938850116, 9248298.697885891422629 ] ] ] } },
{ "type": "Feature", "properties": { "id": 331, "area_m2": 103.84905615655322, "status": "candidate - needs field verification" }, "geometry": { "type": "Polygon", "coordinates": [ [ [ 523223.119596834061667, 9248298.161192005500197 ], [ 523219.80952, 9248292.968620002269745 ], [ 523217.117433387262281, 9248288.138179656118155 ], [ 523221.793470427568536, 9248285.617237981408834 ], [ 523223.094924961100332, 9248288.031276222318411 ], [ 523226.78083342697937, 9248286.044131942093372 ], [ 523231.304477909230627, 9248294.434936603531241 ], [ 523225.626458574377466, 9248297.496066242456436 ], [ 523226.331343604833819, 9248298.803541358560324 ], [ 523223.119596834061667, 9248298.161192005500197 ] ] ] } },
{ "type": "Feature", "properties": { "id": 332, "area_m2": 9.1608911980943635, "status": "candidate - needs field verification" }, "geometry": { "type": "Polygon", "coordinates": [ [ [ 523434.150542850082275, 9248299.331088984385133 ], [ 523432.79556, 9248298.141000000759959 ], [ 523432.248666672094259, 9248297.443203072994947 ], [ 523433.57027660717722, 9248295.856652060523629 ], [ 523434.187681740208063, 9248295.822351776063442 ], [ 523436.227699999988545, 9248297.560920001938939 ], [ 523436.565683034597896, 9248298.053127331659198 ], [ 523435.840979999979027, 9248298.914440002292395 ], [ 523435.261589350702707, 9248299.265733307227492 ], [ 523434.150542850082275, 9248299.331088984385133 ] ] ] } },
{ "type": "Feature", "properties": { "id": 333, "area_m2": 463.2688079664689, "status": "candidate - needs field verification" }, "geometry": { "type": "Polygon", "coordinates": [ [ [ 523499.359739999985322, 9248299.252820001915097 ], [ 523494.767439999966882, 9248297.754280000925064 ], [ 523492.398779999988619, 9248293.016960000619292 ], [ 523489.063319999957457, 9248294.563840001821518 ], [ 523495.879259999957867, 9248285.765960002318025 ], [ 523483.93928, 9248283.203940002247691 ], [ 523479.588679999986198, 9248271.118940001353621 ], [ 523480.458799999963958, 9248265.414820002391934 ], [ 523497.329459999979008, 9248264.254660001024604 ], [ 523494.332379999978002, 9248271.167280001565814 ], [ 523496.846059999952558, 9248276.968080000951886 ], [ 523493.462259999942034, 9248277.886540001258254 ], [ 523493.365579999983311, 9248282.188800001516938 ], [ 523496.846059999952558, 9248277.983220001682639 ], [ 523507.964259999978822, 9248284.170740000903606 ], [ 523499.359739999985322, 9248299.252820001915097 ] ] ] } },
{ "type": "Feature", "properties": { "id": 334, "area_m2": 34.745617925093768, "status": "candidate - needs field verification" }, "geometry": { "type": "Polygon", "coordinates": [ [ [ 523200.893138858955353, 9248301.23915452696383 ], [ 523197.765837471582927, 9248295.515945829451084 ], [ 523198.016667882213369, 9248294.512624187394977 ], [ 523201.245651188539341, 9248292.748228633776307 ], [ 523202.068740000016987, 9248293.548700001090765 ], [ 523204.875557377759833, 9248298.866015486419201 ], [ 523204.636465861287434, 9248299.583290036767721 ], [ 523201.778699999966193, 9248301.04140000231564 ], [ 523200.893138858955353, 9248301.23915452696383 ] ] ] } },
{ "type": "Feature", "properties": { "id": 335, "area_m2": 5.7205746696311488, "status": "candidate - needs field verification" }, "geometry": { "type": "Polygon", "coordinates": [ [ [ 523442.737599605170544, 9248301.541218113154173 ], [ 523442.897931297600735, 9248301.176302585750818 ], [ 523441.93182, 9248300.993060002103448 ], [ 523441.158215891569853, 9248300.573475176468492 ], [ 523442.030172552214935, 9248298.58889857493341 ], [ 523444.228693094744813, 9248299.554855054244399 ], [ 523444.058779999963008, 9248300.461320001631975 ], [ 523443.405698373389896, 9248301.834758393466473 ], [ 523442.737599605170544, 9248301.541218113154173 ] ] ] } },
{ "type": "Feature", "properties": { "id": 336, "area_m2": 7.3519115452172521, "status": "candidate - needs field verification" }, "geometry": { "type": "Polygon", "coordinates": [ [ [ 523259.047576305165421, 9248302.302418492734432 ], [ 523258.497621219314169, 9248301.697467898949981 ], [ 523258.817797606636304, 9248299.003528989851475 ], [ 523259.407439433329273, 9248299.073608303442597 ], [ 523259.33297553221928, 9248299.70014170370996 ], [ 523261.216538291599136, 9248299.924004359170794 ], [ 523261.948869626794476, 9248301.083528975024819 ], [ 523261.865587051433977, 9248301.784262005239725 ], [ 523260.483580469503067, 9248301.620009625330567 ], [ 523260.383603708876763, 9248302.461206216365099 ], [ 523259.047576305165421, 9248302.302418492734432 ] ] ] } },
{ "type": "Feature", "properties": { "id": 337, "area_m2": 43.07307841137991, "status": "candidate - needs field verification" }, "geometry": { "type": "Polygon", "coordinates": [ [ [ 523519.234382241033018, 9248302.717910600826144 ], [ 523517.390559999970719, 9248301.234760001301765 ], [ 523515.774127008859068, 9248299.375576687976718 ], [ 523520.967719999956898, 9248292.436880001798272 ], [ 523522.747360482288059, 9248290.597002761438489 ], [ 523522.84997255471535, 9248298.395520266145468 ], [ 523519.234382241033018, 9248302.717910600826144 ] ] ] } },
{ "type": "Feature", "properties": { "id": 338, "area_m2": 75.024993047624719, "status": "candidate - needs field verification" }, "geometry": { "type": "Polygon", "coordinates": [ [ [ 523179.441478175518569, 9248298.500422025099397 ], [ 523180.41242, 9248297.705940000712872 ], [ 523190.51548, 9248292.920280002057552 ], [ 523195.277800512907561, 9248292.032521795481443 ], [ 523196.42201333650155, 9248294.293214993551373 ], [ 523196.254893933422863, 9248294.752793351188302 ], [ 523188.968600000021979, 9248298.189340000972152 ], [ 523186.793300000019372, 9248300.461320001631975 ], [ 523181.684413888724521, 9248302.931931097060442 ], [ 523179.441478175518569, 9248298.500422025099397 ] ] ] } },
{ "type": "Feature", "properties": { "id": 339, "area_m2": 132.263136175412, "status": "candidate - needs field verification" }, "geometry": { "type": "Polygon", "coordinates": [ [ [ 523138.287484787811991, 9248304.836993930861354 ], [ 523138.459892932558432, 9248297.275552472099662 ], [ 523140.848030284803826, 9248295.050242668017745 ], [ 523142.892607750778552, 9248295.096861001104116 ], [ 523142.93562798819039, 9248293.210088148713112 ], [ 523146.741044161724858, 9248293.296855300664902 ], [ 523146.691148774814792, 9248295.485157063230872 ], [ 523151.631543763389345, 9248295.597802825272083 ], [ 523151.41405701788608, 9248305.136292414739728 ], [ 523138.287484787811991, 9248304.836993930861354 ] ] ] } },
{ "type": "Feature", "properties": { "id": 340, "area_m2": 203.90587166313875, "status": "candidate - needs field verification" }, "geometry": { "type": "Polygon", "coordinates": [ [ [ 523248.676780682639219, 9248302.542593164369464 ], [ 523240.817792300542351, 9248306.741237368434668 ], [ 523235.094470704672858, 9248296.028370132669806 ], [ 523242.851127920788713, 9248291.884396089240909 ], [ 523245.779689880902879, 9248297.366054764017463 ], [ 523254.308260030986276, 9248292.809688232839108 ], [ 523257.778863565414213, 9248299.305935958400369 ], [ 523256.215560765471309, 9248303.94001211412251 ], [ 523250.931520486716181, 9248306.762996958568692 ], [ 523248.676780682639219, 9248302.542593164369464 ] ] ] } },
{ "type": "Feature", "properties": { "id": 341, "area_m2": 26.706637008813146, "status": "candidate - needs field verification" }, "geometry": { "type": "Polygon", "coordinates": [ [ [ 523126.624698299216107, 9248308.012514047324657 ], [ 523127.088949798839167, 9248301.911714134737849 ], [ 523127.629239306028467, 9248301.518776310607791 ], [ 523126.809968930727337, 9248301.456432435661554 ], [ 523126.916784754546825, 9248300.052749369293451 ], [ 523128.004758099035826, 9248300.135540686547756 ], [ 523128.605291146668606, 9248300.821864169090986 ], [ 523128.520899741793983, 9248301.930864518508315 ], [ 523129.606012970791198, 9248302.013438189402223 ], [ 523131.024254866235424, 9248303.431680085137486 ], [ 523130.652344947797246, 9248308.319005167111754 ], [ 523126.624698299216107, 9248308.012514047324657 ] ] ] } },
{ "type": "Feature", "properties": { "id": 342, "area_m2": 16.029737966959615, "status": "candidate - needs field verification" }, "geometry": { "type": "Polygon", "coordinates": [ [ [ 523183.053111968445592, 9248309.09349699318409 ], [ 523182.055593495082576, 9248307.259147914126515 ], [ 523181.121802553709131, 9248307.010136995464563 ], [ 523179.977360000018962, 9248305.585360001772642 ], [ 523179.327368145808578, 9248304.112079318612814 ], [ 523180.364079999970272, 9248303.410060001537204 ], [ 523181.936918228922877, 9248302.887214513495564 ], [ 523184.912311700114515, 9248308.358702428638935 ], [ 523183.386123458622023, 9248309.18864313326776 ], [ 523183.053111968445592, 9248309.09349699318409 ] ] ] } },
{ "type": "Feature", "properties": { "id": 343, "area_m2": 134.65942209521899, "status": "candidate - needs field verification" }, "geometry": { "type": "Polygon", "coordinates": [ [ [ 523215.287521723133978, 9248309.949640940874815 ], [ 523209.990858725330327, 9248298.794737404212356 ], [ 523219.841650416492485, 9248294.117303512990475 ], [ 523225.138313414296135, 9248305.272207051515579 ], [ 523215.287521723133978, 9248309.949640940874815 ] ] ] } },
{ "type": "Feature", "properties": { "id": 344, "area_m2": 77.245079379573028, "status": "candidate - needs field verification" }, "geometry": { "type": "Polygon", "coordinates": [ [ [ 523235.472336550534237, 9248310.165577817708254 ], [ 523234.566115734516643, 9248308.249111041426659 ], [ 523232.288555004692171, 9248307.262168059125543 ], [ 523229.149691034224816, 9248308.746411828324199 ], [ 523226.035823562997393, 9248302.16123584471643 ], [ 523227.833960000018124, 9248301.766500001773238 ], [ 523234.332562764291652, 9248298.457047779113054 ], [ 523237.859063910145778, 9248305.914857355877757 ], [ 523236.673232829314657, 9248306.475589649751782 ], [ 523237.879783891781699, 9248309.027191845700145 ], [ 523235.472336550534237, 9248310.165577817708254 ] ] ] } },
{ "type": "Feature", "properties": { "id": 345, "area_m2": 421.46191316349518, "status": "candidate - needs field verification" }, "geometry": { "type": "Polygon", "coordinates": [ [ [ 523471.002363272651564, 9248312.485330427065492 ], [ 523467.088621667178813, 9248300.481495387852192 ], [ 523458.176931386638898, 9248303.387071223929524 ], [ 523456.48421970650088, 9248302.345402497798204 ], [ 523454.410171296854969, 9248295.984089594334364 ], [ 523464.019303370791022, 9248292.851119184866548 ], [ 523466.150159999961033, 9248296.304080002009869 ], [ 523465.483253332204185, 9248292.723826583474874 ], [ 523479.561667052621488, 9248288.13368740491569 ], [ 523482.102359999960754, 9248292.436880001798272 ], [ 523484.20071881642798, 9248303.931210394948721 ], [ 523487.000403773330618, 9248303.018398491665721 ], [ 523488.253200669889338, 9248306.860851265490055 ], [ 523471.002363272651564, 9248312.485330427065492 ] ] ] } },
{ "type": "Feature", "properties": { "id": 346, "area_m2": 24.202154205551196, "status": "candidate - needs field verification" }, "geometry": { "type": "Polygon", "coordinates": [ [ [ 523436.276039999967907, 9248312.352960001677275 ], [ 523435.355480541882571, 9248312.11057205311954 ], [ 523434.190621072775684, 9248310.770983664318919 ], [ 523435.214926466927864, 9248304.929103871807456 ], [ 523437.822919999947771, 9248305.053620001301169 ], [ 523438.554189966002014, 9248305.327795470133424 ], [ 523437.58122, 9248309.065840002149343 ], [ 523438.25798, 9248310.951100001111627 ], [ 523437.875794825667981, 9248312.378573827445507 ], [ 523436.276039999967907, 9248312.352960001677275 ] ] ] } },
{ "type": "Feature", "properties": { "id": 347, "area_m2": 50.323200221707253, "status": "candidate - needs field verification" }, "geometry": { "type": "Polygon", "coordinates": [ [ [ 523452.373259999963921, 9248314.093200001865625 ], [ 523450.971399999980349, 9248314.383240001276135 ], [ 523443.043639999988955, 9248310.516040001064539 ], [ 523446.330759999982547, 9248303.700100000947714 ], [ 523448.554399999964517, 9248303.796780001372099 ], [ 523448.554399999964517, 9248309.259200001135468 ], [ 523450.101279999944381, 9248309.452560001984239 ], [ 523452.953339999949094, 9248311.241140002384782 ], [ 523452.373259999963921, 9248314.093200001865625 ] ] ] } },
{ "type": "Feature", "properties": { "id": 348, "area_m2": 69.106399228633862, "status": "candidate - needs field verification" }, "geometry": { "type": "Polygon", "coordinates": [ [ [ 523260.221759999985807, 9248311.192800002172589 ], [ 523259.835039999976289, 9248309.259200001135468 ], [ 523257.293685976357665, 9248306.033826919272542 ], [ 523261.484308105311356, 9248302.345623007044196 ], [ 523262.010339999978896, 9248302.588280001655221 ], [ 523268.919760582968593, 9248310.44568993896246 ], [ 523267.907819999963976, 9248311.531180001795292 ], [ 523265.24912, 9248312.497980002313852 ], [ 523263.139472082431894, 9248314.730786092579365 ], [ 523260.221759999985807, 9248311.192800002172589 ] ] ] } },
{ "type": "Feature", "properties": { "id": 349, "area_m2": 101.15352115785521, "status": "candidate - needs field verification" }, "geometry": { "type": "Polygon", "coordinates": [ [ [ 523242.646564658905845, 9248314.002581598237157 ], [ 523243.371701277501415, 9248308.144560694694519 ], [ 523245.884004072111566, 9248308.455546740442514 ], [ 523246.128155456332024, 9248306.483168190345168 ], [ 523256.209540000010747, 9248307.228920001536608 ], [ 523256.665024571411777, 9248307.514548860490322 ], [ 523255.66246192046674, 9248315.613757776096463 ], [ 523242.646564658905845, 9248314.002581598237157 ] ] ] } },
{ "type": "Feature", "properties": { "id": 350, "area_m2": 128.11145739186475, "status": "candidate - needs field verification" }, "geometry": { "type": "Polygon", "coordinates": [ [ [ 523311.26879999996163, 9248316.848580000922084 ], [ 523309.8186, 9248316.316840002313256 ], [ 523308.70678, 9248313.02972000092268 ], [ 523302.954319999960717, 9248313.561460001394153 ], [ 523302.374239999975543, 9248310.709400001913309 ], [ 523305.85472, 9248308.969160001724958 ], [ 523305.371319999976549, 9248301.089740000665188 ], [ 523308.56175999995321, 9248299.10780000127852 ], [ 523312.090579999960028, 9248298.721080001443624 ], [ 523313.685799999977462, 9248301.621480001136661 ], [ 523313.2024, 9248312.497980002313852 ], [ 523310.737059999955818, 9248314.431580001488328 ], [ 523313.299079999967944, 9248315.060000002384186 ], [ 523313.63746, 9248316.316840002313256 ], [ 523311.26879999996163, 9248316.848580000922084 ] ] ] } },
{ "type": "Feature", "properties": { "id": 351, "area_m2": 10.599316067535373, "status": "candidate - needs field verification" }, "geometry": { "type": "Polygon", "coordinates": [ [ [ 523331.884744126873557, 9248317.134069366380572 ], [ 523330.696337118919473, 9248316.39131498709321 ], [ 523330.262369971256703, 9248315.090751297771931 ], [ 523330.660299598646816, 9248314.444115653634071 ], [ 523332.801426522259135, 9248313.729672560468316 ], [ 523334.101936999824829, 9248314.29864589497447 ], [ 523334.520339999988209, 9248314.914980001747608 ], [ 523334.808040885603987, 9248315.950870217755437 ], [ 523333.94026, 9248316.510200001299381 ], [ 523331.884744126873557, 9248317.134069366380572 ] ] ] } },
{ "type": "Feature", "properties": { "id": 352, "area_m2": 202.61073104359579, "status": "candidate - needs field verification" }, "geometry": { "type": "Polygon", "coordinates": [ [ [ 523522.804639999987558, 9248317.138620002195239 ], [ 523520.677679999964312, 9248316.026800001040101 ], [ 523521.06439999997383, 9248312.836360001936555 ], [ 523517.197199999936856, 9248310.612720001488924 ], [ 523513.475019999954384, 9248312.691340001299977 ], [ 523509.172759999986738, 9248309.355880001559854 ], [ 523505.837299999955576, 9248313.464780000969768 ], [ 523502.501839999982622, 9248314.334900001063943 ], [ 523498.199579999956768, 9248312.111260000616312 ], [ 523498.102899999939837, 9248310.129320001229644 ], [ 523502.88856, 9248305.682040002197027 ], [ 523505.692279999959283, 9248306.98722000233829 ], [ 523504.822159999981523, 9248303.700100000947714 ], [ 523509.124419999949168, 9248297.609260002151132 ], [ 523514.780199999979232, 9248303.845120001584291 ], [ 523522.804639999987558, 9248308.050700001418591 ], [ 523522.804639999987558, 9248317.138620002195239 ] ] ] } },
{ "type": "Feature", "properties": { "id": 353, "area_m2": 181.20611114279279, "status": "candidate - needs field verification" }, "geometry": { "type": "Polygon", "coordinates": [ [ [ 523194.757215417688712, 9248317.894825790077448 ], [ 523191.118146802939009, 9248311.330346193164587 ], [ 523192.056817555043381, 9248308.305740436539054 ], [ 523189.27060078951763, 9248303.279711790382862 ], [ 523198.419131936330814, 9248298.208154771476984 ], [ 523205.906327280157711, 9248311.714231811463833 ], [ 523194.757215417688712, 9248317.894825790077448 ] ] ] } },
{ "type": "Feature", "properties": { "id": 354, "area_m2": 7.9023575663163923, "status": "candidate - needs field verification" }, "geometry": { "type": "Polygon", "coordinates": [ [ [ 523433.662570616172161, 9248317.378712916746736 ], [ 523434.186351549986284, 9248315.573798015713692 ], [ 523434.902899946318939, 9248315.096099084243178 ], [ 523437.222925856534857, 9248315.769363701343536 ], [ 523437.146159999945667, 9248317.138620002195239 ], [ 523436.763501377135981, 9248318.278593797236681 ], [ 523433.662570616172161, 9248317.378712916746736 ] ] ] } },
{ "type": "Feature", "properties": { "id": 355, "area_m2": 59.170892729116801, "status": "candidate - needs field verification" }, "geometry": { "type": "Polygon", "coordinates": [ [ [ 523266.623841710854322, 9248320.844046471640468 ], [ 523264.658832706743851, 9248319.033321287482977 ], [ 523265.762377058796119, 9248317.835748840123415 ], [ 523265.762377058796119, 9248315.794796818867326 ], [ 523271.60648867895361, 9248309.452734503895044 ], [ 523273.789651376369875, 9248311.464484918862581 ], [ 523275.339417643263005, 9248309.78266997821629 ], [ 523275.242952329921536, 9248316.969335818663239 ], [ 523273.273443227633834, 9248315.154463864862919 ], [ 523267.61777999997139, 9248320.2323800008744 ], [ 523266.623841710854322, 9248320.844046471640468 ] ] ] } },
{ "type": "Feature", "properties": { "id": 356, "area_m2": 108.38286675548626, "status": "candidate - needs field verification" }, "geometry": { "type": "Polygon", "coordinates": [ [ [ 523178.619296478922479, 9248322.257702929899096 ], [ 523175.626760000013746, 9248319.265580002218485 ], [ 523173.310172883211635, 9248315.164728140458465 ], [ 523176.448540000012144, 9248312.014580002054572 ], [ 523181.794438945886213, 9248307.983818493783474 ], [ 523186.69662, 9248313.126400001347065 ], [ 523187.699184186989442, 9248314.794724868610501 ], [ 523178.619296478922479, 9248322.257702929899096 ] ] ] } },
{ "type": "Feature", "properties": { "id": 357, "area_m2": 165.33831085235838, "status": "candidate - needs field verification" }, "geometry": { "type": "Polygon", "coordinates": [ [ [ 523473.207799999974668, 9248323.181120000779629 ], [ 523467.213639999972656, 9248321.827600002288818 ], [ 523467.020279999938793, 9248318.782180001959205 ], [ 523463.733159999945201, 9248316.800240000709891 ], [ 523455.418679999944288, 9248317.283640000969172 ], [ 523455.321999999985565, 9248308.437420001253486 ], [ 523462.863039999967441, 9248304.570220001041889 ], [ 523464.264899999951012, 9248305.923740001395345 ], [ 523463.684819999965839, 9248315.881780002266169 ], [ 523469.243919999978971, 9248313.126400001347065 ], [ 523474.899699999950826, 9248313.464780000969768 ], [ 523473.207799999974668, 9248323.181120000779629 ] ] ] } },
{ "type": "Feature", "properties": { "id": 358, "area_m2": 31.723468112933006, "status": "candidate - needs field verification" }, "geometry": { "type": "Polygon", "coordinates": [ [ [ 523185.560660853923764, 9248323.98757660575211 ], [ 523183.406178421515506, 9248319.344664990901947 ], [ 523189.028244284156244, 9248316.735818831250072 ], [ 523191.182726716564503, 9248321.378730446100235 ], [ 523185.560660853923764, 9248323.98757660575211 ] ] ] } },
{ "type": "Feature", "properties": { "id": 359, "area_m2": 126.89630269783953, "status": "candidate - needs field verification" }, "geometry": { "type": "Polygon", "coordinates": [ [ [ 523316.365142791008111, 9248324.57561082392931 ], [ 523315.37769999995362, 9248311.627860002219677 ], [ 523314.009883627062663, 9248307.473338562995195 ], [ 523321.544239939015824, 9248306.36317122913897 ], [ 523322.414844877261203, 9248307.133321752771735 ], [ 523322.778504430199973, 9248309.601364688947797 ], [ 523317.12241519219242, 9248310.434774372726679 ], [ 523316.842294124537148, 9248310.846717119216919 ], [ 523317.230798313568812, 9248313.48337278328836 ], [ 523323.815150136710145, 9248312.513186080381274 ], [ 523325.396435746341012, 9248323.244873862713575 ], [ 523316.365142791008111, 9248324.57561082392931 ] ] ] } },
{ "type": "Feature", "properties": { "id": 360, "area_m2": 100.04906395557225, "status": "candidate - needs field verification" }, "geometry": { "type": "Polygon", "coordinates": [ [ [ 523473.567153413256165, 9248323.094863513484597 ], [ 523476.603058534208685, 9248312.422833878546953 ], [ 523481.860659999947529, 9248313.174740001559258 ], [ 523485.010294749110471, 9248314.538383103907108 ], [ 523483.407539999985602, 9248321.102500000968575 ], [ 523481.445755383523647, 9248325.336113667115569 ], [ 523473.567153413256165, 9248323.094863513484597 ] ] ] } },
{ "type": "Feature", "properties": { "id": 361, "area_m2": 62.539107755160174, "status": "candidate - needs field verification" }, "geometry": { "type": "Polygon", "coordinates": [ [ [ 523440.033291788888164, 9248322.486232107505202 ], [ 523441.298520667245612, 9248319.231949701905251 ], [ 523439.176248609088361, 9248318.406833881512284 ], [ 523439.273119999968912, 9248317.428660001605749 ], [ 523440.383574113075156, 9248314.641130251809955 ], [ 523449.328147781663574, 9248318.118681214749813 ], [ 523446.632567076827399, 9248325.051957091316581 ], [ 523440.033291788888164, 9248322.486232107505202 ] ] ] } },
{ "type": "Feature", "properties": { "id": 362, "area_m2": 20.946714742076143, "status": "candidate - needs field verification" }, "geometry": { "type": "Polygon", "coordinates": [ [ [ 523255.542954592092428, 9248324.725064201280475 ], [ 523254.250486341363285, 9248324.625643566250801 ], [ 523254.343741495569702, 9248321.874616516754031 ], [ 523252.852381416596472, 9248319.87339892424643 ], [ 523252.944405802118126, 9248318.999167261645198 ], [ 523254.641034547646996, 9248317.734794817864895 ], [ 523258.585754775092937, 9248323.028113061562181 ], [ 523255.816359596326947, 9248325.091939318925142 ], [ 523255.542954592092428, 9248324.725064201280475 ] ] ] } },
{ "type": "Feature", "properties": { "id": 363, "area_m2": 209.94463849783662, "status": "candidate - needs field verification" }, "geometry": { "type": "Polygon", "coordinates": [ [ [ 523169.82595999998739, 9248325.743140000849962 ], [ 523162.42994, 9248315.108340000733733 ], [ 523160.157959999982268, 9248304.183500001206994 ], [ 523177.898739999975078, 9248297.029180001467466 ], [ 523179.929019999981392, 9248301.718160001561046 ], [ 523171.03446, 9248305.392000000923872 ], [ 523167.36062, 9248309.597580000758171 ], [ 523173.06474, 9248321.924280000850558 ], [ 523169.82595999998739, 9248325.743140000849962 ] ] ] } },
{ "type": "Feature", "properties": { "id": 364, "area_m2": 8.8957944249749321, "status": "candidate - needs field verification" }, "geometry": { "type": "Polygon", "coordinates": [ [ [ 523300.696819311357103, 9248326.109133204445243 ], [ 523300.505050332460087, 9248325.525939544662833 ], [ 523300.206210242351517, 9248325.624205803498626 ], [ 523300.047778109728824, 9248325.142393698915839 ], [ 523301.483839875960257, 9248322.937013130635023 ], [ 523300.894476442947052, 9248321.144684571772814 ], [ 523301.365451320423745, 9248320.989815996959805 ], [ 523301.507823035412002, 9248321.422786343842745 ], [ 523301.744385285186581, 9248321.344998631626368 ], [ 523301.98005899018608, 9248322.06171210296452 ], [ 523301.699335344834253, 9248322.583056015893817 ], [ 523303.382400904607493, 9248323.37508686631918 ], [ 523303.784297677280847, 9248323.242932938039303 ], [ 523303.872526335297152, 9248323.511247418820858 ], [ 523303.531634412240237, 9248323.623341394588351 ], [ 523303.771882640488911, 9248324.353966567665339 ], [ 523303.136616703413893, 9248325.306865472346544 ], [ 523300.696819311357103, 9248326.109133204445243 ] ] ] } },
{ "type": "Feature", "properties": { "id": 365, "area_m2": 113.88537975532299, "status": "candidate - needs field verification" }, "geometry": { "type": "Polygon", "coordinates": [ [ [ 523232.474109185044654, 9248326.799577360972762 ], [ 523231.528659379808232, 9248323.7549501452595 ], [ 523226.483153066190425, 9248325.321734063327312 ], [ 523225.410031776467804, 9248321.865967012941837 ], [ 523223.800024211290292, 9248322.365923568606377 ], [ 523222.999959999986459, 9248319.94234000146389 ], [ 523222.688702402636409, 9248316.156175404787064 ], [ 523226.093418816977646, 9248315.098906897008419 ], [ 523225.722209712665062, 9248313.903504099696875 ], [ 523228.70408, 9248312.884700002148747 ], [ 523231.638217480562162, 9248312.462795708328485 ], [ 523235.772194532444701, 9248325.775421060621738 ], [ 523232.474109185044654, 9248326.799577360972762 ] ] ] } },
{ "type": "Feature", "properties": { "id": 366, "area_m2": 42.714723995953129, "status": "candidate - needs field verification" }, "geometry": { "type": "Polygon", "coordinates": [ [ [ 523522.707959999970626, 9248328.981920002028346 ], [ 523516.182059999962803, 9248326.903300002217293 ], [ 523516.423759999976028, 9248326.129860000684857 ], [ 523517.34222, 9248326.323220001533628 ], [ 523519.855899999965914, 9248319.120560001581907 ], [ 523520.774359999981243, 9248318.153760001063347 ], [ 523522.804639999987558, 9248318.492140000686049 ], [ 523522.707959999970626, 9248328.981920002028346 ] ] ] } },
{ "type": "Feature", "properties": { "id": 367, "area_m2": 148.80188631201815, "status": "candidate - needs field verification" }, "geometry": { "type": "Polygon", "coordinates": [ [ [ 523242.786999650823418, 9248329.764643140137196 ], [ 523242.026873364346102, 9248326.208805484697223 ], [ 523240.016386695438996, 9248326.63858432136476 ], [ 523239.051885517081246, 9248322.126689825206995 ], [ 523237.051401103672106, 9248322.554330492392182 ], [ 523235.624430444615427, 9248315.879023915156722 ], [ 523238.66212, 9248315.205020001158118 ], [ 523244.413186191406567, 9248314.982106782495975 ], [ 523245.493864124582615, 9248320.037471074610949 ], [ 523248.68631892115809, 9248319.355024617165327 ], [ 523250.944380721950438, 9248321.225990109145641 ], [ 523252.333432938205078, 9248327.723915865644813 ], [ 523242.786999650823418, 9248329.764643140137196 ] ] ] } },
{ "type": "Feature", "properties": { "id": 368, "area_m2": 149.4448446099039, "status": "candidate - needs field verification" }, "geometry": { "type": "Polygon", "coordinates": [ [ [ 523339.024147536954843, 9248330.032102866098285 ], [ 523337.662439999985509, 9248325.356420001015067 ], [ 523336.941032807575539, 9248319.975750269368291 ], [ 523344.550463575462345, 9248318.92424494959414 ], [ 523344.171535331581254, 9248316.182054130360484 ], [ 523346.893194984295405, 9248315.805962974205613 ], [ 523349.756946121284273, 9248318.351519541814923 ], [ 523351.267346432141494, 9248329.281836643815041 ], [ 523347.42712, 9248329.852040002122521 ], [ 523339.024147536954843, 9248330.032102866098285 ] ] ] } },
{ "type": "Feature", "properties": { "id": 369, "area_m2": 91.339927544412163, "status": "candidate - needs field verification" }, "geometry": { "type": "Polygon", "coordinates": [ [ [ 523329.477647273452021, 9248330.347019895911217 ], [ 523328.544810946041252, 9248325.809635140001774 ], [ 523330.653139999951236, 9248324.728000001981854 ], [ 523328.069188542373013, 9248324.639450330287218 ], [ 523326.835196100233588, 9248318.637220002710819 ], [ 523331.281559999973979, 9248317.331980001181364 ], [ 523334.794486675993539, 9248317.511055117473006 ], [ 523337.046241586445831, 9248328.46375722065568 ], [ 523332.58674, 9248329.126940000802279 ], [ 523329.477647273452021, 9248330.347019895911217 ] ] ] } },
{ "type": "Feature", "properties": { "id": 370, "area_m2": 45.38932227655306, "status": "candidate - needs field verification" }, "geometry": { "type": "Polygon", "coordinates": [ [ [ 523257.255336183356121, 9248329.628697847947478 ], [ 523257.901439999986906, 9248326.516580002382398 ], [ 523259.887962542183232, 9248322.976060582324862 ], [ 523265.362920581945218, 9248324.295030675828457 ], [ 523263.703739921795204, 9248331.182180382311344 ], [ 523257.255336183356121, 9248329.628697847947478 ] ] ] } },
{ "type": "Feature", "properties": { "id": 371, "area_m2": 10.055059346609104, "status": "candidate - needs field verification" }, "geometry": { "type": "Polygon", "coordinates": [ [ [ 523225.707, 9248330.915520001202822 ], [ 523225.27194, 9248330.673820002004504 ], [ 523223.821739999984857, 9248330.818840000778437 ], [ 523222.903279999969527, 9248330.045400001108646 ], [ 523222.806600000010803, 9248329.271960001438856 ], [ 523223.04829999996582, 9248328.643540002405643 ], [ 523222.85494, 9248328.305160000920296 ], [ 523223.483360000012908, 9248327.14500000141561 ], [ 523224.546839999966323, 9248326.903300002217293 ], [ 523224.7402, 9248326.613260000944138 ], [ 523225.803680000011809, 9248327.43504000082612 ], [ 523225.707, 9248330.915520001202822 ] ] ] } },
{ "type": "Feature", "properties": { "id": 372, "area_m2": 50.655031239516511, "status": "candidate - needs field verification" }, "geometry": { "type": "Polygon", "coordinates": [ [ [ 523318.773571699915919, 9248332.420263865962625 ], [ 523318.795842853432987, 9248330.569785419851542 ], [ 523320.840444716857746, 9248328.916703062132001 ], [ 523319.789340083312709, 9248327.699634538963437 ], [ 523321.751352418854367, 9248327.723248042166233 ], [ 523321.786540978238918, 9248324.799480728805065 ], [ 523324.5623, 9248324.244600001722574 ], [ 523326.708887952903751, 9248324.702877312898636 ], [ 523327.12432, 9248326.758280001580715 ], [ 523327.125114912632853, 9248331.575771197676659 ], [ 523324.850222313776612, 9248331.548392072319984 ], [ 523324.838850479340181, 9248332.49326161108911 ], [ 523318.773571699915919, 9248332.420263865962625 ] ] ] } },
{ "type": "Feature", "properties": { "id": 373, "area_m2": 19.524464869637946, "status": "candidate - needs field verification" }, "geometry": { "type": "Polygon", "coordinates": [ [ [ 523231.074190981627908, 9248334.891627490520477 ], [ 523230.176903084910009, 9248332.783814022317529 ], [ 523233.296380000014324, 9248331.398920001462102 ], [ 523234.623445710923988, 9248330.444843644276261 ], [ 523234.129507622506935, 9248329.28453672491014 ], [ 523235.941298924968578, 9248328.513264298439026 ], [ 523237.00966892123688, 9248328.800902374088764 ], [ 523237.62901946430793, 9248330.255814917385578 ], [ 523237.285034293599892, 9248331.517093876376748 ], [ 523235.133299999986775, 9248332.269040001556277 ], [ 523233.103019999980461, 9248334.202640000730753 ], [ 523231.074190981627908, 9248334.891627490520477 ] ] ] } },
{ "type": "Feature", "properties": { "id": 374, "area_m2": 139.20520459625931, "status": "candidate - needs field verification" }, "geometry": { "type": "Polygon", "coordinates": [ [ [ 523126.8517, 9248334.734380001202226 ], [ 523126.8517, 9248328.015120001509786 ], [ 523129.365379999973811, 9248326.758280001580715 ], [ 523126.8517, 9248326.419900001958013 ], [ 523126.8517, 9248313.126400001347065 ], [ 523131.395659999980126, 9248312.643000001087785 ], [ 523133.52262, 9248324.051240000873804 ], [ 523129.752099999983329, 9248326.468240002170205 ], [ 523136.181319999974221, 9248324.82468000240624 ], [ 523138.259940000018105, 9248329.175280001014471 ], [ 523126.8517, 9248334.734380001202226 ] ] ] } },
{ "type": "Feature", "properties": { "id": 375, "area_m2": 111.87217435349153, "status": "candidate - needs field verification" }, "geometry": { "type": "Polygon", "coordinates": [ [ [ 523474.464639999961946, 9248332.269040001556277 ], [ 523472.240999999979977, 9248332.31738000176847 ], [ 523471.612579999957234, 9248330.093740001320839 ], [ 523468.857199999969453, 9248329.416980002075434 ], [ 523468.422139999980573, 9248330.625480001792312 ], [ 523471.225859999947716, 9248331.785640001296997 ], [ 523469.727319999947213, 9248335.217780001461506 ], [ 523462.427979999978561, 9248334.05762000195682 ], [ 523463.539799999969546, 9248328.401840001344681 ], [ 523455.757059999974445, 9248326.951640002429485 ], [ 523452.71164, 9248323.761200001463294 ], [ 523463.733159999945201, 9248326.033180002123117 ], [ 523464.941659999953117, 9248324.196260001510382 ], [ 523471.757599999953527, 9248325.40476000122726 ], [ 523473.594519999984186, 9248327.241680001839995 ], [ 523474.464639999961946, 9248332.269040001556277 ] ] ] } },
{ "type": "Feature", "properties": { "id": 376, "area_m2": 43.793753206307848, "status": "candidate - needs field verification" }, "geometry": { "type": "Polygon", "coordinates": [ [ [ 523360.52726, 9248335.024420000612736 ], [ 523357.680456180823967, 9248334.599520493298769 ], [ 523357.6752, 9248332.220700001344085 ], [ 523358.296030000725295, 9248326.506474366411567 ], [ 523362.228891334088985, 9248326.557512547820807 ], [ 523362.219159999978729, 9248328.981920002028346 ], [ 523363.911059999954887, 9248331.785640001296997 ], [ 523363.794397378223948, 9248334.289355140179396 ], [ 523363.030915013863705, 9248335.161906413733959 ], [ 523360.52726, 9248335.024420000612736 ] ] ] } },
{ "type": "Feature", "properties": { "id": 377, "area_m2": 98.686550725531561, "status": "candidate - needs field verification" }, "geometry": { "type": "Polygon", "coordinates": [ [ [ 523299.386285083601251, 9248335.943843498826027 ], [ 523297.9753, 9248331.54394000209868 ], [ 523297.668569890607614, 9248328.346819331869483 ], [ 523305.03294, 9248327.628400001674891 ], [ 523308.000854761223309, 9248327.890013385564089 ], [ 523310.109017660783138, 9248329.842016071081161 ], [ 523310.447019999963231, 9248334.250980000942945 ], [ 523309.938199617608916, 9248336.304590014740825 ], [ 523305.661359999969136, 9248336.716320002451539 ], [ 523299.386285083601251, 9248335.943843498826027 ] ] ] } },
{ "type": "Feature", "properties": { "id": 378, "area_m2": 6.90394441917271, "status": "candidate - needs field verification" }, "geometry": { "type": "Polygon", "coordinates": [ [ [ 523225.707, 9248336.813000001013279 ], [ 523224.88522, 9248336.426280001178384 ], [ 523223.7734, 9248333.670900002121925 ], [ 523223.7734, 9248332.172360001131892 ], [ 523224.20846, 9248331.979000002145767 ], [ 523224.643519999983255, 9248332.365720001980662 ], [ 523225.803680000011809, 9248332.365720001980662 ], [ 523225.707, 9248336.813000001013279 ] ] ] } },
{ "type": "Feature", "properties": { "id": 379, "area_m2": 90.298672080372143, "status": "candidate - needs field verification" }, "geometry": { "type": "Polygon", "coordinates": [ [ [ 523366.504312298144214, 9248335.363730335608125 ], [ 523367.412166176538449, 9248330.292889891192317 ], [ 523370.22242486232426, 9248328.07426461391151 ], [ 523379.689086070342455, 9248329.769120760262012 ], [ 523379.186499999952503, 9248333.477540001273155 ], [ 523377.803970839595422, 9248337.386755699291825 ], [ 523366.504312298144214, 9248335.363730335608125 ] ] ] } },
{ "type": "Feature", "properties": { "id": 380, "area_m2": 83.34223459663869, "status": "candidate - needs field verification" }, "geometry": { "type": "Polygon", "coordinates": [ [ [ 523482.057884294481482, 9248335.031457412987947 ], [ 523484.492870920221321, 9248327.499912155792117 ], [ 523494.319064859475475, 9248330.676770290359855 ], [ 523493.945659999968484, 9248332.704100001603365 ], [ 523492.058482275751885, 9248338.264701256528497 ], [ 523482.057884294481482, 9248335.031457412987947 ] ] ] } },
{ "type": "Feature", "properties": { "id": 381, "area_m2": 133.17014287790252, "status": "candidate - needs field verification" }, "geometry": { "type": "Polygon", "coordinates": [ [ [ 523152.177710815565661, 9248338.72697239369154 ], [ 523151.034586464229506, 9248336.238828329369426 ], [ 523149.711759868601803, 9248335.65807519108057 ], [ 523147.467259506578557, 9248330.772657217457891 ], [ 523151.254628392052837, 9248329.032631926238537 ], [ 523151.632942296157125, 9248329.856076456606388 ], [ 523152.245158936362714, 9248328.325534855946898 ], [ 523160.673752794973552, 9248324.453198431059718 ], [ 523164.607846225087997, 9248333.016213644295931 ], [ 523152.177710815565661, 9248338.72697239369154 ] ] ] } },
{ "type": "Feature", "properties": { "id": 382, "area_m2": 191.17698590269808, "status": "candidate - needs field verification" }, "geometry": { "type": "Polygon", "coordinates": [ [ [ 523510.284579999977723, 9248331.398920001462102 ], [ 523505.837299999955576, 9248335.024420000612736 ], [ 523502.40515999996569, 9248333.719240002334118 ], [ 523498.441279999969993, 9248338.794940002262592 ], [ 523494.960799999942537, 9248332.365720001980662 ], [ 523496.991079999948852, 9248328.885240001603961 ], [ 523499.794799999974202, 9248329.610340001061559 ], [ 523500.56824, 9248327.386700000613928 ], [ 523497.039419999986421, 9248326.951640002429485 ], [ 523493.800639999972191, 9248329.948720000684261 ], [ 523485.96955999993952, 9248325.211400002241135 ], [ 523489.981779999972787, 9248318.97554000094533 ], [ 523500.519899999955669, 9248323.809540001675487 ], [ 523500.906619999965187, 9248326.709940001368523 ], [ 523505.740619999938644, 9248326.516580002382398 ], [ 523509.462799999979325, 9248328.643540002405643 ], [ 523510.284579999977723, 9248331.398920001462102 ] ] ] } },
{ "type": "Feature", "properties": { "id": 383, "area_m2": 168.67245298679811, "status": "candidate - needs field verification" }, "geometry": { "type": "Polygon", "coordinates": [ [ [ 523204.638904441671912, 9248339.180962730199099 ], [ 523199.279459274781402, 9248323.920148422941566 ], [ 523209.118604979244992, 9248320.464738978073001 ], [ 523214.478050146135502, 9248335.725553285330534 ], [ 523204.638904441671912, 9248339.180962730199099 ] ] ] } },
{ "type": "Feature", "properties": { "id": 384, "area_m2": 80.947694272150699, "status": "candidate - needs field verification" }, "geometry": { "type": "Polygon", "coordinates": [ [ [ 523242.815039769862778, 9248335.699895577505231 ], [ 523243.890667130472139, 9248333.010827176272869 ], [ 523245.71976, 9248331.785640001296997 ], [ 523252.197319999977481, 9248328.885240001603961 ], [ 523254.677697807434015, 9248328.161510020494461 ], [ 523256.299529520503711, 9248330.997671935707331 ], [ 523255.308475061494391, 9248333.599189890548587 ], [ 523250.593963994237129, 9248336.295137368142605 ], [ 523250.542217871116009, 9248336.588365398347378 ], [ 523245.102046098210849, 9248339.69927491992712 ], [ 523242.815039769862778, 9248335.699895577505231 ] ] ] } },
{ "type": "Feature", "properties": { "id": 385, "area_m2": 54.415817870593088, "status": "candidate - needs field verification" }, "geometry": { "type": "Polygon", "coordinates": [ [ [ 523513.643818466400262, 9248338.395409407094121 ], [ 523512.613840799254831, 9248335.967604905366898 ], [ 523513.233319999941159, 9248333.235840002074838 ], [ 523514.87853906780947, 9248330.530095048248768 ], [ 523514.095913712400943, 9248330.158335594460368 ], [ 523514.996169751218986, 9248328.263122990727425 ], [ 523516.839100385026541, 9248329.138544263318181 ], [ 523515.918570040492341, 9248331.076438192278147 ], [ 523521.018830233428162, 9248333.499142656102777 ], [ 523517.763467922748532, 9248340.352308221161366 ], [ 523513.643818466400262, 9248338.395409407094121 ] ] ] } },
{ "type": "Feature", "properties": { "id": 386, "area_m2": 29.386690214067432, "status": "candidate - needs field verification" }, "geometry": { "type": "Polygon", "coordinates": [ [ [ 523256.451968413719442, 9248341.494573198258877 ], [ 523254.4693, 9248338.988300001248717 ], [ 523253.767162637203, 9248337.673708194866776 ], [ 523256.78962, 9248335.121100001037121 ], [ 523257.03132, 9248334.396000001579523 ], [ 523258.271188894868828, 9248333.870635805651546 ], [ 523261.279815888497978, 9248337.605707747861743 ], [ 523256.451968413719442, 9248341.494573198258877 ] ] ] } },
{ "type": "Feature", "properties": { "id": 387, "area_m2": 60.267993414745156, "status": "candidate - needs field verification" }, "geometry": { "type": "Polygon", "coordinates": [ [ [ 523394.211713735363446, 9248338.533678015694022 ], [ 523395.168642458331306, 9248334.863380122929811 ], [ 523395.740759897395037, 9248334.502042792737484 ], [ 523403.633385328343138, 9248336.559826711192727 ], [ 523404.208086328057107, 9248334.355562364682555 ], [ 523407.294093664153479, 9248335.160153474658728 ], [ 523406.933659999980591, 9248338.698260001838207 ], [ 523406.089070606220048, 9248341.630370512604713 ], [ 523394.211713735363446, 9248338.533678015694022 ] ] ] } },
{ "type": "Feature", "properties": { "id": 388, "area_m2": 203.27844797217256, "status": "candidate - needs field verification" }, "geometry": { "type": "Polygon", "coordinates": [ [ [ 523434.19741999998223, 9248345.030800001695752 ], [ 523427.17667177435942, 9248341.878990031778812 ], [ 523433.309489600884262, 9248326.699764771386981 ], [ 523437.570242243644316, 9248328.421224154531956 ], [ 523438.658555912435986, 9248330.554318945854902 ], [ 523445.235141163226217, 9248333.211437379941344 ], [ 523442.608579999941867, 9248340.728540001437068 ], [ 523440.50563340325607, 9248344.246065054088831 ], [ 523438.614248943980783, 9248343.481894543394446 ], [ 523438.018474744108971, 9248344.956484369933605 ], [ 523434.19741999998223, 9248345.030800001695752 ] ] ] } },
{ "type": "Feature", "properties": { "id": 389, "area_m2": 210.07666520354999, "status": "candidate - needs field verification" }, "geometry": { "type": "Polygon", "coordinates": [ [ [ 523409.012279999966267, 9248343.338900001719594 ], [ 523410.655839999963064, 9248333.28418000228703 ], [ 523421.484, 9248333.912600001320243 ], [ 523423.852659999975003, 9248331.882320001721382 ], [ 523423.80432, 9248330.238760001957417 ], [ 523419.212019999977201, 9248328.063460001721978 ], [ 523420.420519999985117, 9248324.873020000755787 ], [ 523428.783339999965392, 9248326.709940001368523 ], [ 523423.80432, 9248339.713400000706315 ], [ 523423.70763999997871, 9248344.257360002025962 ], [ 523421.774039999989327, 9248346.045940002426505 ], [ 523409.012279999966267, 9248343.338900001719594 ] ] ] } },
{ "type": "Feature", "properties": { "id": 390, "area_m2": 29.923185739858646, "status": "candidate - needs field verification" }, "geometry": { "type": "Polygon", "coordinates": [ [ [ 523248.785115534672514, 9248347.101301036775112 ], [ 523247.65336, 9248345.079140001907945 ], [ 523246.68656, 9248341.115260001271963 ], [ 523246.448733714991249, 9248340.061383137479424 ], [ 523250.448311750020366, 9248339.093688627704978 ], [ 523250.553759999980684, 9248340.29348000138998 ], [ 523252.052299999981187, 9248342.033720001578331 ], [ 523252.093767187732738, 9248343.650635296478868 ], [ 523251.394273523997981, 9248343.819877194240689 ], [ 523251.779298893932719, 9248345.411225493997335 ], [ 523250.656235465605278, 9248345.682949736714363 ], [ 523250.876949661178514, 9248346.595183545723557 ], [ 523248.785115534672514, 9248347.101301036775112 ] ] ] } },
{ "type": "Feature", "properties": { "id": 391, "area_m2": 43.036027882483708, "status": "candidate - needs field verification" }, "geometry": { "type": "Polygon", "coordinates": [ [ [ 523181.81428, 9248347.302780002355576 ], [ 523180.364079999970272, 9248345.224160000681877 ], [ 523182.394359999976587, 9248343.097200000658631 ], [ 523180.219059999973979, 9248343.967320000752807 ], [ 523179.010559999966063, 9248341.308620002120733 ], [ 523182.007639999967068, 9248342.178740002214909 ], [ 523181.959299999987707, 9248340.245140001177788 ], [ 523183.119460000016261, 9248340.873560002073646 ], [ 523186.116540000017267, 9248339.568380001932383 ], [ 523185.3431, 9248339.23000000230968 ], [ 523186.3099, 9248337.828140001744032 ], [ 523187.180019999970682, 9248339.375020001083612 ], [ 523184.23128, 9248340.825220001861453 ], [ 523187.470060000021476, 9248339.955100001767278 ], [ 523189.065279999980703, 9248344.305700002238154 ], [ 523186.3099, 9248346.72270000167191 ], [ 523183.892899999977089, 9248341.985380001366138 ], [ 523183.98958, 9248346.384320002049208 ], [ 523181.81428, 9248347.302780002355576 ] ] ] } },
{ "type": "Feature", "properties": { "id": 392, "area_m2": 72.953792835932148, "status": "candidate - needs field verification" }, "geometry": { "type": "Polygon", "coordinates": [ [ [ 523364.348843917774502, 9248351.554320296272635 ], [ 523362.056141737732105, 9248348.433697884902358 ], [ 523362.523400649952237, 9248345.549936149269342 ], [ 523365.1679, 9248345.514200001955032 ], [ 523360.668580012803432, 9248344.773288564756513 ], [ 523361.580881332163699, 9248339.142877742648125 ], [ 523369.224822755903006, 9248340.381433518603444 ], [ 523368.349640203814488, 9248345.782760042697191 ], [ 523365.506279999972321, 9248345.562540002167225 ], [ 523368.016214582254179, 9248346.113851686939597 ], [ 523367.063421129889321, 9248351.994166065007448 ], [ 523364.348843917774502, 9248351.554320296272635 ] ] ] } },
{ "type": "Feature", "properties": { "id": 393, "area_m2": 5.2719113983429153, "status": "candidate - needs field verification" }, "geometry": { "type": "Polygon", "coordinates": [ [ [ 523489.107188219379168, 9248352.900373827666044 ], [ 523489.258795892819762, 9248351.361224109306931 ], [ 523489.489899116393644, 9248351.130120884627104 ], [ 523492.490420906804502, 9248351.425675062462687 ], [ 523492.495459999947343, 9248351.750060001388192 ], [ 523492.012059999979101, 9248352.281800001859665 ], [ 523491.812866272870451, 9248353.166885621845722 ], [ 523489.107188219379168, 9248352.900373827666044 ] ] ] } },
{ "type": "Feature", "properties": { "id": 394, "area_m2": 86.182128219656946, "status": "candidate - needs field verification" }, "geometry": { "type": "Polygon", "coordinates": [ [ [ 523508.882719999935944, 9248353.15192000195384 ], [ 523505.995728752517607, 9248352.500076038762927 ], [ 523508.117122342227958, 9248342.010655539110303 ], [ 523511.686439999961294, 9248342.758820001035929 ], [ 523516.093094770389143, 9248344.105160439386964 ], [ 523514.141207922191825, 9248353.756439680233598 ], [ 523508.882719999935944, 9248353.15192000195384 ] ] ] } },
{ "type": "Feature", "properties": { "id": 395, "area_m2": 4.7865824692512984, "status": "candidate - needs field verification" }, "geometry": { "type": "Polygon", "coordinates": [ [ [ 523488.309571825899184, 9248355.777361327782273 ], [ 523488.096519999962766, 9248354.988840000703931 ], [ 523488.127986277395394, 9248353.55842662230134 ], [ 523488.676599999947939, 9248353.393620001152158 ], [ 523490.25125445809681, 9248353.397745782509446 ], [ 523490.212152678344864, 9248355.226993476971984 ], [ 523489.633485018042848, 9248355.805661138147116 ], [ 523488.309571825899184, 9248355.777361327782273 ] ] ] } },
{ "type": "Feature", "properties": { "id": 396, "area_m2": 253.30973971079791, "status": "candidate - needs field verification" }, "geometry": { "type": "Polygon", "coordinates": [ [ [ 523343.36656, 9248356.390700001269579 ], [ 523340.895088762277737, 9248356.016083830967546 ], [ 523341.2525865950156, 9248352.974479723721743 ], [ 523334.320515274419449, 9248352.159712124615908 ], [ 523335.832675825164188, 9248339.294197088107467 ], [ 523333.668958942114841, 9248335.857705567032099 ], [ 523343.75778919912409, 9248337.043505830690265 ], [ 523342.25474, 9248340.728540001437068 ], [ 523343.022979341854807, 9248344.650196695700288 ], [ 523350.164383465191349, 9248345.489568425342441 ], [ 523349.528029520355631, 9248350.903690122067928 ], [ 523358.434839171066415, 9248351.9505604673177 ], [ 523358.082073429308366, 9248354.951903779059649 ], [ 523355.987848726043012, 9248356.594432959333062 ], [ 523343.36656, 9248356.390700001269579 ] ] ] } },
{ "type": "Feature", "properties": { "id": 397, "area_m2": 5.4461416491548764, "status": "candidate - needs field verification" }, "geometry": { "type": "Polygon", "coordinates": [ [ [ 523410.24312069528969, 9248358.602464960888028 ], [ 523410.395352088555228, 9248358.124112576246262 ], [ 523411.146953528979793, 9248358.363303052261472 ], [ 523411.33960636734264, 9248357.75793550722301 ], [ 523411.012711173505522, 9248357.65390401892364 ], [ 523412.202403789327946, 9248356.860775608569384 ], [ 523413.833901453879662, 9248357.379985233768821 ], [ 523413.65291999996407, 9248358.42098000086844 ], [ 523413.00153180770576, 9248359.480304772034287 ], [ 523410.24312069528969, 9248358.602464960888028 ] ] ] } },
{ "type": "Feature", "properties": { "id": 398, "area_m2": 12.062681252953011, "status": "candidate - needs field verification" }, "geometry": { "type": "Polygon", "coordinates": [ [ [ 523451.375192311068531, 9248359.405895050615072 ], [ 523452.753926021629013, 9248356.15040922537446 ], [ 523455.93662389338715, 9248357.498316446319222 ], [ 523455.08029999997234, 9248359.532800002023578 ], [ 523454.328273641702253, 9248360.656557163223624 ], [ 523451.375192311068531, 9248359.405895050615072 ] ] ] } },
{ "type": "Feature", "properties": { "id": 399, "area_m2": 228.66899043129189, "status": "candidate - needs field verification" }, "geometry": { "type": "Polygon", "coordinates": [ [ [ 523498.205322058347519, 9248360.610809717327356 ], [ 523500.459199525415897, 9248352.481759790331125 ], [ 523489.130818461882882, 9248349.34082904830575 ], [ 523490.014963454683311, 9248346.151987200602889 ], [ 523479.464886151778046, 9248343.226850595325232 ], [ 523480.936402355262544, 9248337.919539589434862 ], [ 523506.430149899388198, 9248344.98798961378634 ], [ 523501.820611236034892, 9248361.613192392513156 ], [ 523498.205322058347519, 9248360.610809717327356 ] ] ] } },
{ "type": "Feature", "properties": { "id": 400, "area_m2": 67.067076178892179, "status": "candidate - needs field verification" }, "geometry": { "type": "Polygon", "coordinates": [ [ [ 523399.442485945590306, 9248360.87612965144217 ], [ 523400.311079999955837, 9248358.372640000656247 ], [ 523400.5044399999897, 9248355.085520001128316 ], [ 523400.592168435454369, 9248349.592345800250769 ], [ 523398.161371565656736, 9248349.156337087973952 ], [ 523398.67118346580537, 9248346.314079267904162 ], [ 523404.44251206878107, 9248347.349274590611458 ], [ 523405.676600392733235, 9248349.088217230513692 ], [ 523403.433805505046621, 9248361.592047184705734 ], [ 523399.442485945590306, 9248360.87612965144217 ] ] ] } },
{ "type": "Feature", "properties": { "id": 401, "area_m2": 62.472538592290633, "status": "candidate - needs field verification" }, "geometry": { "type": "Polygon", "coordinates": [ [ [ 523506.585333455179352, 9248362.344560250639915 ], [ 523506.919028333446477, 9248360.496997835114598 ], [ 523504.234796067466959, 9248360.012189012020826 ], [ 523505.377072676608805, 9248353.687766708433628 ], [ 523506.610739999974612, 9248353.780340000987053 ], [ 523509.317779999983031, 9248354.457100002095103 ], [ 523513.379774938686751, 9248355.132154893130064 ], [ 523511.903627040795982, 9248363.305116340517998 ], [ 523506.585333455179352, 9248362.344560250639915 ] ] ] } },
{ "type": "Feature", "properties": { "id": 402, "area_m2": 65.432458540241925, "status": "candidate - needs field verification" }, "geometry": { "type": "Polygon", "coordinates": [ [ [ 523413.539322899770923, 9248363.691982472315431 ], [ 523413.459559999988414, 9248362.384860001504421 ], [ 523414.785229772853199, 9248356.461223620921373 ], [ 523414.144638534577098, 9248355.795994259417057 ], [ 523414.487797236768529, 9248351.690884442999959 ], [ 523418.98218931251904, 9248352.066584441810846 ], [ 523420.092578792537097, 9248353.330131091177464 ], [ 523419.300526610168163, 9248362.805225756019354 ], [ 523417.873066477943212, 9248364.054253371432424 ], [ 523413.539322899770923, 9248363.691982472315431 ] ] ] } },
{ "type": "Feature", "properties": { "id": 403, "area_m2": 5.096463965518728, "status": "candidate - needs field verification" }, "geometry": { "type": "Polygon", "coordinates": [ [ [ 523503.613659999973606, 9248364.173440001904964 ], [ 523502.308479999948759, 9248364.076760001480579 ], [ 523501.921759999939241, 9248363.786720002070069 ], [ 523501.921759999939241, 9248362.819920001551509 ], [ 523502.115119999973103, 9248362.239840000867844 ], [ 523502.501839999982622, 9248361.756440000608563 ], [ 523503.420299999939743, 9248361.804780000820756 ], [ 523504.145399999979418, 9248362.239840000867844 ], [ 523504.580459999968298, 9248362.723240001127124 ], [ 523504.677139999985229, 9248363.158300001174212 ], [ 523504.483779999951366, 9248363.496680000796914 ], [ 523504.242079999938142, 9248363.545020001009107 ], [ 523503.613659999973606, 9248364.173440001904964 ] ] ] } },
{ "type": "Feature", "properties": { "id": 404, "area_m2": 140.82718410975022, "status": "candidate - needs field verification" }, "geometry": { "type": "Polygon", "coordinates": [ [ [ 523423.431564884202089, 9248365.080371571704745 ], [ 523422.934627596812788, 9248349.877379767596722 ], [ 523432.187864254286978, 9248349.574920989573002 ], [ 523432.684801541676279, 9248364.777912793681026 ], [ 523423.431564884202089, 9248365.080371571704745 ] ] ] } },
{ "type": "Feature", "properties": { "id": 405, "area_m2": 138.78087562076138, "status": "candidate - needs field verification" }, "geometry": { "type": "Polygon", "coordinates": [ [ [ 523302.826133823895361, 9248367.684739204123616 ], [ 523301.226635202649049, 9248362.896758776158094 ], [ 523305.257807623886038, 9248361.55008352920413 ], [ 523304.043279536999762, 9248357.914483828470111 ], [ 523306.259698725363705, 9248353.122226124629378 ], [ 523310.398641073668841, 9248351.739548671990633 ], [ 523314.90352266683476, 9248354.181954354047775 ], [ 523316.506245757511351, 9248358.97958699055016 ], [ 523310.35034, 9248361.079680001363158 ], [ 523313.466185211844277, 9248361.046896850690246 ], [ 523314.392820052278694, 9248363.820709481835365 ], [ 523302.826133823895361, 9248367.684739204123616 ] ] ] } },
{ "type": "Feature", "properties": { "id": 406, "area_m2": 14.126442524882036, "status": "candidate - needs field verification" }, "geometry": { "type": "Polygon", "coordinates": [ [ [ 523294.594931043277029, 9248370.312346365302801 ], [ 523293.062674807966687, 9248368.5482158344239 ], [ 523297.20185999997193, 9248365.33360000140965 ], [ 523297.666096920147538, 9248365.10515658929944 ], [ 523298.391051472572144, 9248365.939817547798157 ], [ 523298.445298467238899, 9248367.350239409133792 ], [ 523297.105179999954998, 9248368.910760002210736 ], [ 523295.703319999971427, 9248369.829220000654459 ], [ 523294.594931043277029, 9248370.312346365302801 ] ] ] } },
{ "type": "Feature", "properties": { "id": 407, "area_m2": 4.3997133040135097, "status": "candidate - needs field verification" }, "geometry": { "type": "Polygon", "coordinates": [ [ [ 523360.793297714844812, 9248372.067105919122696 ], [ 523360.446884184260853, 9248371.763994079083204 ], [ 523360.408547130762599, 9248369.153385994955897 ], [ 523361.956379917333834, 9248369.130655907094479 ], [ 523361.994314126321115, 9248371.713831808418036 ], [ 523361.604181326110847, 9248372.055198008194566 ], [ 523360.793297714844812, 9248372.067105919122696 ] ] ] } },
{ "type": "Feature", "properties": { "id": 408, "area_m2": 79.773331043695606, "status": "candidate - needs field verification" }, "geometry": { "type": "Polygon", "coordinates": [ [ [ 523452.518279999960214, 9248370.796020001173019 ], [ 523451.841519999958109, 9248367.653920002281666 ], [ 523454.451879999949597, 9248363.303320001810789 ], [ 523457.690659999963827, 9248362.964940002188087 ], [ 523459.382559999939986, 9248360.983000000938773 ], [ 523466.391859999974258, 9248363.013280002400279 ], [ 523466.8752599999425, 9248364.946880001574755 ], [ 523465.328379999962635, 9248367.363880001008511 ], [ 523460.10765999997966, 9248364.898540001362562 ], [ 523455.757059999974445, 9248372.24622000195086 ], [ 523454.548559999966528, 9248372.391240000724792 ], [ 523452.518279999960214, 9248370.796020001173019 ] ] ] } },
{ "type": "Feature", "properties": { "id": 409, "area_m2": 9.5138596865810729, "status": "candidate - needs field verification" }, "geometry": { "type": "Polygon", "coordinates": [ [ [ 523476.840333426313009, 9248371.695564838126302 ], [ 523477.476569283870049, 9248369.681891934946179 ], [ 523478.576994746807031, 9248369.223381325602531 ], [ 523480.973457172396593, 9248369.980562556535006 ], [ 523480.105617343971971, 9248372.727257080376148 ], [ 523476.840333426313009, 9248371.695564838126302 ] ] ] } },
{ "type": "Feature", "properties": { "id": 410, "area_m2": 421.25721513008091, "status": "candidate - needs field verification" }, "geometry": { "type": "Polygon", "coordinates": [ [ [ 523151.316848898073658, 9248373.051304683089256 ], [ 523145.76717508333968, 9248351.967577671632171 ], [ 523150.263804734684527, 9248345.797783499583602 ], [ 523169.278070652391762, 9248340.792834725230932 ], [ 523172.156881529896054, 9248351.729705013334751 ], [ 523160.096115315158386, 9248354.904348585754633 ], [ 523157.921380668994971, 9248346.642329389229417 ], [ 523154.28811107785441, 9248347.598681228235364 ], [ 523156.185871991736349, 9248354.80845145508647 ], [ 523158.948518261953723, 9248356.308173716068268 ], [ 523162.575593477464281, 9248370.087769823148847 ], [ 523151.316848898073658, 9248373.051304683089256 ] ] ] } },
{ "type": "Feature", "properties": { "id": 411, "area_m2": 113.16640257667758, "status": "candidate - needs field verification" }, "geometry": { "type": "Polygon", "coordinates": [ [ [ 523352.143955982639454, 9248373.594199234619737 ], [ 523351.68104, 9248369.490840001031756 ], [ 523350.56922, 9248368.185660000890493 ], [ 523349.942734761105385, 9248360.60451983846724 ], [ 523352.454479999956675, 9248359.726160001009703 ], [ 523357.589490659651347, 9248359.286410560831428 ], [ 523358.980379999964498, 9248362.771580001339316 ], [ 523359.698910497652832, 9248372.221114968881011 ], [ 523357.24013999995077, 9248373.30970000103116 ], [ 523352.143955982639454, 9248373.594199234619737 ] ] ] } },
{ "type": "Feature", "properties": { "id": 412, "area_m2": 10.479804853808485, "status": "candidate - needs field verification" }, "geometry": { "type": "Polygon", "coordinates": [ [ [ 523519.589668510947376, 9248375.966838639229536 ], [ 523519.592769404232968, 9248372.701982438564301 ], [ 523522.802649031102192, 9248372.705031117424369 ], [ 523522.799548137816601, 9248375.969887316226959 ], [ 523519.589668510947376, 9248375.966838639229536 ] ] ] } },
{ "type": "Feature", "properties": { "id": 413, "area_m2": 58.492644346470257, "status": "candidate - needs field verification" }, "geometry": { "type": "Polygon", "coordinates": [ [ [ 523495.351941606611945, 9248375.289815912023187 ], [ 523495.973393697058782, 9248370.556963203474879 ], [ 523496.935751562938094, 9248369.638348875567317 ], [ 523501.776739999942947, 9248370.360960001125932 ], [ 523506.414996557985432, 9248371.53986937738955 ], [ 523505.743443256535102, 9248376.654282718896866 ], [ 523495.351941606611945, 9248375.289815912023187 ] ] ] } },
{ "type": "Feature", "properties": { "id": 414, "area_m2": 84.39906033498329, "status": "candidate - needs field verification" }, "geometry": { "type": "Polygon", "coordinates": [ [ [ 523439.128099999972619, 9248375.968400001525879 ], [ 523436.666178154060617, 9248374.761067066341639 ], [ 523437.822919999947771, 9248370.264280000701547 ], [ 523439.440393273776863, 9248365.601289551705122 ], [ 523447.511337399249896, 9248367.680034335702658 ], [ 523445.174323691753671, 9248376.753734584897757 ], [ 523439.128099999972619, 9248375.968400001525879 ] ] ] } },
{ "type": "Feature", "properties": { "id": 415, "area_m2": 139.42567274652905, "status": "candidate - needs field verification" }, "geometry": { "type": "Polygon", "coordinates": [ [ [ 523410.212533764832187, 9248376.17819569259882 ], [ 523410.067248584877234, 9248372.942067192867398 ], [ 523415.393159999977797, 9248372.342900002375245 ], [ 523409.236486563051585, 9248372.53502275981009 ], [ 523408.978040480578784, 9248366.778312174603343 ], [ 523420.710559999977704, 9248365.671980001032352 ], [ 523427.948777231620625, 9248366.900681436061859 ], [ 523428.147991838224698, 9248371.338051209226251 ], [ 523418.882095524226315, 9248371.754041308537126 ], [ 523419.062878617725801, 9248375.780861673876643 ], [ 523410.212533764832187, 9248376.17819569259882 ] ] ] } },
{ "type": "Feature", "properties": { "id": 416, "area_m2": 367.50505833432118, "status": "candidate - needs field verification" }, "geometry": { "type": "Polygon", "coordinates": [ [ [ 523403.453179999953136, 9248375.968400001525879 ], [ 523391.609879999945406, 9248375.968400001525879 ], [ 523393.301779999979772, 9248371.666140001267195 ], [ 523375.94772, 9248369.587520001456141 ], [ 523379.283179999969434, 9248359.387780001387 ], [ 523376.527799999981653, 9248360.402920002117753 ], [ 523372.853959999978542, 9248353.055240001529455 ], [ 523380.153299999947194, 9248352.813540002331138 ], [ 523380.878399999986868, 9248349.623100001364946 ], [ 523374.207479999982752, 9248348.607960000634193 ], [ 523374.207479999982752, 9248344.305700002238154 ], [ 523386.4375, 9248345.804240001365542 ], [ 523384.697259999986272, 9248357.792560001835227 ], [ 523379.283179999969434, 9248358.034260001033545 ], [ 523382.425279999966733, 9248358.952720001339912 ], [ 523381.651839999947697, 9248365.091900002211332 ], [ 523390.93312, 9248366.735460001975298 ], [ 523392.04494, 9248369.877560000866652 ], [ 523391.609879999945406, 9248361.804780000820756 ], [ 523400.552779999969061, 9248362.771580001339316 ], [ 523403.984919999958947, 9248365.913680002093315 ], [ 523401.03618, 9248372.439580000936985 ], [ 523403.453179999953136, 9248375.968400001525879 ] ] ] } },
{ "type": "Feature", "properties": { "id": 417, "area_m2": 25.373400092574961, "status": "candidate - needs field verification" }, "geometry": { "type": "Polygon", "coordinates": [ [ [ 523376.272976891312283, 9248375.729740776121616 ], [ 523376.698049133003224, 9248370.977980809286237 ], [ 523381.995447543507908, 9248371.451863545924425 ], [ 523381.570375301816966, 9248376.203623512759805 ], [ 523376.272976891312283, 9248375.729740776121616 ] ] ] } },
{ "type": "Feature", "properties": { "id": 418, "area_m2": 104.76048102077198, "status": "candidate - needs field verification" }, "geometry": { "type": "Polygon", "coordinates": [ [ [ 523367.71249423577683, 9248375.418466644361615 ], [ 523367.76813664031215, 9248374.438509600237012 ], [ 523368.775786109617911, 9248373.574810056015849 ], [ 523368.867147718963679, 9248371.965777281671762 ], [ 523363.841666661726777, 9248371.680428192019463 ], [ 523364.152759999968112, 9248364.898540001362562 ], [ 523364.513272343203425, 9248363.207739152014256 ], [ 523371.935499999963213, 9248363.545020001009107 ], [ 523374.351710200018715, 9248364.019067499786615 ], [ 523373.685191062802915, 9248375.757599072530866 ], [ 523367.71249423577683, 9248375.418466644361615 ] ] ] } },
{ "type": "Feature", "properties": { "id": 419, "area_m2": 164.42630062522775, "status": "candidate - needs field verification" }, "geometry": { "type": "Polygon", "coordinates": [ [ [ 523334.335604432621039, 9248376.122599247843027 ], [ 523333.529630185861606, 9248359.239104263484478 ], [ 523339.51614482270088, 9248358.95332358777523 ], [ 523339.710178438399453, 9248363.017926879227161 ], [ 523349.267932369606569, 9248362.561664504930377 ], [ 523349.577420456509572, 9248369.044800391420722 ], [ 523340.179859052645043, 9248369.493415590375662 ], [ 523340.482311596802901, 9248375.82917139492929 ], [ 523334.335604432621039, 9248376.122599247843027 ] ] ] } },
{ "type": "Feature", "properties": { "id": 420, "area_m2": 133.28249024802335, "status": "candidate - needs field verification" }, "geometry": { "type": "Polygon", "coordinates": [ [ [ 523313.208363802812528, 9248376.581710880622268 ], [ 523312.632909586594906, 9248369.284956814721227 ], [ 523314.03302349045407, 9248367.884842911735177 ], [ 523328.084787264175247, 9248366.776658829301596 ], [ 523328.761323806480505, 9248375.355135841295123 ], [ 523313.208363802812528, 9248376.581710880622268 ] ] ] } },
{ "type": "Feature", "properties": { "id": 421, "area_m2": 228.73682703989718, "status": "candidate - needs field verification" }, "geometry": { "type": "Polygon", "coordinates": [ [ [ 523190.032079999975394, 9248375.968400001525879 ], [ 523180.460759999987204, 9248375.968400001525879 ], [ 523175.191699999966659, 9248367.557240001857281 ], [ 523171.03446, 9248369.490840001031756 ], [ 523164.21852, 9248364.125100001692772 ], [ 523166.973899999982677, 9248362.723240001127124 ], [ 523170.88944, 9248365.52696000225842 ], [ 523173.451460000011139, 9248363.980080001056194 ], [ 523172.049599999969359, 9248354.988840000703931 ], [ 523178.23712, 9248351.266660001128912 ], [ 523181.862619999970775, 9248358.13094000145793 ], [ 523179.010559999966063, 9248359.774500001221895 ], [ 523176.35186, 9248357.599200000986457 ], [ 523176.303520000015851, 9248361.998140001669526 ], [ 523182.53937999997288, 9248359.09774000197649 ], [ 523183.69954, 9248361.901460001245141 ], [ 523181.18585999996867, 9248363.931740000844002 ], [ 523190.032079999975394, 9248375.968400001525879 ] ] ] } },
{ "type": "Feature", "properties": { "id": 422, "area_m2": 22.897868125238031, "status": "candidate - needs field verification" }, "geometry": { "type": "Polygon", "coordinates": [ [ [ 523176.20684, 9248375.968400001525879 ], [ 523173.403119999973569, 9248375.871720001101494 ], [ 523171.662880000018049, 9248372.294560002163053 ], [ 523171.469519999984186, 9248371.134400000795722 ], [ 523171.759559999976773, 9248370.360960001125932 ], [ 523172.823039999988396, 9248369.780880002304912 ], [ 523174.466599999985192, 9248369.829220000654459 ], [ 523176.303520000015851, 9248372.53626000136137 ], [ 523176.303520000015851, 9248374.131480000913143 ], [ 523176.835260000021663, 9248374.759900001809001 ], [ 523176.20684, 9248375.968400001525879 ] ] ] } },
{ "type": "Feature", "properties": { "id": 423, "area_m2": 22.045085851046963, "status": "candidate - needs field verification" }, "geometry": { "type": "Polygon", "coordinates": [ [ [ 523168.526731331832707, 9248376.372236892580986 ], [ 523167.795679999981076, 9248373.213020000606775 ], [ 523166.711647972464561, 9248369.847416939213872 ], [ 523169.353281959309243, 9248369.195985814556479 ], [ 523169.874299999966752, 9248369.974240001291037 ], [ 523171.324499999987893, 9248373.116340002045035 ], [ 523171.933271133399103, 9248375.532178781926632 ], [ 523168.526731331832707, 9248376.372236892580986 ] ] ] } },
{ "type": "Feature", "properties": { "id": 424, "area_m2": 27.004716094358823, "status": "candidate - needs field verification" }, "geometry": { "type": "Polygon", "coordinates": [ [ [ 523161.946539999975357, 9248375.968400001525879 ], [ 523160.447999999974854, 9248373.841440001502633 ], [ 523160.351320000016131, 9248372.05286000110209 ], [ 523164.943619999976363, 9248370.360960001125932 ], [ 523165.71706, 9248371.231080001220107 ], [ 523166.490500000014435, 9248374.518200000748038 ], [ 523167.36062, 9248375.968400001525879 ], [ 523161.946539999975357, 9248375.968400001525879 ] ] ] } },
{ "type": "Feature", "properties": { "id": 425, "area_m2": 440.83712258591282, "status": "candidate - needs field verification" }, "geometry": { "type": "Polygon", "coordinates": [ [ [ 523150.103240000025835, 9248375.968400001525879 ], [ 523145.80098, 9248375.968400001525879 ], [ 523143.819039999973029, 9248367.847280001267791 ], [ 523126.8517, 9248371.617800001055002 ], [ 523126.948380000016186, 9248362.578220002353191 ], [ 523142.94892, 9248362.143160002306104 ], [ 523138.59832, 9248360.35458000190556 ], [ 523134.05436, 9248343.918980002403259 ], [ 523126.8517, 9248346.771040001884103 ], [ 523126.8517, 9248340.680200001224875 ], [ 523141.788760000024922, 9248333.767580000683665 ], [ 523146.381059999985155, 9248340.148460000753403 ], [ 523141.498719999974128, 9248344.499060001224279 ], [ 523150.103240000025835, 9248375.968400001525879 ] ] ] } },
{ "type": "Feature", "properties": { "id": 426, "area_m2": 44.432239362457622, "status": "candidate - needs field verification" }, "geometry": { "type": "Polygon", "coordinates": [ [ [ 523126.8517, 9248374.663220001384616 ], [ 523129.945460000017192, 9248374.131480000913143 ], [ 523130.863919999974314, 9248372.53626000136137 ], [ 523132.84586, 9248372.82630000077188 ], [ 523139.855159999977332, 9248370.941040001809597 ], [ 523141.547060000011697, 9248375.630020001903176 ], [ 523126.948380000016186, 9248375.968400001525879 ], [ 523126.8517, 9248374.663220001384616 ] ] ] } }
]
}
